Age,Breed,Gender
Adult,Domestic Medium Hair,Female
Adult,Domestic Long Hair,Male
Adult,Domestic Short Hair,Female
Adult,Domestic Short Hair,Male
Senior,Domestic Short Hair,Female
Young,Domestic Short Hair,Female
Senior,Domestic Short Hair,Male
Adult,Domestic Short Hair,Female
Young,Domestic Short Hair,Female
Adult,Domestic Short Hair,Female
Senior,Domestic Long Hair,Female
Young,Domestic Short Hair,Female
Adult,Domestic Short Hair,Male
Senior,Domestic Short Hair,Male
Adult,Domestic Short Hair,Male
Senior,Domestic Short Hair,Female
Adult,Domestic Long Hair,Male
Senior,Domestic Long Hair,Female
Senior,Domestic Short Hair,Male
Adult,Domestic Long Hair Mix,Female
Adult,Domestic Short Hair,Female
Adult,Domestic Short Hair,Male
Adult,Tuxedo,Female
Adult,Dilute Calico,Female
Adult,Domestic Short Hair,Male
Adult,Domestic Short Hair,Female
Senior,Domestic Short Hair,Female
Adult,Domestic Short Hair,Female
Adult,Domestic Short Hair,Female
Young,Domestic Short Hair Mix,Female
Senior,Domestic Long Hair Mix,Male
Adult,Domestic Short Hair,Female
Adult,Domestic Short Hair,Female
Adult,Tuxedo,Female
Adult,Domestic Short Hair,Female
Adult,Tuxedo Mix,Female
Adult,Domestic Short Hair,Female
Adult,Domestic Short Hair Mix,Male
Adult,Domestic Short Hair,Male
Young,Domestic Short Hair,Male
Kitten,Domestic Short Hair,Female
Adult,Domestic Long Hair,Male
Adult,Domestic Short Hair,Male
Adult,Domestic Long Hair,Male
Young,Domestic Long Hair,Female
Adult,Domestic Short Hair Mix,Female
Adult,Domestic Short Hair & Tabby Mix,Male
Adult,Domestic Short Hair Mix,Male
Young,Domestic Medium Hair & Tiger Mix,Female
Adult,Domestic Long Hair Mix,Female
Adult,Domestic Short Hair Mix,Male
Adult,Domestic Short Hair Mix,Male
Adult,Domestic Short Hair & Tiger Mix,Female
Adult,Tabby,Male
Adult,Domestic Short Hair Mix,Male
Young,Domestic Short Hair Mix,Female
Adult,Domestic Short Hair,Male
Young,Domestic Short Hair Mix,Female
Adult,Domestic Short Hair Mix,Female
Young,Tiger,Male
Adult,Domestic Short Hair & Tabby Mix,Male
Young,Domestic Short Hair Mix,Female
Adult,Calico Mix,Female
Young,Domestic Medium Hair Mix,Female
Young,Domestic Short Hair & Tiger Mix,Female
Adult,Domestic Short Hair,Female
Young,Domestic Short Hair,Male
Young,Domestic Short Hair Mix,Female
Adult,Domestic Short Hair Mix,Male
Adult,Domestic Short Hair & Tiger Mix,Male
Adult,Domestic Medium Hair Mix,Male
Young,Domestic Short Hair Mix,Male
Adult,Domestic Short Hair & Tiger Mix,Male
Adult,Domestic Short Hair & Tiger Mix,Male
Senior,Domestic Medium Hair & Calico Mix,Female
Adult,Domestic Medium Hair Mix,Female
Young,Domestic Short Hair,Male
Adult,Domestic Medium Hair Mix,Female
Adult,Domestic Short Hair Mix,Male
Adult,Domestic Medium Hair Mix,Female
Young,Domestic Medium Hair Mix,Female
Young,Domestic Short Hair Mix,Male
Adult,Domestic Long Hair Mix,Male
Adult,Domestic Short Hair Mix,Male
Adult,Domestic Medium Hair Mix,Female
Adult,Domestic Short Hair,Male
Adult,Domestic Short Hair Mix,Female
Adult,Domestic Short Hair Mix,Male
Adult,Domestic Short Hair,Female
Adult,Domestic Short Hair Mix,Female
Adult,Domestic Medium Hair Mix,Male
Young,Domestic Short Hair & Tiger Mix,Female
Young,Domestic Short Hair & Tiger Mix,Female
Young,Domestic Short Hair,Female
Adult,Domestic Short Hair Mix,Female
Adult,Domestic Medium Hair & Tiger Mix,Male
Adult,Domestic Medium Hair Mix,Male
Adult,Siamese Mix,Female
Young,Domestic Short Hair & Tortoiseshell Mix,Female
Adult,Domestic Short Hair & Tiger Mix,Male
Young,Domestic Medium Hair,Female
Adult,Domestic Medium Hair & Tiger Mix,Female
Adult,Domestic Long Hair Mix,Female
Adult,Domestic Short Hair Mix,Female
Adult,Domestic Short Hair,Female
Young,Domestic Short Hair Mix,Male
Adult,Domestic Short Hair Mix,Male
Adult,Domestic Medium Hair Mix,Male
Adult,Domestic Long Hair,Male
Adult,Domestic Medium Hair & Tiger Mix,Female
Young,Domestic Short Hair Mix,Female
Young,Domestic Short Hair,Female
Young,Domestic Short Hair,Female
Adult,Domestic Short Hair,Female
Young,Domestic Medium Hair Mix,Female
Young,Domestic Short Hair,Female
Young,Domestic Short Hair,Female
Young,Domestic Short Hair,Female
Adult,Domestic Short Hair & Tiger Mix,Female
Young,Domestic Short Hair,Female
Young,Domestic Short Hair,Male
Adult,Domestic Short Hair,Female
Adult,Domestic Short Hair & Tiger Mix,Male
Young,Domestic Short Hair Mix,Female
Adult,Domestic Short Hair & Calico Mix,Female
Adult,Domestic Short Hair,Female
Adult,Himalayan Mix,Female
Adult,Domestic Short Hair & Tiger Mix,Male
Young,Domestic Short Hair Mix,Female
Adult,Domestic Long Hair & Tabby Mix,Female
Adult,Domestic Short Hair,Female
Adult,Domestic Short Hair,Male
Young,Calico,Female
Adult,Domestic Short Hair,Male
Young,Domestic Short Hair,Male
Young,Domestic Short Hair & Tortoiseshell Mix,Female
Adult,Domestic Short Hair & Calico Mix,Female
Adult,Domestic Medium Hair Mix,Female
Young,Domestic Short Hair & Tabby Mix,Male
Young,Domestic Medium Hair,Male
Adult,Domestic Short Hair,Male
Adult,Domestic Short Hair,Male
Adult,Domestic Medium Hair & Dilute Calico Mix,Female
Young,Domestic Medium Hair,Female
Young,Domestic Short Hair,Male
Young,Domestic Short Hair,Female
Young,Domestic Short Hair,Female
Adult,Domestic Short Hair Mix,Male
Young,Domestic Short Hair Mix,Female
Adult,Domestic Long Hair,Male
Young,Domestic Short Hair & Tiger Mix,Female
Adult,Tortoiseshell,Female
Young,Domestic Short Hair & Tiger Mix,Male
Young,Domestic Short Hair,Male
Young,Domestic Medium Hair,Female
Young,Domestic Short Hair & Tiger Mix,Male
Young,Domestic Short Hair & Tiger Mix,Male
Young,Domestic Short Hair & Tiger Mix,Male
Young,Domestic Short Hair & Tiger Mix,Female
Adult,Domestic Short Hair Mix,Female
Senior,Domestic Medium Hair Mix,Female
Adult,Calico,Female
Young,Domestic Short Hair,Male
Adult,Domestic Short Hair,Male
Adult,Domestic Short Hair Mix,Male
Adult,Siamese,Female
Young,Domestic Medium Hair & Tiger Mix,Male
Adult,Domestic Short Hair,Male
Adult,Domestic Short Hair & Calico Mix,Female
Adult,Domestic Medium Hair Mix,Male
Young,Domestic Short Hair Mix,Male
Adult,Domestic Short Hair Mix,Female
Adult,Domestic Short Hair,Female
Young,Calico,Female
Young,Domestic Short Hair,Female
Adult,Domestic Short Hair,Female
Adult,Domestic Short Hair,Female
Adult,Domestic Short Hair Mix,Female
Adult,Domestic Short Hair,Female
Adult,Domestic Medium Hair,Male
Adult,Domestic Short Hair,Female
Adult,Domestic Short Hair,Male
Adult,Domestic Short Hair,Male
Adult,Domestic Short Hair,Female
Young,Domestic Short Hair,Male
Adult,Domestic Short Hair,Female
Adult,Domestic Short Hair Mix,Male
Adult,Domestic Medium Hair,Female
Adult,Domestic Short Hair,Male
Adult,Domestic Short Hair & Tortoiseshell Mix,Female
Adult,Domestic Short Hair,Male
Adult,Domestic Short Hair,Female
Adult,Domestic Short Hair,Female
Young,Domestic Short Hair,Male
Adult,Domestic Short Hair Mix,Female
Adult,Domestic Short Hair & Tiger Mix,Female
Adult,Domestic Medium Hair,Female
Adult,Domestic Short Hair,Male
Senior,Domestic Medium Hair,Female
Adult,Domestic Short Hair,Male
Adult,Calico,Female
Adult,Domestic Short Hair,Female
Young,Domestic Short Hair,Male
Young,Domestic Long Hair,Female
Young,Domestic Short Hair,Male
Adult,Domestic Medium Hair Mix,Male
Adult,Domestic Short Hair & Tiger Mix,Female
Young,Domestic Short Hair,Female
Adult,Domestic Short Hair,Female
Adult,Domestic Short Hair,Female
Adult,Domestic Short Hair,Female
Young,Domestic Short Hair & Tiger Mix,Female
Young,Domestic Short Hair & Tiger Mix,Female
Adult,Domestic Short Hair,Female
Adult,Domestic Short Hair,Male
Senior,Domestic Short Hair Mix,Female
Senior,Siamese Mix,Male
Senior,Siamese Mix,Male
Adult,Domestic Short Hair Mix,Male
Adult,Domestic Medium Hair,Female
Adult,Domestic Short Hair,Male
Adult,Domestic Short Hair Mix,Female
Adult,Domestic Short Hair,Male
Adult,Domestic Short Hair & Tortoiseshell Mix,Female
Senior,Domestic Short Hair,Female
Adult,Domestic Short Hair,Female
Adult,Domestic Short Hair,Female
Adult,Domestic Short Hair,Female
Senior,Domestic Short Hair,Female
Adult,Domestic Short Hair,Female
Young,Domestic Short Hair,Female
Senior,Domestic Short Hair,Female
Adult,Domestic Long Hair,Female
Adult,Calico,Female
Adult,Tortoiseshell,Female
Adult,Domestic Short Hair & Tabby Mix,Male
Adult,Domestic Short Hair,Male
Adult,Domestic Short Hair,Female
Adult,Domestic Medium Hair,Female
Adult,Domestic Medium Hair,Male
Adult,Domestic Short Hair & Tiger Mix,Male
Adult,Tiger,Female
Adult,Domestic Short Hair,Female
Adult,Domestic Medium Hair & Tiger Mix,Male
Adult,Domestic Short Hair,Male
Adult,Tabby,Female
Adult,Domestic Short Hair,Male
Adult,Domestic Short Hair,Male
Adult,Domestic Short Hair,Male
Adult,Domestic Short Hair,Female
Adult,Domestic Medium Hair,Female
Adult,Domestic Short Hair Mix,Male
Adult,Domestic Short Hair,Female
Adult,Domestic Medium Hair,Male
Adult,Domestic Medium Hair,Male
Adult,Tortoiseshell,Female
Adult,Domestic Medium Hair & Tiger Mix,Female
Adult,Domestic Medium Hair & Tiger Mix,Female
Young,Domestic Short Hair Mix,Female
Young,Domestic Short Hair & Tiger Mix,Male
Adult,Domestic Short Hair Mix,Female
Adult,Domestic Short Hair & Tabby Mix,Female
Adult,Domestic Short Hair,Female
Young,Domestic Medium Hair,Female
Adult,Domestic Short Hair,Female
Adult,Domestic Short Hair,Female
Young,Domestic Short Hair,Male
Adult,Tiger,Female
Senior,Tiger,Female
Adult,Domestic Short Hair & Tiger Mix,Female
Adult,Maine Coon,Male
Adult,Domestic Short Hair & Tiger Mix,Female
Adult,Domestic Medium Hair,Male
Adult,Tiger,Female
Adult,Domestic Medium Hair,Female
Adult,Domestic Short Hair,Male
Adult,Domestic Short Hair,Male
Adult,Domestic Short Hair & Tiger Mix,Male
Adult,Domestic Short Hair,Male
Senior,Domestic Short Hair,Female
Adult,Domestic Short Hair & Tiger Mix,Male
Adult,Domestic Short Hair,Female
Adult,Domestic Short Hair,Male
Adult,Domestic Medium Hair,Male
Young,Domestic Short Hair & Tiger Mix,Male
Young,Domestic Short Hair,Female
Adult,Domestic Short Hair,Male
Adult,Domestic Short Hair,Male
Adult,Domestic Short Hair,Male
Senior,Domestic Short Hair & Tiger Mix,Female
Adult,Domestic Short Hair,Female
Adult,Domestic Short Hair,Female
Adult,Domestic Short Hair,Male
Adult,Domestic Short Hair,Female
Young,Domestic Medium Hair,Female
Adult,Domestic Short Hair,Male
Adult,Domestic Short Hair,Male
Adult,Domestic Short Hair,Female
Adult,Domestic Short Hair,Male
Adult,Domestic Medium Hair,Female
Adult,Domestic Medium Hair,Female
Young,Siamese Mix,Male
Adult,Tiger,Male
Adult,Tiger,Male
Adult,Domestic Long Hair,Female
Kitten,Domestic Short Hair,Female
Senior,Domestic Short Hair,Female
Senior,Domestic Short Hair,Female
Adult,Domestic Short Hair,Male
Adult,Siamese,Male
Young,Domestic Medium Hair,Female
Adult,Dilute Tortoiseshell,Female
Adult,Domestic Short Hair,Male
Senior,Domestic Short Hair,Female
Adult,Domestic Short Hair,Male
Adult,Domestic Short Hair,Male
Adult,Domestic Short Hair,Male
Adult,Domestic Short Hair & Tiger Mix,Female
Adult,Maine Coon & Tiger Mix,Male
Adult,Tabby,Male
Adult,Domestic Short Hair & Tiger Mix,Male
Adult,Domestic Short Hair,Female
Adult,Domestic Short Hair,Male
Adult,Domestic Medium Hair,Male
Young,Domestic Short Hair & Tiger Mix,Male
Young,Domestic Short Hair,Female
Adult,Domestic Short Hair,Male
Adult,Domestic Short Hair,Male
Adult,Domestic Short Hair,Male
Senior,Domestic Short Hair & Tiger Mix,Female
Adult,Domestic Short Hair,Female
Adult,Domestic Short Hair,Female
Adult,Domestic Short Hair,Male
Adult,Domestic Short Hair,Female
Young,Domestic Medium Hair,Female
Adult,Domestic Short Hair,Male
Adult,Domestic Short Hair,Male
Adult,Domestic Short Hair,Female
Adult,Domestic Short Hair,Male
Adult,Domestic Medium Hair,Female
Adult,Domestic Medium Hair,Female
Young,Siamese Mix,Male
Adult,Tiger,Male
Adult,Tiger,Male
Adult,Domestic Long Hair,Female
Kitten,Domestic Short Hair,Female
Senior,Domestic Short Hair,Female
Senior,Domestic Short Hair,Female
Adult,Domestic Short Hair,Male
Adult,Siamese,Male
Young,Domestic Medium Hair,Female
Adult,Dilute Tortoiseshell,Female
Adult,Domestic Short Hair,Male
Senior,Domestic Short Hair,Female
Adult,Domestic Short Hair,Male
Adult,Domestic Short Hair,Male
Adult,Domestic Short Hair,Male
Adult,Domestic Short Hair & Tiger Mix,Female
Adult,Maine Coon & Tiger Mix,Male
Adult,Tabby,Male
Adult,Domestic Short Hair,Female
Adult,Domestic Short Hair,Female
Young,Tiger,Female
Young,Domestic Short Hair,Male
Adult,Domestic Short Hair & Tiger Mix,Female
Adult,Domestic Short Hair,Female
Adult,Domestic Short Hair,Male
Adult,Domestic Short Hair,Female
Adult,Tiger,Male
Adult,Tiger,Male
Adult,Domestic Short Hair,Female
Adult,Tiger,Male
Adult,Domestic Medium Hair,Male
Adult,Domestic Short Hair,Female
Adult,Domestic Short Hair,Male
Young,Domestic Short Hair,Female
Young,Tiger,Female
Adult,Domestic Short Hair,Female
Young,Calico,Female
Adult,Tiger,Male
Young,Domestic Short Hair,Female
Young,Tortoiseshell,Female
Adult,Domestic Medium Hair,Male
Adult,Domestic Short Hair,Male
Young,Tiger,Female
Adult,Domestic Short Hair,Female
Young,Domestic Short Hair,Male
Adult,Domestic Short Hair,Male
Adult,Tiger,Female
Adult,Domestic Short Hair,Male
Adult,Maine Coon & Tabby Mix,Female
Adult,Domestic Short Hair,Female
Adult,Domestic Medium Hair,Male
Adult,Domestic Short Hair,Female
Senior,Himalayan,Male
Senior,Himalayan,Female
Adult,Domestic Short Hair,Male
Adult,Domestic Short Hair,Male
Adult,Domestic Short Hair,Female
Adult,Domestic Short Hair,Male
Young,Domestic Long Hair,Female
Adult,Domestic Short Hair,Female
Adult,Tiger,Female
Adult,Domestic Short Hair,Male
Adult,Tiger,Female
Adult,Domestic Short Hair,Female
Adult,Himalayan Mix,Male
Senior,Persian Mix,Male
Adult,Maine Coon,Male
Adult,Tiger,Female
Young,Domestic Short Hair,Male
Young,Domestic Short Hair,Male
Young,Domestic Short Hair,Male
Adult,Calico,Female
Young,Calico,Female
Adult,Domestic Short Hair,Male
Adult,Maine Coon,Male
Senior,Domestic Short Hair,Male
Adult,Domestic Medium Hair,Female
Adult,Domestic Short Hair,Female
Adult,Maine Coon & Tiger Mix,Male
Young,Calico,Female
Adult,Siamese,Female
Adult,Domestic Short Hair,Male
Adult,Tiger,Female
Adult,Domestic Short Hair,Male
Adult,Domestic Short Hair,Female
Adult,Tabby,Male
Young,Domestic Short Hair,Female
Adult,Domestic Long Hair,Female
Adult,Siamese,Male
Adult,Domestic Short Hair,Male
Adult,Domestic Medium Hair,Male
Adult,Domestic Medium Hair,Male
Adult,Domestic Short Hair,Male
Adult,Tortoiseshell,Female
Adult,Domestic Short Hair,Male
Adult,Domestic Medium Hair,Male
Young,Tiger,Male
Senior,Domestic Medium Hair,Female
Adult,Domestic Long Hair,Male
Adult,Domestic Short Hair,Female
Adult,Domestic Short Hair Mix,Male
Adult,Domestic Short Hair,Female
Adult,Domestic Medium Hair,Female
Young,Tiger,Female
Adult,Tiger,Male
Adult,Domestic Short Hair,Female
Adult,Tiger,Male
Adult,Siamese,Female
Adult,Tiger,Male
Adult,Domestic Short Hair,Female
Adult,Calico,Female
Senior,Calico,Female
Adult,Domestic Short Hair,Female
Adult,Domestic Short Hair,Female
Adult,Domestic Short Hair & Tabby Mix,Female
Senior,Calico,Female
Adult,Domestic Short Hair,Male
Young,Domestic Short Hair,Female
Senior,Domestic Short Hair,Male
Adult,Domestic Long Hair,Male
Young,Tiger,Female
Senior,Domestic Short Hair,Female
Senior,Tabby,Female
Adult,Domestic Short Hair,Male
Young,Domestic Short Hair & Tiger Mix,Female
Adult,Tiger,Female
Young,Tiger,Female
Adult,Tiger & Domestic Short Hair Mix,Female
Adult,Domestic Medium Hair,Male
Adult,Tiger,Male
Adult,Domestic Short Hair,Female
Adult,Tiger,Male
Adult,Domestic Long Hair,Female
Adult,Tuxedo,Female
Adult,Domestic Short Hair,Female
Senior,Domestic Short Hair & Tabby Mix,Female
Adult,Domestic Short Hair,Female
Adult,Domestic Long Hair,Female
Adult,Calico,Female
Young,Domestic Short Hair & Tiger Mix,Female
Adult,Tiger,Male
Adult,Domestic Medium Hair,Male
Young,Domestic Short Hair & Tiger Mix,Male
Senior,Domestic Short Hair & Tiger Mix,Male
Young,Domestic Short Hair,Male
Young,Domestic Long Hair,Male
Senior,Tiger,Female
Adult,Domestic Medium Hair,Female
Adult,Domestic Short Hair,Female
Adult,Domestic Short Hair,Male
Adult,Domestic Short Hair & Tiger Mix,Female
Young,Tiger,Male
Adult,Tiger,Female
Adult,Calico,Female
Adult,Domestic Short Hair,Female
Young,Siamese,Male
Adult,Domestic Short Hair,Male
Adult,Tiger,Male
Senior,Domestic Short Hair,Female
Adult,Tiger,Male
Young,Domestic Short Hair,Female
Adult,Tortoiseshell,Female
Young,Calico,Female
Young,Domestic Short Hair,Female
Adult,Domestic Short Hair,Female
Adult,Domestic Long Hair,Male
Adult,Domestic Short Hair,Female
Young,Maine Coon,Female
Adult,Maine Coon,Female
Adult,Domestic Medium Hair,Female
Adult,Domestic Short Hair,Male
Young,Siamese,Male
Senior,Domestic Short Hair,Male
Adult,Domestic Long Hair,Male
Adult,Domestic Short Hair & Tiger Mix,Male
Adult,Domestic Short Hair,Male
Adult,Domestic Medium Hair,Female
Senior,Himalayan,Male
Adult,Domestic Short Hair,Female
Young,Domestic Medium Hair,Female
Young,Tiger,Female
Young,Tabby & Domestic Medium Hair Mix,Male
Kitten,Tiger,Female
Young,Domestic Short Hair,Male
Senior,Domestic Short Hair,Male
Senior,Domestic Short Hair,Female
Young,Tortoiseshell,Female
Adult,Tortoiseshell,Female
Young,Domestic Medium Hair,Female
Young,Domestic Medium Hair,Female
Adult,Domestic Short Hair & Tiger Mix,Female
Young,Domestic Short Hair & Calico Mix,Female
Young,Domestic Short Hair & Tiger Mix,Female
Senior,Calico & Domestic Short Hair Mix,Female
Young,Domestic Short Hair & Tiger Mix,Male
Adult,Domestic Short Hair,Male
Senior,Domestic Medium Hair,Male
Adult,Domestic Short Hair,Male
Adult,Domestic Long Hair,Male
Young,Domestic Short Hair,Female
Adult,Domestic Short Hair,Female
Adult,Dilute Tortoiseshell,Female
Young,Tiger,Female
Adult,Tiger,Male
Adult,Tiger,Male
Adult,Domestic Short Hair,Male
Young,Domestic Short Hair,Male
Young,Domestic Short Hair,Female
Young,Tiger & Domestic Long Hair Mix,Female
Young,Domestic Short Hair,Male
Adult,Domestic Medium Hair & Tiger Mix,Female
Adult,Birman,Male
Young,Domestic Short Hair,Female
Young,Domestic Short Hair,Female
Adult,Domestic Short Hair,Female
Young,Domestic Short Hair,Female
Adult,Himalayan,Female
Adult,Himalayan,Female
Adult,Domestic Short Hair,Female
Young,Domestic Medium Hair,Female
Young,Tiger,Female
Young,Tabby & Domestic Medium Hair Mix,Male
Kitten,Tiger,Female
Young,Domestic Short Hair,Male
Senior,Domestic Short Hair,Male
Senior,Domestic Short Hair,Female
Young,Tortoiseshell,Female
Adult,Tortoiseshell,Female
Young,Domestic Medium Hair,Female
Young,Domestic Medium Hair,Female
Adult,Domestic Short Hair & Tiger Mix,Female
Young,Domestic Short Hair & Calico Mix,Female
Young,Domestic Short Hair & Tiger Mix,Female
Senior,Calico & Domestic Short Hair Mix,Female
Young,Domestic Short Hair & Tiger Mix,Male
Adult,Domestic Short Hair,Male
Senior,Domestic Medium Hair,Male
Adult,Domestic Short Hair,Male
Adult,Domestic Long Hair,Male
Young,Domestic Short Hair,Female
Adult,Domestic Short Hair,Female
Adult,Dilute Tortoiseshell,Female
Young,Tiger,Female
Adult,Tiger,Male
Adult,Tiger,Male
Adult,Domestic Short Hair,Male
Young,Domestic Short Hair,Male
Young,Domestic Short Hair,Female
Young,Tiger & Domestic Long Hair Mix,Female
Young,Domestic Short Hair,Male
Adult,Domestic Medium Hair & Tiger Mix,Female
Adult,Birman,Male
Young,Domestic Short Hair,Female
Young,Domestic Short Hair,Female
Adult,Domestic Short Hair,Female
Young,Domestic Short Hair,Female
Adult,Himalayan,Female
Adult,Himalayan,Female
Adult,Domestic Short Hair,Male
Adult,Domestic Medium Hair,Female
Senior,Domestic Short Hair & Tortoiseshell Mix,Female
Adult,Domestic Short Hair,Female
Young,Calico,Female
Young,Domestic Medium Hair,Female
Adult,Domestic Medium Hair,Female
Senior,Domestic Short Hair,Female
Adult,Domestic Short Hair,Male
Adult,Domestic Short Hair,Male
Adult,Tiger,Female
Young,Domestic Short Hair,Male
Adult,Domestic Short Hair,Male
Adult,Domestic Short Hair & Calico Mix,Female
Adult,Domestic Short Hair,Female
Adult,Domestic Medium Hair,Female
Adult,Domestic Long Hair,Female
Young,Domestic Medium Hair & Calico Mix,Female
Adult,Domestic Short Hair,Male
Adult,Domestic Short Hair,Male
Young,Domestic Medium Hair,Female
Adult,Domestic Medium Hair,Female
Adult,Domestic Short Hair & Tiger Mix,Female
Adult,Domestic Short Hair,Male
Senior,Domestic Long Hair,Female
Adult,Domestic Short Hair & Tiger Mix,Female
Adult,Domestic Medium Hair,Female
Adult,Domestic Short Hair,Female
Adult,Domestic Short Hair & Tiger Mix,Female
Adult,Domestic Short Hair,Male
Young,Domestic Short Hair,Male
Adult,Domestic Short Hair,Male
Adult,Domestic Short Hair & Tortoiseshell Mix,Female
Adult,Tortoiseshell,Female
Adult,Domestic Medium Hair,Female
Young,Domestic Short Hair & Tiger Mix,Female
Adult,Domestic Short Hair,Male
Adult,Domestic Short Hair,Female
Adult,Domestic Medium Hair & Maine Coon Mix,Female
Young,Domestic Short Hair & Tortoiseshell Mix,Female
Adult,Domestic Short Hair,Male
Adult,Domestic Short Hair,Male
Young,Domestic Short Hair & Tortoiseshell Mix,Female
Senior,Calico,Female
Adult,Domestic Medium Hair,Male
Adult,Siamese & Snowshoe Mix,Female
Young,Domestic Short Hair,Male
Adult,Domestic Long Hair,Female
Adult,Domestic Short Hair Mix,Female
Adult,Domestic Short Hair,Male
Young,Domestic Short Hair,Female
Adult,Domestic Short Hair,Female
Adult,Domestic Medium Hair,Male
Adult,Maine Coon & Tiger Mix,Male
Adult,Domestic Medium Hair,Female
Young,Domestic Short Hair,Male
Young,Domestic Short Hair & Tiger Mix,Male
Adult,Domestic Short Hair,Female
Adult,Domestic Short Hair & Tiger Mix,Male
Adult,Domestic Long Hair Mix,Female
Adult,Domestic Short Hair,Female
Young,Domestic Short Hair,Female
Adult,Calico,Female
Young,Domestic Short Hair,Female
Adult,Domestic Short Hair,Female
Adult,Maine Coon & Tiger Mix,Female
Young,Domestic Long Hair,Male
Young,Domestic Short Hair & Tortoiseshell Mix,Female
Adult,Domestic Short Hair & Tiger Mix,Male
Adult,Domestic Short Hair & Tiger Mix,Male
Adult,Domestic Long Hair,Female
Young,Domestic Short Hair Mix,Female
Young,Tiger,Female
Adult,Domestic Short Hair,Male
Young,Domestic Short Hair,Male
Young,Domestic Short Hair & Tiger Mix,Male
Young,Domestic Short Hair,Female
Adult,Domestic Short Hair,Male
Young,Domestic Long Hair,Female
Young,Domestic Short Hair,Female
Adult,Tortoiseshell,Female
Young,Domestic Short Hair & Tabby Mix,Male
Young,Domestic Short Hair & Tiger Mix,Female
Young,Maine Coon & Tiger Mix,Female
Young,Domestic Short Hair,Male
Adult,Domestic Medium Hair,Male
Adult,Tiger,Male
Adult,Domestic Short Hair,Male
Young,Domestic Medium Hair,Male
Young,Domestic Medium Hair,Male
Adult,Domestic Medium Hair,Male
Young,Domestic Short Hair,Male
Adult,Domestic Short Hair,Male
Adult,Domestic Short Hair,Male
Adult,Domestic Short Hair & Tiger Mix,Female
Young,Tortoiseshell,Female
Adult,Domestic Medium Hair,Male
Young,Domestic Short Hair,Male
Adult,Domestic Short Hair,Female
Adult,Domestic Short Hair & Tiger Mix,Male
Adult,Domestic Short Hair,Male
Adult,Domestic Short Hair,Male
Adult,Domestic Short Hair,Male
Young,Domestic Short Hair,Female
Young,Domestic Short Hair & Tiger Mix,Female
Adult,Siamese,Female
Young,Domestic Short Hair,Female
Young,Domestic Short Hair,Male
Adult,Domestic Short Hair & Tiger Mix,Male
Adult,Domestic Short Hair,Female
Young,Domestic Long Hair,Male
Young,Domestic Short Hair & Tiger Mix,Female
Adult,Domestic Medium Hair,Female
Young,Domestic Short Hair,Male
Young,Domestic Short Hair,Female
Adult,Domestic Short Hair Mix,Female
Adult,Domestic Short Hair,Male
Adult,Domestic Medium Hair,Female
Young,Domestic Short Hair,Male
Adult,Domestic Short Hair,Male
Adult,Tortoiseshell,Female
Young,Domestic Short Hair & Tabby Mix,Male
Young,Domestic Short Hair & Tiger Mix,Female
Young,Maine Coon & Tiger Mix,Female
Young,Domestic Short Hair,Male
Adult,Domestic Medium Hair,Male
Adult,Tiger,Male
Adult,Domestic Short Hair,Male
Young,Domestic Medium Hair,Male
Young,Domestic Medium Hair,Male
Adult,Domestic Medium Hair,Male
Young,Domestic Short Hair,Male
Adult,Domestic Short Hair,Male
Adult,Domestic Short Hair,Male
Adult,Domestic Short Hair & Tiger Mix,Female
Young,Tortoiseshell,Female
Adult,Domestic Medium Hair,Male
Young,Domestic Short Hair,Male
Adult,Domestic Short Hair,Female
Adult,Domestic Short Hair & Tiger Mix,Male
Adult,Domestic Short Hair,Male
Adult,Domestic Short Hair,Male
Adult,Domestic Short Hair,Male
Young,Domestic Short Hair,Female
Young,Domestic Short Hair & Tiger Mix,Female
Adult,Siamese,Female
Young,Domestic Short Hair,Female
Young,Domestic Short Hair,Male
Adult,Domestic Short Hair & Tiger Mix,Male
Adult,Domestic Short Hair,Female
Young,Domestic Long Hair,Male
Young,Domestic Short Hair & Tiger Mix,Female
Adult,Domestic Medium Hair,Female
Young,Domestic Short Hair,Male
Young,Domestic Short Hair,Female
Adult,Domestic Short Hair Mix,Female
Adult,Domestic Short Hair,Male
Adult,Domestic Medium Hair,Female
Young,Domestic Short Hair,Male
Adult,Domestic Short Hair,Male
Adult,Tortoiseshell,Female
Young,Domestic Short Hair & Tabby Mix,Male
Young,Domestic Short Hair & Tiger Mix,Female
Young,Maine Coon & Tiger Mix,Female
Young,Domestic Short Hair,Male
Adult,Domestic Medium Hair,Male
Adult,Tiger,Male
Adult,Domestic Short Hair,Male
Young,Domestic Medium Hair,Male
Young,Domestic Medium Hair,Male
Adult,Domestic Medium Hair,Male
Young,Domestic Short Hair,Male
Adult,Domestic Short Hair,Male
Adult,Domestic Short Hair,Male
Adult,Domestic Short Hair & Tiger Mix,Female
Young,Tortoiseshell,Female
Adult,Domestic Medium Hair,Male
Young,Domestic Short Hair,Male
Adult,Domestic Short Hair,Female
Adult,Domestic Short Hair & Tiger Mix,Male
Adult,Domestic Short Hair,Male
Adult,Domestic Short Hair,Male
Adult,Domestic Short Hair,Male
Young,Domestic Short Hair,Female
Young,Domestic Short Hair & Tiger Mix,Female
Adult,Siamese,Female
Young,Domestic Short Hair,Female
Young,Domestic Short Hair,Male
Adult,Domestic Short Hair & Tiger Mix,Male
Adult,Domestic Short Hair,Female
Young,Domestic Long Hair,Male
Young,Domestic Short Hair & Tiger Mix,Female
Adult,Domestic Medium Hair,Female
Young,Domestic Short Hair,Male
Young,Domestic Short Hair,Female
Adult,Domestic Short Hair Mix,Female
Adult,Domestic Short Hair,Male
Adult,Domestic Medium Hair,Female
Young,Domestic Short Hair,Male
Adult,Domestic Short Hair,Male
Adult,Tiger,Female
Adult,Tiger,Female
Adult,Domestic Short Hair,Male
Senior,Tortoiseshell,Female
Adult,Domestic Short Hair,Female
Adult,Domestic Long Hair,Female
Adult,Domestic Short Hair,Male
Adult,Domestic Short Hair,Male
Adult,Domestic Short Hair,Male
Young,Domestic Short Hair & Tiger Mix,Male
Adult,Domestic Medium Hair,Male
Young,Tiger,Female
Adult,Domestic Medium Hair,Female
Adult,Maine Coon,Male
Young,Domestic Short Hair & Tabby Mix,Male
Adult,Domestic Medium Hair,Male
Young,Domestic Short Hair,Male
Adult,Domestic Short Hair,Male
Adult,Tiger,Male
Adult,Domestic Short Hair & Calico Mix,Female
Adult,Domestic Short Hair,Female
Adult,Tabby,Male
Adult,Domestic Short Hair & Tiger Mix,Male
Adult,Domestic Medium Hair,Female
Adult,Domestic Short Hair,Male
Young,Domestic Medium Hair,Female
Adult,Domestic Short Hair,Female
Adult,Domestic Short Hair,Female
Young,Domestic Medium Hair,Male
Adult,Domestic Short Hair,Female
Adult,Domestic Short Hair,Male
Adult,Tiger,Female
Young,Calico,Female
Adult,Domestic Short Hair & Calico Mix,Female
Senior,Domestic Long Hair & Tiger Mix,Male
Adult,Dilute Tortoiseshell,Female
Adult,Siamese Mix,Male
Adult,Domestic Short Hair,Male
Young,Tiger,Male
Adult,Domestic Short Hair & Tiger Mix,Male
Young,Domestic Long Hair,Male
Young,Domestic Short Hair & Tiger Mix,Female
Adult,Domestic Short Hair,Female
Senior,Domestic Short Hair,Male
Senior,Domestic Short Hair,Male
Adult,Domestic Long Hair & Tiger Mix,Female
Senior,Domestic Short Hair,Female
Adult,Maine Coon,Female
Adult,Domestic Long Hair,Male
Adult,Domestic Long Hair,Male
Adult,Domestic Long Hair & Dilute Tortoiseshell Mix,Female
Adult,Domestic Short Hair & Dilute Calico Mix,Female
Adult,Domestic Long Hair,Female
Senior,Domestic Short Hair,Female
Adult,Domestic Short Hair & Tiger Mix,Male
Adult,Domestic Short Hair & Tiger Mix,Male
Young,Domestic Short Hair & Tiger Mix,Male
Adult,Domestic Short Hair & Tabby Mix,Female
Young,Domestic Short Hair,Female
Adult,Calico,Female
Adult,Tiger,Female
Senior,Tabby,Male
Senior,Domestic Short Hair,Female
Young,Dilute Calico,Female
Adult,Domestic Short Hair,Female
Senior,Tiger,Male
Young,Domestic Short Hair,Female
Adult,Domestic Medium Hair,Male
Adult,Domestic Medium Hair,Male
Young,Domestic Short Hair & Tiger Mix,Female
Adult,Domestic Short Hair Mix,Female
Young,Domestic Short Hair & Tiger Mix,Female
Adult,Tortoiseshell,Female
Young,Domestic Short Hair,Female
Young,Dilute Calico,Female
Adult,Domestic Short Hair & Tabby Mix,Male
Young,Domestic Short Hair & Tabby Mix,Female
Young,Domestic Medium Hair & Tiger Mix,Male
Adult,Domestic Medium Hair,Female
Young,Domestic Short Hair,Male
Adult,Domestic Medium Hair & Tabby Mix,Male
Adult,Domestic Short Hair,Male
Adult,Domestic Short Hair,Female
Adult,Domestic Short Hair & Tiger Mix,Female
Young,Domestic Short Hair,Female
Young,Persian,Female
Adult,Domestic Short Hair & Maine Coon Mix,Male
Adult,Domestic Short Hair & Tiger Mix,Female
Young,Domestic Short Hair & Tabby Mix,Male
Adult,Calico & Dilute Calico Mix,Female
Adult,Domestic Medium Hair,Female
Adult,Domestic Short Hair & Tiger Mix,Female
Adult,Domestic Long Hair & Domestic Medium Hair Mix,Female
Adult,Calico,Female
Adult,Domestic Short Hair,Female
Adult,Domestic Short Hair,Male
Adult,Domestic Short Hair,Male
Adult,Domestic Short Hair,Male
Young,Domestic Short Hair,Male
Adult,Domestic Medium Hair,Male
Adult,Tiger & Domestic Short Hair Mix,Male
Adult,Tabby,Male
Adult,Domestic Short Hair & Tiger Mix,Female
Adult,Tiger,Male
Adult,Siamese Mix,Female
Adult,Domestic Short Hair & Tiger Mix,Male
Senior,Domestic Short Hair,Male
Adult,Tiger,Female
Adult,Domestic Short Hair,Female
Adult,Domestic Short Hair & Tiger Mix,Male
Adult,Domestic Short Hair,Male
Adult,Domestic Medium Hair & Tiger Mix,Female
Young,Himalayan,Male
Adult,Domestic Short Hair & Tiger Mix,Male
Adult,Domestic Short Hair,Male
Adult,Domestic Medium Hair & Tiger Mix,Female
Adult,Domestic Short Hair Mix,Female
Young,Calico,Female
Adult,Domestic Medium Hair,Female
Adult,Tiger & Domestic Short Hair Mix,Male
Adult,Manx Mix,Female
Adult,Domestic Short Hair,Male
Adult,Domestic Short Hair & Tiger Mix,Male
Adult,Domestic Short Hair,Female
Young,Domestic Short Hair,Female
Adult,Siamese & Domestic Medium Hair Mix,Male
Adult,Domestic Short Hair,Female
Young,Domestic Short Hair,Female
Adult,Domestic Short Hair,Female
Senior,Domestic Short Hair,Female
Young,Domestic Short Hair Mix,Female
Adult,Calico,Female
Young,Domestic Short Hair,Male
Adult,Domestic Short Hair,Female
Adult,Domestic Long Hair,Male
Adult,Domestic Long Hair,Female
Young,Domestic Short Hair,Male
Adult,Domestic Medium Hair,Female
Young,Domestic Short Hair,Male
Adult,Domestic Short Hair,Female
Young,Domestic Long Hair,Male
Adult,Domestic Short Hair & Tabby Mix,Male
Adult,Domestic Short Hair,Female
Young,Siamese,Male
Adult,Domestic Short Hair,Female
Adult,Domestic Short Hair,Female
Adult,Domestic Short Hair & Tiger Mix,Female
Adult,Domestic Medium Hair,Male
Senior,Domestic Short Hair & Tiger Mix,Female
Adult,Siamese,Female
Young,Tiger & Domestic Long Hair Mix,Female
Adult,Domestic Short Hair,Male
Adult,Domestic Short Hair,Male
Adult,Tortoiseshell,Female
Young,Maine Coon,Female
Young,Domestic Short Hair,Female
Young,Domestic Medium Hair,Female
Young,Domestic Short Hair,Female
Adult,Maine Coon,Male
Young,Domestic Short Hair & Tiger Mix,Male
Adult,Domestic Short Hair,Male
Adult,Domestic Short Hair,Female
Adult,Domestic Short Hair Mix,Female
Adult,Domestic Short Hair & Tabby Mix,Male
Adult,Domestic Short Hair,Male
Young,Domestic Short Hair,Male
Young,Domestic Short Hair,Male
Adult,Domestic Short Hair,Female
Adult,Domestic Short Hair,Female
Adult,Domestic Medium Hair,Female
Young,Domestic Short Hair,Female
Young,Domestic Short Hair,Male
Adult,Domestic Long Hair Mix,Female
Adult,Domestic Short Hair & Tiger Mix,Female
Adult,Domestic Short Hair,Male
Adult,Domestic Short Hair & Tiger Mix,Male
Adult,Domestic Short Hair & Calico Mix,Female
Adult,Domestic Short Hair,Female
Young,Domestic Short Hair,Male
Adult,Domestic Short Hair & Tiger Mix,Male
Young,Domestic Medium Hair,Male
Adult,Domestic Short Hair,Female
Adult,Domestic Short Hair & Tiger Mix,Male
Young,Maine Coon,Male
Adult,Domestic Long Hair,Male
Adult,Domestic Short Hair,Male
Young,Domestic Short Hair,Female
Adult,Domestic Short Hair,Male
Young,Domestic Medium Hair,Female
Adult,Maine Coon,Male
Adult,Maine Coon,Female
Adult,Himalayan & Domestic Long Hair Mix,Male
Adult,Himalayan & Domestic Long Hair Mix,Male
Kitten,Domestic Short Hair Mix,Female
Adult,Domestic Short Hair & Calico Mix,Female
Adult,Domestic Medium Hair,Male
Adult,Siamese,Female
Young,Tortoiseshell & Domestic Short Hair Mix,Female
Adult,Domestic Short Hair,Female
Young,Domestic Short Hair,Male
Young,Domestic Short Hair & Tiger Mix,Female
Young,Domestic Short Hair,Male
Young,Domestic Short Hair,Female
Kitten,Domestic Short Hair & Tiger Mix,Male
Young,Domestic Short Hair & Tiger Mix,Female
Adult,Domestic Short Hair,Female
Adult,Domestic Short Hair Mix,Female
Kitten,Domestic Short Hair,Male
Adult,Domestic Short Hair & Tiger Mix,Male
Adult,Domestic Short Hair Mix,Female
Adult,Domestic Short Hair Mix,Male
Adult,Domestic Short Hair & Tiger Mix,Male
Adult,Domestic Short Hair Mix,Male
Adult,Domestic Short Hair & Tuxedo Mix,Male
Young,Dilute Calico & Domestic Short Hair Mix,Female
Kitten,Domestic Short Hair & Tiger Mix,Female
Kitten,Domestic Short Hair Mix,Male
Kitten,Domestic Short Hair Mix,Male
Young,Domestic Short Hair & Tabby Mix,Female
Young,Domestic Medium Hair,Female
Adult,Domestic Short Hair Mix,Female
Adult,Domestic Medium Hair,Male
Young,Domestic Medium Hair Mix,Male
Adult,Calico & Domestic Medium Hair Mix,Female
Young,Domestic Short Hair Mix,Male
Young,Domestic Short Hair,Male
Adult,Domestic Short Hair Mix,Female
Young,Domestic Short Hair & Tiger Mix,Female
Adult,Domestic Short Hair Mix,Female
Adult,Domestic Short Hair,Female
Young,Domestic Short Hair Mix,Female
Young,Domestic Short Hair Mix,Male
Adult,Tortoiseshell & Domestic Short Hair Mix,Female
Adult,Domestic Short Hair,Female
Adult,Domestic Medium Hair Mix,Female
Young,Maine Coon & Domestic Medium Hair Mix,Female
Adult,Calico & Domestic Short Hair Mix,Female
Adult,Domestic Short Hair,Male
Young,Siamese Mix,Female
Young,Domestic Short Hair Mix,Male
Young,Domestic Short Hair Mix,Male
Kitten,Domestic Medium Hair Mix,Male
Adult,Domestic Medium Hair & Tiger Mix,Female
Adult,Domestic Medium Hair Mix,Male
Kitten,Domestic Short Hair & Tiger Mix,Female
Adult,Domestic Short Hair,Female
Young,Domestic Short Hair,Male
Adult,Domestic Short Hair Mix,Female
Adult,Domestic Long Hair,Male
Senior,Domestic Short Hair Mix,Female
Adult,Domestic Short Hair Mix,Female
Adult,Domestic Short Hair,Male
Adult,Domestic Short Hair Mix,Female
Adult,Domestic Short Hair & Tiger Mix,Female
Young,Domestic Medium Hair & Tiger Mix,Female
Adult,Domestic Short Hair Mix,Male
Adult,Domestic Short Hair & Tiger Mix,Male
Senior,Domestic Medium Hair Mix,Male
Young,Tortoiseshell & Domestic Medium Hair Mix,Female
Young,Domestic Short Hair Mix,Male
Adult,Maine Coon & Domestic Medium Hair Mix,Male
Adult,Domestic Medium Hair & Tortoiseshell Mix,Female
Senior,Domestic Short Hair & Tiger Mix,Male
Young,Domestic Medium Hair,Female
Adult,Domestic Short Hair,Male
Young,Domestic Short Hair,Male
Young,Domestic Medium Hair Mix,Female
Young,Tortoiseshell & Domestic Short Hair Mix,Female
Adult,Domestic Short Hair,Female
Adult,Domestic Short Hair & Tiger Mix,Female
Young,Domestic Long Hair,Male
Senior,Domestic Long Hair & Tiger Mix,Male
Young,Domestic Medium Hair,Female
Young,Domestic Short Hair & Tiger Mix,Female
Adult,Domestic Short Hair & Tabby Mix,Female
Adult,Domestic Short Hair,Female
Adult,Domestic Short Hair,Female
Adult,Domestic Short Hair & Tiger Mix,Male
Young,Tabby & Domestic Short Hair Mix,Female
Young,Domestic Short Hair Mix,Female
Adult,Domestic Medium Hair,Female
Adult,Domestic Medium Hair & Maine Coon Mix,Female
Adult,Domestic Short Hair,Female
Young,Dilute Tortoiseshell & Domestic Short Hair Mix,Female
Adult,Domestic Short Hair & Manx Mix,Female
Adult,Domestic Short Hair,Female
Young,Domestic Medium Hair,Female
Young,Maine Coon & Domestic Medium Hair Mix,Male
Adult,Domestic Medium Hair & Tabby Mix,Female
Young,Domestic Short Hair & Tabby Mix,Male
Adult,Domestic Short Hair & Tiger Mix,Male
Young,Maine Coon & Domestic Medium Hair Mix,Male
Young,Maine Coon & Domestic Medium Hair Mix,Male
Young,Siamese & Domestic Short Hair Mix,Male
Young,Domestic Short Hair & Tabby Mix,Female
Adult,Domestic Medium Hair & Tiger Mix,Female
Young,Domestic Short Hair & Tiger Mix,Female
Young,Domestic Short Hair,Female
Young,Domestic Short Hair,Male
Adult,Domestic Short Hair,Male
Kitten,Domestic Short Hair & Tabby Mix,Female
Adult,Domestic Long Hair,Female
Adult,Domestic Short Hair & Tiger Mix,Male
Adult,Domestic Short Hair,Male
Adult,Domestic Medium Hair,Male
Adult,Domestic Short Hair,Female
Adult,Domestic Medium Hair,Female
Young,Domestic Medium Hair,Female
Adult,Domestic Short Hair,Male
Adult,Maine Coon,Female
Young,Domestic Short Hair Mix,Female
Young,Domestic Medium Hair,Female
Young,Ragdoll,Female
Adult,Domestic Short Hair,Female
Young,Domestic Short Hair & Tiger Mix,Female
Young,Domestic Short Hair & Tiger Mix,Female
Adult,Domestic Short Hair,Female
Adult,Domestic Short Hair & Tiger Mix,Female
Adult,Domestic Short Hair,Male
Young,Domestic Short Hair & Tiger Mix,Female
Adult,Domestic Short Hair & Tiger Mix,Male
Adult,Domestic Short Hair,Female
Adult,Domestic Short Hair,Male
Adult,Domestic Short Hair,Female
Young,Domestic Short Hair & Tiger Mix,Female
Young,Domestic Short Hair & Tortoiseshell Mix,Female
Adult,Dilute Tortoiseshell & Domestic Short Hair Mix,Female
Young,Domestic Short Hair Mix,Female
Adult,Siamese,Female
Adult,Domestic Short Hair,Female
Adult,Domestic Short Hair & Tiger Mix,Male
Adult,Domestic Short Hair,Male
Adult,Domestic Short Hair,Female
Adult,Domestic Short Hair,Female
Young,Domestic Short Hair,Female
Young,Maine Coon,Male
Adult,Domestic Long Hair,Female
Adult,Domestic Medium Hair & Tiger Mix,Female
Adult,Domestic Short Hair,Female
Adult,Domestic Long Hair,Female
Adult,Domestic Medium Hair,Female
Young,Domestic Short Hair,Female
Senior,Domestic Short Hair,Female
Adult,Domestic Medium Hair,Female
Young,Domestic Short Hair,Female
Adult,Domestic Short Hair,Female
Young,Domestic Medium Hair & Tabby Mix,Male
Adult,Domestic Short Hair,Male
Young,Domestic Short Hair,Female
Adult,Domestic Short Hair Mix,Female
Adult,Domestic Short Hair,Female
Young,Domestic Long Hair & Tabby Mix,Male
Senior,Domestic Short Hair Mix,Male
Adult,Domestic Long Hair & Maine Coon Mix,Female
Adult,Domestic Medium Hair & Tortoiseshell Mix,Female
Senior,Domestic Short Hair & Tiger Mix,Female
Adult,Domestic Short Hair Mix,Female
Adult,Domestic Medium Hair & Tabby Mix,Female
Young,Domestic Short Hair,Female
Young,Domestic Short Hair,Female
Young,Domestic Short Hair,Male
Adult,Domestic Short Hair,Male
Young,Tortoiseshell,Female
Adult,Domestic Short Hair,Female
Young,Domestic Short Hair,Male
Senior,Domestic Short Hair,Male
Adult,Domestic Long Hair & Tiger Mix,Female
Young,Domestic Short Hair & Tiger Mix,Female
Young,Domestic Short Hair,Female
Adult,Tortoiseshell,Female
Adult,Domestic Short Hair Mix,Female
Young,Domestic Short Hair & Tiger Mix,Female
Adult,Domestic Short Hair & Tabby Mix,Female
Adult,Domestic Medium Hair,Male
Adult,Dilute Calico & Maine Coon Mix,Female
Young,Domestic Short Hair & Tabby Mix,Female
Young,Domestic Short Hair,Male
Young,Domestic Short Hair,Female
Young,Domestic Short Hair,Female
Adult,Domestic Medium Hair & Tiger Mix,Male
Adult,Domestic Short Hair & Tiger Mix,Female
Adult,Domestic Short Hair & Calico Mix,Female
Young,Domestic Short Hair & Tiger Mix,Male
Adult,Domestic Short Hair,Female
Adult,Domestic Short Hair & Tiger Mix,Male
Young,Domestic Short Hair,Male
Adult,Domestic Short Hair,Female
Young,Domestic Medium Hair,Female
Adult,Siamese Mix,Male
Adult,Domestic Short Hair & Tabby Mix,Male
Adult,Domestic Short Hair & Tiger Mix,Male
Young,Domestic Short Hair & Tiger Mix,Female
Young,Domestic Short Hair,Female
Adult,Domestic Long Hair,Female
Young,Siamese & Tortoiseshell Mix,Female
Adult,Domestic Short Hair & Tiger Mix,Male
Adult,Domestic Short Hair & Tiger Mix,Male
Adult,Domestic Short Hair,Female
Adult,Domestic Short Hair,Female
Adult,Domestic Short Hair & Tiger Mix,Male
Young,Domestic Short Hair,Male
Adult,Domestic Short Hair,Male
Young,Tortoiseshell,Female
Adult,Domestic Short Hair,Female
Young,Domestic Short Hair,Male
Senior,Domestic Short Hair,Male
Adult,Domestic Long Hair & Tiger Mix,Female
Young,Domestic Short Hair & Tiger Mix,Female
Young,Domestic Short Hair,Female
Adult,Tortoiseshell,Female
Adult,Domestic Short Hair Mix,Female
Young,Domestic Short Hair & Tiger Mix,Female
Adult,Domestic Short Hair & Tabby Mix,Female
Adult,Domestic Medium Hair,Male
Adult,Dilute Calico & Maine Coon Mix,Female
Young,Domestic Short Hair & Tabby Mix,Female
Young,Domestic Short Hair,Male
Young,Domestic Short Hair,Female
Young,Domestic Short Hair,Female
Adult,Domestic Medium Hair & Tiger Mix,Male
Adult,Domestic Short Hair & Tiger Mix,Female
Adult,Domestic Short Hair & Calico Mix,Female
Young,Domestic Short Hair & Tiger Mix,Male
Adult,Domestic Short Hair,Female
Adult,Domestic Short Hair & Tiger Mix,Male
Young,Domestic Short Hair,Male
Adult,Domestic Short Hair,Female
Young,Domestic Medium Hair,Female
Adult,Siamese Mix,Male
Adult,Domestic Short Hair & Tabby Mix,Male
Adult,Domestic Short Hair & Tiger Mix,Male
Young,Domestic Short Hair & Tiger Mix,Female
Young,Domestic Short Hair,Female
Adult,Domestic Long Hair,Female
Young,Siamese & Tortoiseshell Mix,Female
Adult,Domestic Short Hair & Tiger Mix,Male
Adult,Domestic Short Hair & Tiger Mix,Male
Adult,Domestic Short Hair,Female
Adult,Domestic Short Hair,Female
Adult,Domestic Short Hair & Tiger Mix,Male
Adult,Domestic Short Hair & Tiger Mix,Male
Adult,Domestic Short Hair Mix,Female
Senior,Domestic Short Hair,Female
Adult,Domestic Short Hair,Female
Young,Domestic Short Hair Mix,Female
Young,Domestic Short Hair & Tiger Mix,Female
Young,Domestic Short Hair,Female
Adult,Domestic Medium Hair,Male
Young,Domestic Short Hair,Female
Adult,Domestic Short Hair & Tiger Mix,Male
Young,Domestic Short Hair,Female
Senior,Domestic Long Hair,Female
Adult,Domestic Medium Hair Mix,Male
Senior,Domestic Short Hair,Male
Young,Domestic Short Hair,Female
Adult,Domestic Medium Hair & Tuxedo Mix,Female
Senior,Domestic Short Hair,Female
Adult,Domestic Short Hair,Male
Adult,Domestic Short Hair & Tiger Mix,Male
Adult,Domestic Medium Hair,Female
Adult,Domestic Short Hair,Female
Adult,Domestic Short Hair & Tiger Mix,Female
Adult,Maine Coon & Tiger Mix,Female
Adult,Domestic Short Hair,Male
Young,Domestic Medium Hair,Female
Adult,Domestic Medium Hair,Female
Adult,Domestic Short Hair,Female
Young,Domestic Short Hair & Calico Mix,Female
Adult,Domestic Short Hair & Tiger Mix,Male
Adult,Domestic Short Hair,Female
Adult,Domestic Short Hair,Male
Adult,Domestic Short Hair,Male
Young,Domestic Short Hair & Tiger Mix,Female
Adult,Domestic Short Hair,Female
Young,Domestic Short Hair,Female
Senior,Maine Coon Mix,Male
Senior,Domestic Short Hair,Female
Senior,Domestic Short Hair,Male
Adult,Domestic Short Hair,Female
Young,Domestic Medium Hair,Male
Adult,Domestic Short Hair,Male
Adult,Domestic Short Hair,Female
Adult,Himalayan,Male
Young,Domestic Short Hair,Male
Adult,Domestic Short Hair,Female
Adult,Domestic Short Hair,Female
Young,Domestic Medium Hair,Female
Adult,Domestic Short Hair,Female
Adult,Domestic Short Hair & Tiger Mix,Male
Adult,Domestic Short Hair & Tiger Mix,Male
Young,Domestic Medium Hair,Female
Adult,Domestic Long Hair,Female
Adult,Domestic Medium Hair,Female
Young,Domestic Short Hair,Female
Young,Domestic Short Hair,Female
Adult,Domestic Short Hair,Male
Adult,Domestic Short Hair,Male
Adult,Domestic Short Hair,Female
Young,Domestic Short Hair & Tiger Mix,Female
Adult,Maine Coon,Male
Adult,Domestic Medium Hair,Male
Adult,Maine Coon Mix,Female
Young,Domestic Short Hair,Male
Adult,Domestic Medium Hair,Female
Adult,Domestic Short Hair,Male
Adult,Domestic Short Hair & Dilute Tortoiseshell Mix,Female
Young,Domestic Short Hair,Female
Young,Domestic Short Hair & Tiger Mix,Female
Young,Domestic Short Hair,Female
Young,Domestic Medium Hair,Male
Adult,Domestic Short Hair,Female
Young,Domestic Short Hair,Female
Adult,Domestic Short Hair Mix,Female
Adult,Domestic Short Hair,Female
Adult,Domestic Short Hair,Male
Adult,Domestic Short Hair,Male
Adult,Domestic Long Hair,Male
Young,Tuxedo,Female
Young,Domestic Short Hair & Tiger Mix,Female
Young,Domestic Short Hair & Tiger Mix,Female
Young,Domestic Medium Hair,Male
Young,Domestic Long Hair,Female
Adult,Dilute Tortoiseshell & Tiger Mix,Female
Young,Domestic Medium Hair,Female
Adult,Domestic Short Hair,Male
Adult,Maine Coon Mix,Female
Young,Domestic Short Hair & Tiger Mix,Male
Adult,Domestic Medium Hair,Female
Adult,Maine Coon Mix,Female
Adult,Domestic Short Hair,Male
Young,Domestic Short Hair,Female
Adult,Domestic Short Hair,Female
Adult,Domestic Short Hair,Male
Adult,Domestic Long Hair,Male
Adult,Domestic Medium Hair,Female
Adult,Domestic Short Hair,Female
Adult,Domestic Short Hair,Female
Adult,Domestic Short Hair & Tiger Mix,Female
Young,Domestic Short Hair,Female
Adult,Domestic Short Hair Mix,Female
Young,Domestic Short Hair & Calico Mix,Female
Adult,Domestic Short Hair Mix,Male
Adult,Domestic Short Hair Mix,Female
Adult,Domestic Short Hair,Female
Senior,Domestic Short Hair,Female
Senior,Domestic Short Hair,Female
Adult,Domestic Short Hair,Female
Young,Domestic Short Hair & Tuxedo Mix,Male
Adult,Domestic Medium Hair & Calico Mix,Female
Senior,Domestic Short Hair & Dilute Tortoiseshell Mix,Female
Adult,Domestic Short Hair,Female
Young,Domestic Short Hair,Female
Young,Domestic Medium Hair & Tiger Mix,Male
Adult,Domestic Short Hair & Tiger Mix,Male
Young,Domestic Short Hair,Male
Adult,Domestic Short Hair & Dilute Tortoiseshell Mix,Female
Adult,Domestic Short Hair,Female
Young,Ragdoll,Male
Adult,Tuxedo,Female
Adult,Domestic Medium Hair,Female
Young,Domestic Medium Hair,Male
Young,Domestic Long Hair,Female
Adult,Dilute Tortoiseshell & Tiger Mix,Female
Young,Domestic Medium Hair,Female
Adult,Domestic Short Hair,Male
Adult,Maine Coon Mix,Female
Young,Domestic Short Hair & Tiger Mix,Male
Adult,Domestic Medium Hair,Female
Adult,Maine Coon Mix,Female
Adult,Domestic Short Hair,Male
Young,Domestic Short Hair,Female
Adult,Domestic Short Hair,Female
Adult,Domestic Short Hair,Male
Adult,Domestic Long Hair,Male
Adult,Domestic Medium Hair,Female
Adult,Domestic Short Hair,Female
Adult,Domestic Short Hair,Female
Adult,Domestic Short Hair & Tiger Mix,Female
Young,Domestic Short Hair,Female
Adult,Domestic Short Hair Mix,Female
Young,Domestic Short Hair & Calico Mix,Female
Adult,Domestic Short Hair Mix,Male
Adult,Domestic Short Hair Mix,Female
Adult,Domestic Short Hair,Female
Senior,Domestic Short Hair,Female
Senior,Domestic Short Hair,Female
Adult,Domestic Short Hair,Female
Young,Domestic Short Hair & Tuxedo Mix,Male
Adult,Domestic Medium Hair & Calico Mix,Female
Senior,Domestic Short Hair & Dilute Tortoiseshell Mix,Female
Adult,Domestic Short Hair,Female
Young,Domestic Short Hair,Female
Young,Domestic Medium Hair & Tiger Mix,Male
Adult,Domestic Short Hair & Tiger Mix,Male
Young,Domestic Short Hair,Male
Adult,Domestic Short Hair & Dilute Tortoiseshell Mix,Female
Adult,Domestic Short Hair,Female
Young,Ragdoll,Male
Adult,Tuxedo,Female
Adult,Domestic Medium Hair,Female
Young,Domestic Short Hair & Calico Mix,Female
Adult,Domestic Short Hair & Tiger Mix,Male
Young,Domestic Medium Hair,Male
Senior,Domestic Short Hair,Female
Adult,Domestic Short Hair,Male
Young,Domestic Short Hair & Tiger Mix,Male
Young,Domestic Short Hair Mix,Male
Adult,Domestic Short Hair Mix,Female
Senior,Domestic Short Hair,Female
Senior,Domestic Short Hair,Male
Young,Domestic Short Hair & Tiger Mix,Male
Adult,Domestic Short Hair,Female
Young,Domestic Short Hair & Tiger Mix,Male
Adult,Domestic Short Hair & Tiger Mix,Male
Adult,Domestic Short Hair,Male
Young,Domestic Short Hair,Male
Adult,Ragdoll,Female
Young,Siamese,Male
Senior,Domestic Medium Hair,Male
Young,Domestic Short Hair,Male
Young,Domestic Short Hair,Female
Adult,Maine Coon,Male
Adult,Domestic Short Hair,Male
Adult,Domestic Short Hair & Tortoiseshell Mix,Female
Adult,Domestic Medium Hair,Male
Adult,Domestic Short Hair,Female
Adult,Domestic Short Hair,Male
Young,Domestic Short Hair & Tiger Mix,Male
Adult,Domestic Short Hair,Female
Adult,Domestic Short Hair & Tiger Mix,Female
Adult,Domestic Short Hair,Male
Young,Domestic Short Hair,Male
Adult,Persian,Male
Adult,Domestic Short Hair,Female
Adult,Tiger,Female
Adult,Domestic Short Hair,Male
Adult,Domestic Short Hair,Female
Adult,Domestic Short Hair & Tiger Mix,Male
Adult,Domestic Short Hair,Female
Young,Domestic Short Hair,Female
Young,Domestic Short Hair & Calico Mix,Female
Adult,Domestic Short Hair & Tiger Mix,Male
Young,Domestic Medium Hair,Male
Senior,Domestic Short Hair,Female
Adult,Domestic Short Hair,Male
Young,Domestic Short Hair & Tiger Mix,Male
Young,Domestic Short Hair Mix,Male
Adult,Domestic Short Hair Mix,Female
Senior,Domestic Short Hair,Female
Senior,Domestic Short Hair,Male
Young,Domestic Short Hair & Tiger Mix,Male
Adult,Domestic Short Hair,Female
Young,Domestic Short Hair & Tiger Mix,Male
Adult,Domestic Short Hair & Tiger Mix,Male
Adult,Domestic Short Hair,Male
Young,Domestic Short Hair,Male
Adult,Ragdoll,Female
Young,Siamese,Male
Senior,Domestic Medium Hair,Male
Young,Domestic Short Hair,Male
Young,Domestic Short Hair,Female
Adult,Maine Coon,Male
Adult,Domestic Short Hair,Male
Adult,Domestic Short Hair & Tortoiseshell Mix,Female
Adult,Domestic Medium Hair,Male
Adult,Domestic Short Hair,Female
Adult,Domestic Short Hair,Male
Young,Domestic Short Hair & Tiger Mix,Male
Adult,Domestic Short Hair,Female
Adult,Domestic Short Hair & Tiger Mix,Female
Adult,Domestic Short Hair,Male
Young,Domestic Short Hair,Male
Adult,Persian,Male
Adult,Domestic Short Hair,Female
Adult,Tiger,Female
Adult,Domestic Short Hair,Male
Adult,Domestic Short Hair,Female
Adult,Domestic Short Hair & Tiger Mix,Male
Adult,Domestic Short Hair,Female
Young,Domestic Short Hair,Female
Adult,Domestic Short Hair,Female
Young,Domestic Short Hair,Female
Young,Domestic Short Hair,Female
Adult,Domestic Short Hair & Tiger Mix,Female
Adult,Domestic Long Hair,Male
Adult,Domestic Short Hair & Calico Mix,Female
Adult,Domestic Short Hair,Female
Adult,Domestic Short Hair,Female
Young,Domestic Short Hair,Female
Young,Domestic Short Hair,Male
Young,Domestic Short Hair & Tiger Mix,Male
Adult,Domestic Short Hair Mix,Male
Adult,Domestic Short Hair,Male
Young,Dilute Calico & Tiger Mix,Female
Adult,Domestic Short Hair,Female
Adult,Maine Coon Mix,Male
Adult,Domestic Short Hair,Female
Adult,Domestic Medium Hair,Female
Adult,Domestic Long Hair,Male
Adult,Domestic Short Hair & Tiger Mix,Male
Young,Domestic Short Hair,Male
Young,Domestic Short Hair,Male
Young,Domestic Short Hair,Male
Young,Domestic Short Hair Mix,Female
Young,Domestic Short Hair & Tiger Mix,Female
Young,Domestic Short Hair & Tiger Mix,Female
Adult,Calico,Female
Adult,Domestic Medium Hair,Female
Adult,Domestic Short Hair,Male
Adult,Domestic Long Hair & Tiger Mix,Female
Adult,Domestic Medium Hair,Female
Adult,Domestic Short Hair,Male
Young,Domestic Short Hair,Female
Adult,Domestic Medium Hair & Tiger Mix,Female
Adult,Domestic Short Hair,Female
Adult,Domestic Long Hair,Female
Adult,Himalayan & Domestic Medium Hair Mix,Female
Adult,Domestic Short Hair,Male
Adult,Domestic Medium Hair,Female
Adult,Domestic Short Hair Mix,Male
Adult,Domestic Short Hair,Female
Young,Domestic Short Hair,Female
Young,Domestic Short Hair,Female
Adult,Domestic Short Hair & Tiger Mix,Female
Adult,Domestic Long Hair,Male
Adult,Domestic Short Hair & Calico Mix,Female
Adult,Domestic Short Hair,Female
Adult,Domestic Short Hair,Female
Young,Domestic Short Hair,Female
Young,Domestic Short Hair,Male
Young,Domestic Short Hair & Tiger Mix,Male
Adult,Domestic Short Hair Mix,Male
Adult,Domestic Short Hair,Male
Young,Dilute Calico & Tiger Mix,Female
Adult,Domestic Short Hair,Female
Adult,Maine Coon Mix,Male
Adult,Domestic Short Hair,Female
Adult,Domestic Medium Hair,Female
Adult,Domestic Long Hair,Male
Adult,Domestic Short Hair & Tiger Mix,Male
Young,Domestic Short Hair,Male
Young,Domestic Short Hair,Male
Young,Domestic Short Hair,Male
Young,Domestic Short Hair Mix,Female
Young,Domestic Short Hair & Tiger Mix,Female
Young,Domestic Short Hair & Tiger Mix,Female
Adult,Calico,Female
Adult,Domestic Medium Hair,Female
Adult,Domestic Short Hair,Male
Adult,Domestic Long Hair & Tiger Mix,Female
Adult,Domestic Medium Hair,Female
Adult,Domestic Short Hair,Male
Young,Domestic Short Hair,Female
Adult,Domestic Medium Hair & Tiger Mix,Female
Adult,Domestic Short Hair,Female
Adult,Domestic Long Hair,Female
Adult,Himalayan & Domestic Medium Hair Mix,Female
Adult,Domestic Short Hair,Male
Adult,Domestic Medium Hair,Female
Adult,Domestic Short Hair Mix,Male
Kitten,Maine Coon Mix,Male
Kitten,Domestic Short Hair,Male
Kitten,Domestic Short Hair,Female
Kitten,Domestic Short Hair,Female
Kitten,Domestic Short Hair,Female
Kitten,Siamese,Male
Kitten,Domestic Short Hair,Female
53,away,miles
Kitten,Domestic Long Hair,Male
Kitten,Domestic Long Hair,Male
Kitten,Domestic Medium Hair,Female
Kitten,Domestic Short Hair,Female
Kitten,Domestic Short Hair,Female
Kitten,Siamese,Male
Kitten,Domestic Short Hair,Male
Kitten,Domestic Short Hair,Male
Kitten,Siamese,Male
Kitten,Domestic Short Hair,Female
Adult,Domestic Long Hair,Female
Kitten,Domestic Short Hair,Male
Kitten,Domestic Short Hair,Female
Kitten,Domestic Short Hair,Female
Kitten,Siamese,Female
Kitten,Domestic Short Hair,Female
Kitten,Domestic Short Hair,Male
Kitten,Domestic Short Hair,Male
Kitten,Domestic Short Hair,Male
Kitten,Russian Blue Mix,Male
Kitten,Domestic Short Hair,Female
Kitten,Domestic Short Hair,Male
Kitten,Domestic Short Hair,Male
Adult,Domestic Short Hair,Female
Kitten,Domestic Short Hair,Male
Kitten,Domestic Short Hair,Female
Kitten,Domestic Long Hair Mix,Female
Young,Domestic Short Hair,Female
Young,Domestic Short Hair,Male
Young,Domestic Short Hair,Male
Young,Domestic Long Hair,Male
Kitten,Domestic Short Hair,Female
Young,Russian Blue,Female
Young,Domestic Long Hair,Female
Kitten,Domestic Short Hair,Female
Kitten,Domestic Short Hair,Female
Young,Bombay,Female
Young,Domestic Short Hair,Female
Kitten,Domestic Short Hair,Male
Kitten,Domestic Short Hair,Male
Young,Domestic Short Hair,Male
Young,Russian Blue Mix,Female
Young,Domestic Long Hair & Domestic Short Hair Mix,Male
Young,Domestic Long Hair,Female
Kitten,Domestic Short Hair,Male
53,away,miles
Young,Domestic Long Hair,Female
Kitten,Domestic Short Hair,Male
Adult,Maine Coon & Ragamuffin Mix,Male
Kitten,Domestic Short Hair,Female
Kitten,Domestic Short Hair,Male
Kitten,Domestic Short Hair,Male
Kitten,Domestic Short Hair,Male
Kitten,Domestic Short Hair,Male
Kitten,Domestic Short Hair,Female
Adult,Domestic Short Hair,Female
Adult,Ragamuffin & Maine Coon Mix,Female
Kitten,Domestic Short Hair,Female
Kitten,Domestic Short Hair,Female
Young,Domestic Short Hair,Female
Kitten,Domestic Long Hair,Male
Kitten,Domestic Long Hair,Female
Kitten,Domestic Short Hair,Female
Kitten,Domestic Short Hair,Male
Young,Siamese & Tortoiseshell Mix,Female
Kitten,Domestic Short Hair,Male
Young,Snowshoe & Russian Blue Mix,Female
Kitten,Domestic Short Hair,Female
Young,Domestic Short Hair,Female
Adult,Domestic Short Hair,Male
Kitten,Domestic Short Hair,Female
Kitten,Domestic Medium Hair & Domestic Long Hair Mix,Male
Kitten,Domestic Short Hair,Male
Kitten,Domestic Short Hair,Female
Kitten,Tabby,Female
Kitten,Dilute Tortoiseshell & Dilute Calico Mix,Female
Kitten,Domestic Short Hair,Female
Kitten,Tuxedo,Male
Kitten,Tabby,Female
Adult,Domestic Long Hair,Female
Kitten,Domestic Short Hair,Male
Kitten,Domestic Short Hair,Female
Young,Domestic Short Hair,Male
Young,Russian Blue & Domestic Medium Hair Mix,Male
Young,Domestic Short Hair Mix,Male
Kitten,Tabby,Female
Young,Domestic Short Hair,Male
Kitten,Domestic Short Hair & Siamese Mix,Female
Young,Domestic Medium Hair,Male
Kitten,Domestic Short Hair,Male
Kitten,Domestic Short Hair,Male
Young,Domestic Long Hair,Male
Kitten,Domestic Short Hair,Female
Kitten,Domestic Short Hair,Female
Adult,Bombay,Female
Kitten,Domestic Long Hair,Male
Kitten,Domestic Long Hair,Female
Young,Bombay,Male
Kitten,Domestic Short Hair,Male
Kitten,Domestic Short Hair,Male
Young,Domestic Short Hair,Female
Young,Domestic Short Hair,Male
Kitten,Tortoiseshell,Female
Young,Domestic Short Hair,Male
Young,Tortoiseshell,Female
Kitten,Tortoiseshell,Female
Kitten,Domestic Short Hair,Male
Adult,Domestic Short Hair,Female
Kitten,Domestic Short Hair,Female
Kitten,Bombay,Female
Kitten,Domestic Short Hair,Female
Young,Domestic Short Hair,Male
Young,Domestic Medium Hair,Female
Adult,Domestic Short Hair Mix,Male
Young,Domestic Long Hair,Female
Young,Russian Blue,Male
Kitten,Domestic Short Hair,Male
Kitten,Domestic Short Hair & Siamese Mix,Male
Young,Domestic Long Hair,Female
Kitten,Domestic Short Hair & Siamese Mix,Male
Young,Domestic Short Hair,Female
Young,Domestic Short Hair,Male
Kitten,Domestic Short Hair,Male
Young,Domestic Short Hair,Female
Kitten,Domestic Short Hair,Male
Young,Domestic Short Hair,Male
Kitten,Domestic Short Hair,Female
Kitten,Domestic Medium Hair,Male
Young,Domestic Short Hair & Siamese Mix,Male
Kitten,Domestic Short Hair,Female
Kitten,Domestic Short Hair,Female
Young,Calico & Tuxedo Mix,Female
Kitten,Domestic Short Hair,Male
Young,Domestic Short Hair,Female
Young,Domestic Short Hair,Female
Kitten,Domestic Short Hair,Male
Adult,Domestic Long Hair,Female
Young,Russian Blue & Domestic Short Hair Mix,Male
Young,Domestic Short Hair & Calico Mix,Female
Kitten,Domestic Short Hair,Male
Adult,Domestic Short Hair,Female
Adult,Snowshoe,Female
Young,Tabby,Male
Adult,Domestic Short Hair,Male
Young,Tabby,Female
Young,Domestic Short Hair,Male
Kitten,Domestic Short Hair,Male
Kitten,Siamese,Female
Young,Siamese & Domestic Short Hair Mix,Male
Kitten,Domestic Short Hair,Female
Young,Siamese & Domestic Short Hair Mix,Male
Kitten,Domestic Short Hair,Male
Young,Domestic Short Hair,Male
Young,American Shorthair & Bombay Mix,Male
Kitten,Domestic Short Hair,Male
Young,Siamese & Domestic Short Hair Mix,Female
Young,Domestic Medium Hair,Female
Young,Domestic Long Hair & Maine Coon Mix,Male
Kitten,Domestic Short Hair,Female
Young,Tortoiseshell,Female
Young,Domestic Long Hair,Female
Kitten,Domestic Short Hair,Female
Young,Siamese,Male
Young,Domestic Short Hair,Female
Young,Tabby & Domestic Short Hair Mix,Male
Young,Domestic Short Hair,Female
Young,Siamese,Female
Kitten,Domestic Short Hair,Female
Young,Russian Blue,Female
Adult,Tuxedo,Male
Kitten,Domestic Short Hair,Female
Kitten,Domestic Short Hair,Female
Kitten,Domestic Short Hair,Female
Kitten,Domestic Short Hair,Female
Young,Domestic Short Hair,Male
Kitten,Domestic Short Hair,Female
Kitten,Domestic Long Hair,Male
Young,Russian Blue & Domestic Short Hair Mix,Male
Kitten,Domestic Short Hair,Male
Adult,Domestic Medium Hair,Male
53,away,miles
Kitten,Domestic Short Hair,Male
Kitten,Domestic Long Hair,Female
Kitten,Domestic Short Hair,Female
Kitten,Domestic Short Hair,Male
Kitten,Domestic Short Hair,Male
Kitten,Domestic Medium Hair,Male
Young,Domestic Short Hair,Male
Young,Siamese & Extra-Toes Cat / Hemingway Polydactyl Mix,Male
Kitten,Domestic Short Hair,Female
Kitten,Extra-Toes Cat / Hemingway Polydactyl & Domestic Long Hair Mix,Female
Young,Domestic Short Hair,Female
Kitten,Domestic Short Hair,Female
Kitten,Domestic Medium Hair,Male
Kitten,Domestic Short Hair,Male
Kitten,Domestic Short Hair,Female
Young,Manx,Male
Kitten,American Shorthair,Female
Kitten,Domestic Short Hair,Female
Kitten,Domestic Medium Hair,Male
Kitten,Domestic Short Hair,Male
Kitten,Domestic Short Hair,Female
Kitten,Domestic Short Hair,Female
Kitten,Domestic Short Hair,Female
Kitten,Domestic Short Hair,Male
Kitten,British Shorthair,Male
Kitten,Domestic Short Hair,Male
Young,Domestic Long Hair,Female
Young,Domestic Short Hair,Male
Kitten,American Shorthair,Female
Young,Domestic Short Hair,Male
Kitten,Domestic Short Hair,Female
Kitten,Siamese & Tabby Mix,Male
Kitten,Domestic Short Hair,Female
Young,Domestic Short Hair,Female
Kitten,Tabby,Male
Kitten,Domestic Short Hair,Female
Kitten,Domestic Short Hair,Male
Kitten,Domestic Long Hair,Male
Young,Tuxedo,Female
Kitten,Manx & Tabby Mix,Female
Kitten,Domestic Short Hair,Male
Kitten,Domestic Short Hair,Female
Kitten,Domestic Short Hair,Female
Kitten,Domestic Short Hair,Female
Kitten,Domestic Short Hair,Female
Young,Domestic Short Hair,Male
Kitten,Domestic Short Hair,Male
Kitten,Tabby,Female
Kitten,Domestic Short Hair,Male
Kitten,Domestic Short Hair,Female
Kitten,Domestic Short Hair,Female
Kitten,Domestic Short Hair,Female
Kitten,Domestic Short Hair,Male
Kitten,Tabby,Female
Kitten,Domestic Short Hair,Male
Young,Domestic Short Hair,Female
Young,Domestic Long Hair,Female
Kitten,Domestic Short Hair,Female
Kitten,Siamese,Female
Young,Domestic Short Hair,Female
Kitten,Calico & Tuxedo Mix,Female
Adult,Domestic Short Hair,Male
Young,Domestic Medium Hair,Male
Young,Tabby,Male
Young,Domestic Medium Hair,Female
Kitten,Domestic Short Hair,Male
Young,Russian Blue,Female
Kitten,Domestic Short Hair,Female
Young,Tuxedo,Female
Kitten,Domestic Long Hair,Female
Kitten,Domestic Short Hair,Female
Kitten,Dilute Calico,Female
Kitten,Domestic Short Hair,Female
Kitten,Domestic Short Hair,Male
Young,Siamese Mix,Female
Kitten,Domestic Short Hair,Male
Kitten,Domestic Medium Hair,Male
Kitten,Domestic Short Hair,Male
Kitten,Domestic Long Hair,Male
Young,Dilute Tortoiseshell,Female
Kitten,Domestic Medium Hair,Female
Adult,Domestic Long Hair,Female
53,away,miles
Kitten,Domestic Short Hair,Female
Kitten,Domestic Short Hair,Male
Young,Russian Blue,Female
Young,Domestic Short Hair,Female
Kitten,Domestic Short Hair,Female
Kitten,Domestic Short Hair,Male
Kitten,Domestic Short Hair,Male
Kitten,Russian Blue & Siamese Mix,Female
Kitten,Siamese & Domestic Short Hair Mix,Female
Kitten,Siamese & Domestic Short Hair Mix,Female
Kitten,Domestic Medium Hair,Female
Kitten,Domestic Short Hair,Male
Kitten,Domestic Short Hair,Female
Kitten,Domestic Short Hair,Male
Kitten,Domestic Short Hair,Female
Kitten,Domestic Short Hair,Male
Young,Tortoiseshell,Female
Kitten,Tuxedo,Female
Kitten,Domestic Short Hair,Female
Kitten,Domestic Short Hair,Female
Young,Domestic Short Hair,Male
Kitten,Domestic Short Hair,Male
Young,Domestic Short Hair,Female
Young,Domestic Short Hair,Female
Kitten,Domestic Short Hair,Male
Kitten,Domestic Medium Hair,Male
Kitten,Calico & Tortoiseshell Mix,Female
Kitten,Domestic Long Hair,Male
Kitten,Domestic Short Hair,Male
Kitten,Domestic Medium Hair,Female
Kitten,Domestic Medium Hair,Female
Kitten,Domestic Short Hair,Female
Young,Domestic Short Hair,Female
Kitten,Domestic Short Hair,Female
Kitten,Domestic Short Hair,Female
Kitten,Domestic Short Hair,Male
Kitten,Domestic Short Hair,Female
Young,Tiger,Female
Young,Domestic Short Hair,Male
Young,Domestic Short Hair,Female
Adult,Tuxedo & Domestic Short Hair Mix,Female
Kitten,Domestic Short Hair,Female
Kitten,Dilute Tortoiseshell,Female
Young,Calico,Female
Kitten,Domestic Short Hair,Female
Kitten,Domestic Short Hair,Female
Kitten,Domestic Short Hair,Female
Young,Domestic Short Hair,Male
Kitten,Domestic Short Hair,Female
Young,Domestic Short Hair,Female
Kitten,Domestic Short Hair,Female
Young,Domestic Short Hair,Female
Kitten,Domestic Short Hair,Male
Young,Domestic Short Hair,Female
Adult,Domestic Long Hair & Tabby Mix,Male
Kitten,Domestic Short Hair,Female
Young,Maine Coon & Domestic Short Hair Mix,Female
Kitten,Tuxedo,Male
Young,Domestic Short Hair,Female
Adult,Siamese & Tabby Mix,Male
Kitten,Domestic Short Hair,Female
Adult,Manx,Male
Young,Calico,Female
Kitten,Domestic Short Hair,Male
Young,Domestic Medium Hair,Male
Kitten,Domestic Short Hair,Male
Kitten,Domestic Short Hair,Female
Adult,Domestic Short Hair,Male
Kitten,Domestic Short Hair,Female
Young,Domestic Short Hair Mix,Female
Kitten,Domestic Short Hair,Male
Kitten,Domestic Short Hair,Female
Young,Domestic Short Hair,Female
Kitten,Domestic Short Hair,Female
Kitten,Domestic Short Hair & Domestic Medium Hair Mix,Male
Kitten,Domestic Short Hair,Male
Kitten,Domestic Short Hair,Male
Kitten,Domestic Short Hair,Male
Kitten,Domestic Short Hair,Male
Kitten,Domestic Short Hair,Male
Kitten,Domestic Short Hair,Female
Kitten,Domestic Short Hair,Female
Kitten,Domestic Short Hair Mix,Male
Young,Domestic Short Hair,Female
Young,Tortoiseshell & Domestic Short Hair Mix,Female
Kitten,Domestic Short Hair & Tortoiseshell Mix,Male
Kitten,Domestic Short Hair,Male
Kitten,Tabby & Domestic Medium Hair Mix,Male
Kitten,Domestic Short Hair Mix,Female
Kitten,Domestic Short Hair,Female
Kitten,Domestic Short Hair & Domestic Medium Hair Mix,Female
Kitten,Tabby,Female
Young,Calico,Female
Young,Domestic Short Hair Mix,Female
Kitten,Domestic Medium Hair & Tortoiseshell Mix,Female
Adult,Domestic Short Hair & Russian Blue Mix,Female
Young,Tortoiseshell & Domestic Short Hair Mix,Female
Young,Tuxedo & Tabby Mix,Female
55,away,miles
55,away,miles
55,away,miles
55,away,miles
55,away,miles
55,away,miles
55,away,miles
55,away,miles
55,away,miles
55,away,miles
55,away,miles
55,away,miles
55,away,miles
Kitten,Domestic Short Hair Mix,Male
Kitten,Domestic Medium Hair Mix,Male
Kitten,Domestic Short Hair,Male
Kitten,Domestic Short Hair,Male
Kitten,Domestic Short Hair,Female
Kitten,Domestic Short Hair Mix,Female
Young,Domestic Short Hair,Male
Kitten,Domestic Medium Hair,Female
Young,Domestic Medium Hair,Female
Kitten,Domestic Short Hair,Female
Young,Domestic Short Hair,Female
Kitten,Domestic Short Hair,Female
Young,Domestic Short Hair,Male
Young,Domestic Short Hair,Male
Kitten,Domestic Short Hair,Female
Kitten,Domestic Short Hair,Male
Kitten,Domestic Short Hair,Female
Kitten,Domestic Short Hair,Female
Kitten,Domestic Short Hair,Female
Young,Calico,Female
Young,Domestic Short Hair,Female
Kitten,Domestic Short Hair,Female
Kitten,Domestic Short Hair,Male
Kitten,Russian Blue & Tiger Mix,Female
Kitten,Tabby,Female
Kitten,Tabby,Male
Kitten,Domestic Short Hair,Male
Adult,Domestic Long Hair,Female
Kitten,Calico,Male
Kitten,Domestic Short Hair Mix,Male
Kitten,Domestic Short Hair,Male
Kitten,Domestic Short Hair,Male
Kitten,Domestic Short Hair,Female
Adult,Domestic Short Hair,Male
Adult,Domestic Short Hair,Female
Adult,Domestic Short Hair,Female
Adult,Domestic Short Hair,Female
Young,Domestic Short Hair,Female
Young,Domestic Short Hair,Male
Adult,Domestic Short Hair,Female
Adult,Domestic Short Hair,Female
Senior,Domestic Short Hair,Female
Adult,Domestic Short Hair Mix,Female
Adult,Domestic Short Hair Mix,Female
Adult,Domestic Short Hair,Female
Adult,Domestic Short Hair,Female
Adult,Domestic Short Hair,Male
Adult,Domestic Short Hair,Male
Adult,Domestic Short Hair,Male
Young,Domestic Short Hair,Male
Young,Domestic Short Hair,Female
Young,Domestic Short Hair,Male
Young,Domestic Short Hair,Male
Adult,Domestic Long Hair,Female
Young,Domestic Short Hair,Female
Adult,Domestic Short Hair,Male
Adult,Domestic Short Hair,Female
Adult,Domestic Short Hair,Male
Young,Domestic Short Hair,Male
Young,Domestic Short Hair,Female
Adult,Domestic Long Hair,Female
Young,Domestic Short Hair,Male
Kitten,Domestic Short Hair,Male
Kitten,Domestic Short Hair,Male
Kitten,Domestic Short Hair,Male
Adult,Domestic Long Hair,Female
Senior,Domestic Short Hair,Male
Adult,Domestic Long Hair,Female
Adult,Domestic Long Hair,Male
Adult,Domestic Short Hair,Male
Adult,Domestic Short Hair Mix,Female
Kitten,Domestic Short Hair Mix,Female
Young,Domestic Short Hair,Female
Adult,Domestic Short Hair,Male
Adult,Domestic Long Hair,Male
Kitten,Domestic Short Hair,Male
Kitten,Domestic Short Hair,Male
Adult,Domestic Short Hair,Female
Adult,Domestic Short Hair,Female
Young,Tiger,Female
Young,Domestic Short Hair,Female
Adult,Domestic Short Hair Mix,Female
Adult,Tortoiseshell,Female
Adult,Domestic Short Hair,Female
Adult,Domestic Short Hair Mix,Male
Adult,Tabby Mix,Female
Young,Domestic Long Hair,Male
Young,American Shorthair,Female
Adult,Tabby Mix,Male
Adult,Domestic Short Hair,Male
Adult,Domestic Short Hair,Female
Young,Tiger,Male
Adult,Domestic Medium Hair Mix,Female
Kitten,Domestic Long Hair,Female
Adult,Tabby Mix,Female
Adult,Domestic Short Hair Mix,Male
Adult,Tuxedo,Female
Young,Domestic Short Hair,Male
Adult,Calico,Female
Adult,Domestic Short Hair Mix,Male
Adult,Domestic Short Hair,Female
Young,Domestic Short Hair,Male
Young,Domestic Short Hair,Female
Adult,Domestic Short Hair,Female
Adult,Domestic Short Hair,Male
Adult,Domestic Short Hair,Female
Adult,Domestic Short Hair,Female
Adult,Domestic Short Hair,Female
Kitten,Domestic Short Hair,Female
Adult,Domestic Short Hair,Female
Kitten,Domestic Short Hair,Male
Adult,Domestic Short Hair,Female
Adult,Domestic Short Hair Mix,Male
Young,Domestic Short Hair,Female
Kitten,Domestic Short Hair,Female
Young,Domestic Short Hair,Female
Adult,Domestic Short Hair,Male
Adult,Domestic Long Hair,Female
Adult,Domestic Short Hair,Male
Adult,Domestic Short Hair,Male
Adult,Tiger,Female
Adult,Tuxedo,Female
Adult,Tuxedo,Female
Adult,Domestic Short Hair & Tortoiseshell Mix,Female
Adult,Domestic Short Hair,Female
Kitten,American Shorthair,Female
Kitten,Domestic Short Hair,Male
Kitten,Domestic Short Hair,Female
Young,Tuxedo,Female
Adult,Domestic Long Hair,Male
Adult,Siamese,Female
Adult,Domestic Medium Hair Mix,Male
Kitten,Tabby,Male
Young,Domestic Short Hair,Female
Adult,Domestic Long Hair,Female
Adult,Domestic Short Hair,Female
Adult,Tortoiseshell,Female
Kitten,Domestic Short Hair,Female
Adult,Domestic Short Hair Mix,Female
Kitten,Tortoiseshell,Female
Adult,Domestic Short Hair,Female
Adult,Domestic Short Hair,Male
Young,Domestic Short Hair,Male
Adult,Tuxedo,Male
Adult,Domestic Short Hair Mix,Female
Adult,Calico,Female
Adult,Domestic Short Hair,Female
Adult,Domestic Short Hair,Female
Senior,Domestic Short Hair,Female
Young,Domestic Short Hair,Female
Kitten,Domestic Long Hair,Female
Adult,Tuxedo,Female
Adult,Domestic Short Hair,Female
Adult,Domestic Short Hair,Female
Young,Domestic Long Hair Mix,Female
Adult,Scottish Fold Mix,Female
Adult,Torbie,Female
Young,Domestic Short Hair,Female
Adult,Domestic Short Hair,Male
Senior,Domestic Medium Hair,Male
Kitten,Domestic Medium Hair,Female
Adult,Domestic Long Hair,Female
Young,Domestic Short Hair,Female
Young,Domestic Short Hair,Female
Adult,Domestic Short Hair Mix,Male
Senior,Domestic Long Hair Mix,Female
Young,Domestic Short Hair Mix,Female
Young,Domestic Short Hair,Female
Adult,Domestic Short Hair Mix,Female
Young,Domestic Short Hair Mix,Female
Adult,Domestic Short Hair,Male
Young,Domestic Short Hair,Male
Adult,Domestic Short Hair Mix,Female
Young,Domestic Short Hair,Female
Adult,Domestic Medium Hair,Female
Adult,Domestic Short Hair,Male
Senior,Domestic Short Hair Mix,Female
Adult,Domestic Short Hair,Female
Adult,Domestic Short Hair,Male
Adult,Domestic Short Hair Mix,Male
Adult,Domestic Short Hair Mix,Female
Adult,Domestic Short Hair,Female
Young,Domestic Short Hair Mix,Female
Adult,Domestic Short Hair Mix,Female
Adult,Domestic Short Hair,Female
Senior,Domestic Short Hair,Female
Adult,Domestic Short Hair Mix,Female
Adult,Domestic Short Hair Mix,Female
Adult,Domestic Short Hair Mix,Female
Adult,Domestic Short Hair Mix,Female
Adult,Domestic Short Hair,Female
Adult,Domestic Long Hair Mix,Male
Adult,Domestic Short Hair Mix,Male
Young,Domestic Short Hair,Female
Adult,Domestic Short Hair Mix,Female
Adult,Domestic Short Hair Mix,Female
Adult,Domestic Short Hair Mix,Female
Adult,Domestic Medium Hair Mix,Male
Young,Domestic Short Hair,Female
Young,Domestic Short Hair Mix,Female
Young,Domestic Short Hair Mix,Female
Adult,Domestic Short Hair Mix,Male
Adult,Domestic Medium Hair,Male
Young,Domestic Long Hair,Female
Young,Domestic Short Hair Mix,Female
Young,Domestic Short Hair Mix,Male
Adult,Domestic Long Hair Mix,Male
Adult,Domestic Short Hair Mix,Female
Adult,Domestic Short Hair Mix,Male
Adult,Domestic Short Hair,Male
Adult,Domestic Medium Hair,Female
Adult,Domestic Short Hair,Male
Adult,Domestic Short Hair,Male
Adult,Domestic Short Hair,Male
Adult,Domestic Short Hair,Female
Senior,Domestic Long Hair,Female
Young,Domestic Short Hair Mix,Male
Senior,Domestic Long Hair,Male
Senior,Domestic Short Hair,Female
Adult,Domestic Short Hair,Female
Adult,Domestic Short Hair & Russian Blue Mix,Female
Adult,Domestic Short Hair,Male
Adult,Domestic Short Hair,Female
Kitten,Domestic Short Hair,Female
Senior,Domestic Short Hair Mix,Male
Adult,Domestic Short Hair Mix,Male
Young,Domestic Short Hair Mix,Male
Adult,Domestic Long Hair Mix,Female
Senior,Domestic Short Hair Mix,Female
Adult,Domestic Short Hair Mix,Male
Adult,Domestic Short Hair Mix,Male
Young,Domestic Long Hair Mix,Female
Adult,American Shorthair Mix,Female
Adult,American Shorthair,Female
Adult,Domestic Short Hair,Female
Adult,Domestic Short Hair,Male
Senior,Domestic Short Hair,Female
Senior,Bengal,Female
Senior,Domestic Medium Hair,Male
Adult,Domestic Short Hair,Female
Adult,Domestic Short Hair & Calico Mix,Female
Adult,Domestic Short Hair,Female
Adult,Tortoiseshell & Domestic Short Hair Mix,Female
Adult,Domestic Short Hair,Male
Young,Domestic Short Hair,Female
Adult,Domestic Short Hair,Male
Adult,Domestic Long Hair,Female
Young,Domestic Short Hair,Male
Adult,Maine Coon Mix,Female
Adult,Domestic Short Hair,Female
Kitten,Domestic Short Hair,Female
Adult,Domestic Short Hair,Male
Adult,Domestic Short Hair,Male
Young,Domestic Short Hair,Female
Young,Domestic Short Hair,Male
Senior,Domestic Short Hair,Male
Kitten,Dilute Tortoiseshell,Female
Adult,Tiger,Female
Kitten,American Shorthair,Female
Adult,Tiger & American Shorthair Mix,Male
Young,Domestic Short Hair & Siamese Mix,Male
Adult,Domestic Short Hair,Male
Adult,Domestic Short Hair,Female
Adult,Domestic Short Hair,Female
Adult,Domestic Short Hair,Female
Adult,Domestic Short Hair,Male
Adult,Domestic Short Hair,Female
Adult,Domestic Short Hair,Female
Adult,Domestic Short Hair,Female
Adult,Domestic Short Hair,Male
Adult,Domestic Long Hair,Male
Adult,Domestic Short Hair,Male
Adult,Calico,Female
Young,Domestic Short Hair,Male
Adult,Domestic Short Hair,Male
Adult,Tiger,Male
Adult,Tortoiseshell,Female
Adult,Domestic Short Hair,Male
Adult,Tortoiseshell,Female
Adult,Domestic Short Hair,Female
Adult,Domestic Short Hair & Tiger Mix,Male
Adult,Domestic Short Hair,Male
Adult,Siamese,Male
Adult,Domestic Short Hair,Female
Young,Domestic Short Hair & Tiger Mix,Male
Senior,Domestic Short Hair,Female
Adult,Domestic Short Hair & Tiger Mix,Female
Adult,Domestic Long Hair,Male
Senior,Domestic Short Hair,Female
Adult,Maine Coon & Ragdoll Mix,Male
Adult,Domestic Long Hair & Maine Coon Mix,Male
Adult,Ragdoll & Snowshoe Mix,Male
Adult,Maine Coon & Ragdoll Mix,Male
Young,Domestic Long Hair & Tuxedo Mix,Male
Adult,Domestic Short Hair & Tiger Mix,Female
Adult,Domestic Short Hair,Male
Adult,Domestic Short Hair,Female
Adult,Maine Coon,Male
Senior,Domestic Medium Hair,Male
Young,Domestic Short Hair,Female
Kitten,Domestic Short Hair & Tiger Mix,Female
Adult,Domestic Short Hair,Male
Young,Torbie,Female
Kitten,Domestic Short Hair & Tiger Mix,Female
Adult,Domestic Medium Hair,Female
Adult,Persian,Female
Adult,Domestic Short Hair & Tiger Mix,Male
Senior,Calico,Female
Adult,Domestic Short Hair,Male
Adult,Domestic Short Hair,Female
Young,Domestic Long Hair,Female
Young,Maine Coon & Domestic Long Hair Mix,Male
Adult,Domestic Short Hair & Tiger Mix,Female
Adult,Domestic Short Hair,Female
Adult,Domestic Medium Hair,Male
Adult,Domestic Short Hair & Tiger Mix,Male
Adult,Domestic Short Hair & Tiger Mix,Male
Adult,Domestic Short Hair,Male
Adult,Tiger & Domestic Short Hair Mix,Female
Adult,Domestic Medium Hair,Female
Kitten,Bengal & Domestic Short Hair Mix,Female
Adult,Domestic Medium Hair,Female
Adult,Domestic Short Hair,Female
Senior,Domestic Short Hair,Male
Young,Domestic Short Hair,Male
Adult,Domestic Medium Hair,Female
Adult,Domestic Medium Hair,Female
Young,Domestic Short Hair,Female
Adult,Domestic Short Hair & Tiger Mix,Female
Adult,Domestic Short Hair,Female
Adult,Domestic Short Hair,Female
Adult,Domestic Short Hair & Tiger Mix,Female
Kitten,Domestic Short Hair & Tiger Mix,Female
Kitten,Domestic Short Hair,Male
Adult,Domestic Short Hair,Male
Adult,Domestic Short Hair,Female
Adult,Domestic Short Hair,Male
Adult,Tortoiseshell,Female
Adult,Domestic Short Hair,Female
Adult,Domestic Short Hair,Female
Adult,Domestic Short Hair,Male
Adult,Domestic Short Hair,Male
Young,Domestic Short Hair,Female
Kitten,Dilute Tortoiseshell,Female
Kitten,Domestic Short Hair,Male
Kitten,Domestic Short Hair,Female
Adult,Calico,Female
Adult,Domestic Short Hair & Tiger Mix,Female
Young,Domestic Short Hair,Female
Kitten,Domestic Short Hair & Tiger Mix,Female
Adult,Domestic Medium Hair,Male
Kitten,Dilute Tortoiseshell,Female
Kitten,Domestic Short Hair Mix,Male
Kitten,Domestic Short Hair,Female
Kitten,Maine Coon,Male
Kitten,Domestic Short Hair,Female
Adult,Calico,Female
Adult,Dilute Tortoiseshell,Female
Adult,Domestic Short Hair & Tiger Mix,Female
Adult,Maine Coon,Male
Young,Domestic Short Hair,Female
Young,Domestic Short Hair,Male
Young,Domestic Short Hair,Male
Adult,Domestic Short Hair,Male
Adult,Siamese & Burmese Mix,Male
Adult,Domestic Short Hair,Female
Adult,Calico,Female
Adult,Dilute Calico,Female
Young,Domestic Long Hair,Female
Adult,Tiger,Male
Young,Maine Coon Mix,Male
Young,Domestic Long Hair,Male
Young,Domestic Short Hair & Tiger Mix,Female
Adult,Dilute Calico,Female
Adult,Domestic Short Hair,Female
Adult,Domestic Short Hair,Female
Adult,Calico,Female
Adult,Domestic Short Hair,Female
Adult,Siamese & Burmese Mix,Male
Adult,Domestic Long Hair,Male
Adult,Domestic Short Hair,Female
Young,Domestic Short Hair,Female
Adult,Calico,Female
Adult,Domestic Short Hair & Tiger Mix,Female
Young,Tiger,Male
Adult,Maine Coon Mix,Female
Adult,Domestic Short Hair,Male
Adult,Domestic Short Hair & Tiger Mix,Male
Adult,Tiger,Male
Adult,Domestic Short Hair,Female
Adult,Ragdoll Mix,Male
Young,Munchkin,Female
Adult,Domestic Short Hair,Male
Young,Maine Coon Mix,Female
Kitten,Domestic Short Hair,Male
Young,Domestic Short Hair,Male
Adult,Domestic Short Hair,Male
Adult,Domestic Short Hair,Male
Adult,Domestic Short Hair,Male
Adult,Domestic Short Hair,Female
Adult,Domestic Medium Hair,Female
Adult,Domestic Short Hair,Male
Adult,Domestic Short Hair,Male
Kitten,Tiger,Male
Adult,Domestic Short Hair,Male
Young,Domestic Short Hair,Male
Adult,Domestic Short Hair,Male
Adult,Domestic Short Hair,Male
Adult,Maine Coon,Male
Senior,Domestic Short Hair,Female
Adult,Domestic Long Hair,Male
Adult,Domestic Short Hair,Male
Adult,Domestic Short Hair,Female
Young,Domestic Medium Hair,Female
Adult,Domestic Short Hair & Tiger Mix,Female
Young,Domestic Short Hair & Tiger Mix,Male
Young,Domestic Short Hair,Male
Adult,Domestic Short Hair,Male
Adult,Domestic Short Hair,Female
Adult,Domestic Short Hair,Female
Adult,Domestic Short Hair,Male
Adult,Siamese,Female
Adult,Domestic Short Hair,Male
Kitten,Domestic Short Hair,Male
Kitten,Domestic Short Hair,Female
Kitten,Domestic Short Hair & Tiger Mix,Female
Young,Domestic Short Hair,Female
Young,Domestic Short Hair & Tiger Mix,Female
Adult,Domestic Short Hair & Tiger Mix,Male
Adult,Domestic Short Hair & Tiger Mix,Female
Young,Domestic Medium Hair,Female
Young,Domestic Short Hair,Male
Adult,Domestic Medium Hair,Male
Young,Calico,Female
Adult,Calico,Female
Adult,Domestic Short Hair & Tiger Mix,Male
Young,Domestic Short Hair & Tiger Mix,Male
Adult,Domestic Long Hair & Calico Mix,Female
Adult,Domestic Short Hair & Tiger Mix,Female
Adult,Domestic Short Hair,Male
Young,Domestic Short Hair & Tiger Mix,Female
Adult,Domestic Short Hair & Tiger Mix,Female
Young,Domestic Medium Hair & Maine Coon Mix,Male
Adult,Domestic Short Hair,Male
Adult,Domestic Medium Hair,Female
Adult,Domestic Short Hair,Male
Young,Domestic Short Hair,Male
Adult,Domestic Short Hair,Female
Adult,Domestic Short Hair,Female
Adult,Domestic Short Hair,Female
Kitten,Domestic Short Hair,Male
Young,Domestic Short Hair,Female
Adult,Domestic Short Hair,Female
Adult,Domestic Short Hair,Male
Adult,Domestic Short Hair,Female
Senior,Domestic Long Hair,Male
Young,Domestic Long Hair,Female
Young,Tortoiseshell,Female
Adult,Domestic Short Hair,Male
Adult,Domestic Long Hair,Male
Adult,Domestic Long Hair,Male
Adult,Tiger,Female
Adult,Domestic Short Hair,Male
Adult,Tiger,Male
Adult,Domestic Short Hair,Male
Adult,Tortoiseshell,Female
Adult,Tiger & Domestic Short Hair Mix,Male
Adult,Domestic Short Hair & Tiger Mix,Male
Adult,Domestic Long Hair,Female
Young,Tortoiseshell,Female
Adult,Domestic Short Hair & Tiger Mix,Female
Adult,Domestic Short Hair,Male
Adult,Domestic Short Hair,Female
Adult,Domestic Short Hair,Male
Adult,Domestic Short Hair,Male
Adult,Domestic Short Hair,Male
Adult,Domestic Short Hair,Male
Adult,Domestic Short Hair,Male
Adult,Siamese & Domestic Short Hair Mix,Female
Adult,Domestic Short Hair & Tiger Mix,Male
Adult,Domestic Short Hair,Male
Young,Dilute Calico,Female
Adult,Domestic Short Hair,Female
Adult,Domestic Short Hair,Female
Adult,Domestic Medium Hair,Female
Adult,Domestic Short Hair & Tiger Mix,Female
Adult,Siamese,Female
Adult,Calico,Female
Adult,Domestic Short Hair & Tiger Mix,Female
Adult,Domestic Short Hair & Tiger Mix,Female
Young,Domestic Short Hair,Female
Adult,Tiger & Domestic Short Hair Mix,Female
Adult,Domestic Short Hair,Male
Young,Domestic Short Hair,Female
Adult,Domestic Short Hair,Female
Adult,Domestic Long Hair,Female
Adult,Domestic Long Hair & Tuxedo Mix,Female
Adult,Domestic Medium Hair,Male
Adult,Domestic Medium Hair & Tiger Mix,Female
Adult,Domestic Short Hair,Male
Adult,Maine Coon Mix,Female
Adult,Domestic Short Hair & Tiger Mix,Female
Adult,Domestic Short Hair,Male
Adult,Domestic Short Hair Mix,Female
Adult,Domestic Short Hair & Tiger Mix,Male
Adult,Calico,Female
Young,Domestic Short Hair & Tiger Mix,Female
Young,Tiger & Domestic Short Hair Mix,Male
Adult,Domestic Short Hair,Female
Young,Domestic Short Hair & Tiger Mix,Male
Young,Domestic Short Hair,Female
Adult,Maine Coon Mix,Male
Adult,Maine Coon Mix,Female
Young,Domestic Short Hair,Female
Adult,Domestic Short Hair Mix,Male
Kitten,Domestic Long Hair,Male
Adult,Domestic Short Hair & Tiger Mix,Female
Adult,Dilute Calico Mix,Female
Adult,Domestic Short Hair,Male
Adult,Torbie Mix,Female
Adult,Domestic Short Hair,Male
Adult,Domestic Short Hair,Female
Young,Calico,Female
Young,Domestic Short Hair,Male
Adult,Persian Mix,Female
Adult,Tiger & Domestic Short Hair Mix,Male
Adult,Siamese & Domestic Short Hair Mix,Male
Young,Domestic Short Hair,Female
Senior,Domestic Short Hair Mix,Female
Adult,Burmese,Female
Young,Calico & Domestic Long Hair Mix,Female
Kitten,Tiger & Tabby Mix,Female
Young,Domestic Long Hair Mix,Female
Adult,Tiger & Domestic Short Hair Mix,Female
Senior,Domestic Short Hair Mix,Male
Adult,Tiger & Domestic Short Hair Mix,Male
Kitten,Calico,Female
Adult,Domestic Medium Hair,Male
Adult,Domestic Medium Hair & Tiger Mix,Female
Adult,Domestic Short Hair,Male
Adult,Maine Coon Mix,Female
Adult,Domestic Short Hair & Tiger Mix,Female
Adult,Domestic Short Hair,Male
Adult,Domestic Short Hair Mix,Female
Adult,Domestic Short Hair & Tiger Mix,Male
Adult,Calico,Female
Young,Domestic Short Hair & Tiger Mix,Female
Young,Tiger & Domestic Short Hair Mix,Male
Adult,Domestic Short Hair,Female
Young,Domestic Short Hair & Tiger Mix,Male
Young,Domestic Short Hair,Female
Adult,Maine Coon Mix,Male
Adult,Maine Coon Mix,Female
Young,Domestic Short Hair,Female
Adult,Domestic Short Hair Mix,Male
Kitten,Domestic Long Hair,Male
Adult,Domestic Short Hair & Tiger Mix,Female
Adult,Dilute Calico Mix,Female
Adult,Domestic Short Hair,Male
Adult,Torbie Mix,Female
Adult,Domestic Short Hair,Male
Adult,Domestic Short Hair,Female
Young,Calico,Female
Young,Domestic Short Hair,Male
Adult,Persian Mix,Female
Adult,Tiger & Domestic Short Hair Mix,Male
Adult,Siamese & Domestic Short Hair Mix,Male
Young,Domestic Short Hair,Female
Senior,Domestic Short Hair Mix,Female
Adult,Burmese,Female
Young,Calico & Domestic Long Hair Mix,Female
Kitten,Tiger & Tabby Mix,Female
Young,Domestic Long Hair Mix,Female
Adult,Tiger & Domestic Short Hair Mix,Female
Senior,Domestic Short Hair Mix,Male
Adult,Tiger & Domestic Short Hair Mix,Male
Kitten,Calico,Female
Adult,Domestic Short Hair,Female
Kitten,Domestic Medium Hair,Male
Young,Domestic Short Hair,Male
Adult,Extra-Toes Cat / Hemingway Polydactyl & Tiger Mix,Male
Adult,Domestic Short Hair,Female
Young,Tiger,Female
Adult,Domestic Short Hair,Male
Adult,Domestic Long Hair,Female
Young,Tuxedo,Female
Adult,Domestic Short Hair,Female
Adult,Domestic Short Hair,Male
Kitten,Domestic Short Hair,Male
Kitten,Domestic Short Hair,Female
Adult,Calico,Female
Adult,Domestic Short Hair,Male
Adult,Domestic Short Hair,Female
Adult,Domestic Short Hair,Male
Young,Domestic Short Hair,Female
Adult,Domestic Short Hair,Female
Adult,Domestic Short Hair,Male
Young,Domestic Short Hair,Male
Young,Domestic Short Hair,Male
Adult,Domestic Short Hair,Female
Adult,Domestic Short Hair,Male
Kitten,Domestic Short Hair,Female
Kitten,Domestic Short Hair,Female
Adult,Domestic Short Hair,Female
Adult,Domestic Short Hair,Female
Adult,Domestic Short Hair,Female
Kitten,Domestic Short Hair,Male
Kitten,Calico,Female
Adult,Domestic Short Hair,Male
59,away,miles
Young,Tuxedo & Domestic Short Hair Mix,Male
Senior,Domestic Short Hair,Female
Senior,Domestic Short Hair,Female
Adult,Tabby Mix,Female
Adult,Domestic Short Hair Mix,Female
Kitten,Domestic Short Hair Mix,Male
Kitten,Domestic Medium Hair Mix,Female
Young,Domestic Short Hair Mix,Female
Young,Domestic Short Hair,Female
Young,Domestic Short Hair,Female
Young,Domestic Short Hair,Female
Young,Domestic Short Hair,Female
Young,Domestic Short Hair,Female
Young,Domestic Short Hair,Male
Young,Domestic Short Hair,Female
Young,Domestic Short Hair,Female
Young,Domestic Short Hair Mix,Male
Young,Domestic Short Hair Mix,Male
Adult,American Shorthair Mix,Female
Senior,Domestic Short Hair,Male
Adult,Domestic Short Hair,Male
Adult,Tabby & Domestic Short Hair Mix,Male
Adult,Domestic Short Hair Mix,Female
Adult,Domestic Short Hair,Female
Young,Domestic Medium Hair Mix,Female
Young,Domestic Short Hair Mix,Male
Adult,Domestic Short Hair,Female
Adult,Domestic Short Hair Mix,Female
Kitten,Domestic Short Hair Mix,Male
Young,Domestic Short Hair Mix,Female
Adult,Maine Coon & Domestic Medium Hair Mix,Male
Adult,Bengal & Domestic Short Hair Mix,Female
Adult,Domestic Short Hair Mix,Female
Young,Domestic Short Hair,Male
Young,Domestic Medium Hair,Female
Young,Domestic Medium Hair,Female
Young,Domestic Short Hair,Female
Young,Domestic Medium Hair Mix,Female
Young,Domestic Short Hair Mix,Male
Young,Domestic Short Hair,Male
Adult,Domestic Medium Hair,Male
Young,Domestic Short Hair,Male
Adult,Domestic Medium Hair,Male
Kitten,Domestic Short Hair,Male
Kitten,Domestic Short Hair,Female
Kitten,Domestic Short Hair,Female
Kitten,Domestic Short Hair,Female
Adult,Domestic Short Hair,Female
Young,Maine Coon,Female
Adult,Domestic Short Hair,Female
Adult,Domestic Medium Hair Mix,Male
Adult,Domestic Medium Hair,Male
Kitten,Domestic Short Hair Mix,Male
Kitten,Domestic Short Hair,Male
Senior,Domestic Short Hair,Female
Adult,Domestic Short Hair,Female
Young,Domestic Long Hair,Female
Young,Domestic Short Hair,Female
Young,Domestic Short Hair,Male
Adult,Ragdoll,Male
Young,Domestic Short Hair,Male
Adult,Domestic Medium Hair,Male
Adult,Siamese,Female
Young,Domestic Short Hair Mix,Female
Young,Domestic Short Hair,Male
Kitten,Domestic Short Hair,Male
Adult,Domestic Short Hair,Male
Kitten,Domestic Short Hair,Male
Kitten,Domestic Short Hair,Male
Kitten,Domestic Short Hair,Female
Adult,Domestic Long Hair & Maine Coon Mix,Male
Young,Domestic Short Hair,Male
Kitten,Tabby,Female
Kitten,Domestic Short Hair,Male
Kitten,Tabby,Female
Kitten,Tabby,Female
Kitten,Domestic Short Hair,Male
Kitten,Calico,Female
Adult,Tortoiseshell,Female
Young,Domestic Short Hair Mix,Female
Young,Domestic Short Hair,Male
Adult,Domestic Medium Hair,Female
Adult,Domestic Short Hair,Female
Adult,Domestic Medium Hair Mix,Male
Young,Exotic Shorthair,Male
Young,Tabby Mix,Female
Young,Domestic Medium Hair Mix,Female
Kitten,Exotic Shorthair Mix,Female
Adult,Tabby,Male
Adult,Tabby & Maine Coon Mix,Female
Adult,Domestic Long Hair,Female
Adult,Domestic Medium Hair,Female
Adult,Domestic Short Hair,Male
Senior,Tabby,Male
Kitten,Domestic Medium Hair & Maine Coon Mix,Male
Kitten,Domestic Short Hair,Male
Kitten,Domestic Short Hair,Female
Kitten,Domestic Short Hair,Female
Kitten,Domestic Short Hair,Female
Kitten,Domestic Medium Hair & Tabby Mix,Male
Kitten,Domestic Short Hair,Male
Kitten,Domestic Short Hair,Male
Kitten,Tabby,Female
Kitten,Tabby,Female
Kitten,Domestic Short Hair,Female
Adult,Domestic Short Hair,Male
Adult,Siamese & Domestic Short Hair Mix,Male
Adult,Domestic Short Hair,Female
Adult,Tabby & Maine Coon Mix,Female
Young,Domestic Short Hair,Female
Adult,Tortoiseshell,Female
Adult,Domestic Short Hair,Male
Young,Torbie & Siamese Mix,Female
Adult,Domestic Short Hair Mix,Female
Young,Tabby,Female
Adult,Domestic Short Hair,Female
Adult,Tabby,Male
Kitten,Torbie,Female
Adult,Domestic Short Hair,Male
Adult,Tabby Mix,Female
Kitten,Domestic Medium Hair,Male
Kitten,Domestic Medium Hair,Male
Senior,Domestic Short Hair,Female
Young,Calico,Female
Adult,Domestic Medium Hair,Female
Adult,Domestic Short Hair,Female
Young,Domestic Short Hair,Female
Adult,Domestic Medium Hair,Male
Adult,Tabby & American Bobtail Mix,Male
Adult,Tabby,Male
Young,Tabby & Siamese Mix,Male
Adult,Tiger,Male
Kitten,Domestic Medium Hair,Male
Adult,Domestic Short Hair,Male
Kitten,Tabby,Male
Kitten,Domestic Short Hair,Male
Adult,Tuxedo,Female
Kitten,Tabby,Male
Adult,Tuxedo,Female
Senior,Tabby,Female
Kitten,Domestic Short Hair,Male
Young,Calico,Female
Adult,Siamese & Domestic Short Hair Mix,Female
Young,Tabby Mix,Female
Young,Tabby,Female
Young,Domestic Short Hair,Female
Young,Domestic Short Hair,Male
Adult,Calico,Female
Adult,Domestic Long Hair,Female
Adult,Tabby,Male
Young,Tuxedo,Female
Adult,Calico,Female
Adult,Tabby,Female
Kitten,Tuxedo,Male
Kitten,Domestic Medium Hair,Female
Young,Domestic Short Hair,Female
Adult,Domestic Short Hair,Male
Adult,Tabby Mix,Male
Adult,Tabby Mix,Female
Adult,Tabby,Male
Adult,Domestic Short Hair,Male
Adult,Domestic Medium Hair,Male
Adult,Domestic Short Hair,Male
Adult,Domestic Medium Hair,Female
Adult,Domestic Medium Hair,Male
Adult,Tabby,Male
Adult,Domestic Short Hair,Female
Adult,American Shorthair,Male
Adult,Tortoiseshell,Female
Adult,Torbie,Female
Adult,Domestic Short Hair,Male
Young,Tabby,Male
Adult,Torbie,Female
Adult,Tabby,Male
Young,Domestic Long Hair,Male
Adult,Tabby,Male
Young,Domestic Short Hair,Female
Adult,Tabby,Male
Young,Domestic Short Hair,Female
Young,Domestic Short Hair,Female
Senior,Tuxedo,Female
Adult,Domestic Medium Hair,Female
Adult,Maine Coon & Tabby Mix,Male
Adult,Domestic Long Hair,Male
Kitten,Tabby,Female
Young,Domestic Short Hair,Male
Adult,Domestic Long Hair,Male
Young,Torbie,Female
Young,Domestic Short Hair,Male
Adult,Tabby,Male
Adult,Domestic Short Hair,Male
Adult,Domestic Long Hair,Male
Adult,Tabby,Male
Adult,Domestic Short Hair,Female
Adult,Tabby,Female
Senior,Tuxedo,Male
Kitten,Tiger,Male
Kitten,Tabby,Male
Adult,Domestic Short Hair,Male
Young,Tabby,Female
Young,Domestic Short Hair,Female
Adult,Tabby Mix,Male
Adult,Domestic Short Hair,Male
Kitten,Tabby,Female
Adult,Tabby,Male
Kitten,Domestic Short Hair,Male
Kitten,Tabby,Male
Kitten,Domestic Short Hair,Male
Adult,Domestic Medium Hair,Male
Young,Tabby,Female
Young,Tiger,Female
Kitten,Domestic Short Hair,Female
Young,Domestic Short Hair,Female
Adult,Domestic Short Hair,Male
Young,Torbie,Female
Adult,Tabby,Female
Kitten,Tabby,Female
Kitten,Tabby,Male
Young,Domestic Short Hair,Female
Adult,Tabby Mix,Male
Adult,Maine Coon Mix,Female
Young,Tabby,Female
Young,Torbie,Female
Young,Domestic Short Hair,Female
Young,Domestic Long Hair,Male
Young,Tiger & Domestic Short Hair Mix,Male
Young,Tabby,Male
Young,Domestic Short Hair,Female
Adult,Domestic Short Hair,Male
Young,Domestic Short Hair,Male
Adult,Domestic Medium Hair,Female
Adult,Domestic Medium Hair,Female
Kitten,Domestic Medium Hair,Female
Young,Tabby & Maine Coon Mix,Female
Adult,Tabby,Female
Young,Tiger & Domestic Short Hair Mix,Female
Young,Tabby & Siamese Mix,Female
Adult,Tabby,Male
Young,Tabby & Siamese Mix,Female
Kitten,Domestic Medium Hair,Male
Young,Domestic Medium Hair,Male
Kitten,Domestic Short Hair,Female
Kitten,Torbie,Male
Adult,Tabby & Maine Coon Mix,Female
Kitten,Tortoiseshell,Female
Adult,Maine Coon & Tabby Mix,Male
Adult,Domestic Long Hair,Female
Young,Domestic Short Hair,Female
Adult,Tabby,Male
Kitten,Siamese Mix,Female
Adult,Tabby,Male
Adult,Tiger,Male
Adult,Domestic Short Hair & Tabby Mix,Female
Senior,Domestic Short Hair,Female
Adult,Torbie,Female
Adult,Calico,Female
Young,Torbie,Male
Young,Tortoiseshell,Female
Adult,Domestic Short Hair,Female
Young,Domestic Long Hair,Male
Young,Domestic Short Hair,Female
Adult,Domestic Short Hair,Male
Adult,Domestic Short Hair,Male
Kitten,Domestic Medium Hair,Male
Adult,Maine Coon Mix,Female
Young,Domestic Short Hair,Male
Young,Domestic Short Hair,Female
Young,Domestic Short Hair,Female
Adult,Domestic Short Hair,Male
Adult,Domestic Short Hair,Male
Adult,Domestic Medium Hair,Male
Young,Domestic Short Hair,Female
Young,Domestic Medium Hair,Female
Young,Domestic Medium Hair,Female
Young,Domestic Short Hair,Female
Young,Domestic Short Hair,Female
Adult,Domestic Short Hair,Male
Young,Domestic Short Hair,Female
Adult,Domestic Short Hair,Female
Young,Domestic Short Hair,Female
Young,Domestic Medium Hair,Male
Young,Domestic Short Hair,Male
Young,Domestic Short Hair,Male
Young,Domestic Short Hair,Female
Young,Domestic Short Hair,Female
Young,Domestic Short Hair,Male
Adult,Domestic Short Hair,Female
Young,Domestic Short Hair,Female
Adult,Tabby,Male
Kitten,Siamese Mix,Female
Adult,Tabby,Male
Adult,Tiger,Male
Adult,Domestic Short Hair & Tabby Mix,Female
Senior,Domestic Short Hair,Female
Adult,Torbie,Female
Adult,Calico,Female
Young,Torbie,Male
Young,Tortoiseshell,Female
Adult,Domestic Short Hair,Female
Young,Domestic Long Hair,Male
Young,Domestic Short Hair,Female
Adult,Domestic Short Hair,Male
Adult,Domestic Short Hair,Male
Kitten,Domestic Medium Hair,Male
Adult,Maine Coon Mix,Female
Young,Domestic Short Hair,Male
Young,Domestic Short Hair,Female
Young,Domestic Short Hair,Female
Adult,Domestic Short Hair,Male
Adult,Domestic Short Hair,Male
Adult,Domestic Medium Hair,Male
Young,Domestic Short Hair,Female
Young,Domestic Medium Hair,Female
Young,Domestic Medium Hair,Female
Young,Domestic Short Hair,Female
Young,Domestic Short Hair,Female
Adult,Domestic Short Hair,Male
Young,Domestic Short Hair,Female
Adult,Domestic Short Hair,Female
Young,Domestic Short Hair,Female
Young,Domestic Medium Hair,Male
Young,Domestic Short Hair,Male
Young,Domestic Short Hair,Male
Young,Domestic Short Hair,Female
Young,Domestic Short Hair,Female
Young,Domestic Short Hair,Male
Adult,Domestic Short Hair,Female
Adult,Domestic Short Hair,Male
Adult,Domestic Short Hair,Male
Adult,Domestic Short Hair,Male
Adult,Domestic Short Hair,Male
Adult,Domestic Short Hair,Female
Young,Domestic Short Hair,Female
Adult,Domestic Short Hair,Male
Adult,Domestic Short Hair,Male
Adult,Domestic Medium Hair,Female
Adult,Domestic Medium Hair,Male
Adult,Domestic Short Hair,Male
Young,Domestic Short Hair,Female
Young,Domestic Short Hair,Female
Adult,Domestic Short Hair,Female
Kitten,Domestic Short Hair,Male
Kitten,Domestic Short Hair,Female
Kitten,Domestic Short Hair,Male
Kitten,Domestic Short Hair,Female
Kitten,Domestic Short Hair,Female
Kitten,Domestic Short Hair,Male
Adult,Domestic Short Hair,Female
Kitten,Domestic Short Hair,Female
Kitten,Domestic Short Hair,Male
Kitten,Domestic Short Hair,Male
Kitten,Domestic Short Hair,Female
Adult,Domestic Short Hair Mix,Female
Adult,Domestic Short Hair Mix,Male
Adult,Domestic Short Hair Mix,Male
Adult,Domestic Short Hair Mix,Female
Adult,Domestic Long Hair Mix,Female
Adult,Domestic Medium Hair Mix,Female
Adult,Domestic Short Hair Mix,Female
Adult,Domestic Long Hair Mix,Male
Adult,Domestic Short Hair Mix,Male
Adult,Domestic Medium Hair Mix,Female
Adult,Domestic Short Hair Mix,Female
Adult,Domestic Short Hair Mix,Female
Adult,Domestic Short Hair Mix,Male
Adult,Domestic Short Hair Mix,Female
Adult,Domestic Short Hair Mix,Male
Adult,Domestic Short Hair Mix,Female
Adult,Domestic Short Hair Mix,Female
Adult,Domestic Short Hair Mix,Female
Adult,Domestic Short Hair Mix,Male
Adult,Domestic Short Hair Mix,Male
Adult,Domestic Short Hair Mix,Female
Adult,Domestic Short Hair Mix,Male
Adult,Domestic Short Hair Mix,Female
Adult,Domestic Long Hair Mix,Female
Adult,Domestic Short Hair Mix,Female
Adult,Domestic Short Hair Mix,Female
Adult,Domestic Long Hair Mix,Female
Adult,Domestic Short Hair Mix,Female
Adult,Domestic Short Hair Mix,Male
Adult,Domestic Short Hair Mix,Female
Adult,Domestic Short Hair,Male
Adult,Domestic Long Hair Mix,Female
Adult,Domestic Short Hair Mix,Female
Adult,Domestic Short Hair Mix,Male
Kitten,Domestic Short Hair,Female
Kitten,Domestic Short Hair,Female
Kitten,Domestic Short Hair,Female
Adult,Domestic Short Hair Mix,Female
Adult,Domestic Short Hair Mix,Female
Adult,Domestic Long Hair Mix,Female
Adult,Domestic Long Hair Mix,Female
Adult,Domestic Medium Hair Mix,Male
Adult,Domestic Short Hair Mix,Female
Adult,Maine Coon & Domestic Long Hair Mix,Female
Adult,Domestic Short Hair Mix,Female
Adult,Domestic Short Hair Mix,Female
Adult,Domestic Short Hair Mix,Male
Adult,Domestic Short Hair Mix,Male
Adult,Domestic Short Hair Mix,Male
Adult,Domestic Short Hair Mix,Female
Adult,Domestic Short Hair Mix,Female
Adult,Domestic Short Hair Mix,Female
Adult,Domestic Short Hair Mix,Male
Adult,Domestic Short Hair Mix,Female
Adult,Domestic Short Hair Mix,Male
Adult,Domestic Medium Hair Mix,Female
Adult,Domestic Short Hair Mix,Male
Adult,Domestic Short Hair,Male
Adult,Siamese & Domestic Long Hair Mix,Male
Adult,Domestic Long Hair,Female
Adult,Domestic Long Hair,Female
Young,Domestic Short Hair,Female
Kitten,Siamese & Domestic Long Hair Mix,Female
Young,Domestic Short Hair,Female
Young,Domestic Short Hair,Female
Young,Domestic Short Hair,Male
Adult,Domestic Long Hair & Chartreux Mix,Male
Adult,Domestic Short Hair,Male
Young,Domestic Short Hair Mix,Female
Young,Domestic Short Hair,Female
Young,Domestic Short Hair,Female
Young,Domestic Short Hair,Male
Adult,Domestic Short Hair,Female
Young,Domestic Medium Hair,Male
Young,Domestic Short Hair,Female
Young,Domestic Short Hair,Female
Adult,Domestic Long Hair,Female
Adult,Domestic Short Hair,Female
Adult,Domestic Short Hair,Female
Young,Domestic Short Hair,Female
80,away,miles
Adult,Domestic Short Hair,Female
Young,Domestic Short Hair,Female
Young,Domestic Long Hair,Female
Young,Domestic Short Hair,Female
Adult,Domestic Short Hair,Female
80,away,miles
Adult,Domestic Short Hair,Female
Young,Domestic Short Hair,Female
Adult,Domestic Short Hair,Male
Young,Domestic Short Hair,Female
Young,Domestic Short Hair,Female
Adult,Domestic Short Hair,Female
Adult,Domestic Short Hair,Female
Adult,Domestic Short Hair,Female
Adult,Domestic Long Hair,Female
Adult,Domestic Short Hair,Male
Senior,Siamese Mix,Male
Young,Domestic Short Hair,Male
Young,Domestic Short Hair,Female
Young,Domestic Long Hair,Male
Adult,Domestic Long Hair,Male
Adult,Domestic Short Hair,Male
Adult,Domestic Short Hair,Female
Adult,Domestic Short Hair,Male
Adult,Domestic Short Hair,Female
Adult,Domestic Long Hair,Male
Adult,Domestic Short Hair,Female
Adult,Domestic Short Hair & Siamese Mix,Female
Adult,Domestic Short Hair,Male
Adult,Domestic Short Hair,Female
Adult,Domestic Short Hair,Female
Adult,Domestic Short Hair,Female
Adult,Domestic Long Hair,Female
Adult,Domestic Short Hair,Female
Adult,Domestic Short Hair,Male
Adult,Domestic Short Hair,Female
Adult,Domestic Long Hair,Male
Young,Domestic Short Hair,Female
Adult,Domestic Short Hair,Male
Adult,Domestic Short Hair,Female
Adult,Domestic Short Hair,Male
Adult,Domestic Short Hair,Female
Adult,Domestic Short Hair,Male
Adult,Domestic Short Hair,Female
Adult,Domestic Short Hair,Male
Adult,Domestic Short Hair,Female
Adult,Domestic Short Hair,Male
Adult,Domestic Short Hair,Male
Adult,Domestic Long Hair & Russian Blue Mix,Female
Adult,Domestic Long Hair,Female
Young,Domestic Short Hair Mix,Female
Young,Domestic Short Hair,Male
Adult,Domestic Short Hair,Female
Adult,Domestic Short Hair,Male
Adult,Domestic Short Hair,Female
Adult,Domestic Short Hair,Female
Adult,Domestic Short Hair,Female
Adult,Domestic Short Hair,Female
Adult,Domestic Short Hair,Male
Senior,Maine Coon Mix,Male
Adult,Domestic Long Hair,Male
Adult,Domestic Long Hair,Male
Adult,Domestic Short Hair,Male
Adult,Domestic Short Hair,Male
Adult,Domestic Short Hair,Male
Young,Domestic Short Hair,Male
Adult,Domestic Long Hair,Female
Adult,Domestic Short Hair,Female
Adult,Domestic Short Hair,Female
Adult,Domestic Short Hair,Male
Adult,Domestic Short Hair,Male
Adult,Domestic Short Hair,Female
Adult,Domestic Short Hair,Female
Adult,Domestic Long Hair,Male
Senior,Domestic Long Hair,Female
Adult,Domestic Short Hair,Female
Adult,Domestic Short Hair,Female
Adult,Domestic Short Hair,Female
Adult,Domestic Short Hair,Male
Adult,Domestic Short Hair,Female
Adult,Domestic Short Hair,Female
Young,Domestic Short Hair,Female
Adult,Domestic Short Hair,Female
Adult,Domestic Short Hair,Male
Adult,Domestic Short Hair,Female
Adult,Domestic Short Hair,Male
Adult,Domestic Short Hair,Female
Adult,Domestic Short Hair,Female
Senior,Domestic Short Hair,Female
Adult,Domestic Short Hair,Female
Adult,Himalayan Mix,Male
Young,Domestic Short Hair,Female
Adult,Ragamuffin,Female
Adult,Domestic Long Hair,Male
Adult,Domestic Long Hair,Male
Senior,Domestic Short Hair,Male
Adult,Domestic Short Hair & American Bobtail Mix,Female
Adult,Domestic Short Hair,Female
Adult,Domestic Short Hair,Female
Adult,Domestic Short Hair,Female
Adult,Domestic Short Hair,Female
Adult,Domestic Short Hair,Female
Adult,Domestic Short Hair,Female
Adult,Domestic Long Hair,Female
Adult,Ragamuffin,Male
Adult,Domestic Short Hair,Female
Adult,Domestic Short Hair,Female
Adult,Domestic Short Hair,Female
Adult,Domestic Short Hair,Male
Adult,Domestic Short Hair,Male
Adult,Domestic Short Hair,Female
Adult,Domestic Long Hair,Female
Adult,Domestic Long Hair,Female
Adult,Domestic Short Hair,Female
Adult,Domestic Short Hair,Male
Adult,Domestic Short Hair Mix,Female
Adult,Domestic Short Hair,Female
Adult,Domestic Short Hair,Female
Adult,Himalayan & Domestic Short Hair Mix,Female
Adult,Domestic Short Hair,Female
Adult,Domestic Short Hair,Female
Adult,Domestic Short Hair,Female
Adult,Domestic Short Hair,Female
Adult,Domestic Short Hair,Male
Adult,Domestic Short Hair,Female
Adult,Domestic Long Hair,Female
Adult,Domestic Short Hair,Male
Adult,Domestic Short Hair,Female
Adult,Domestic Long Hair,Male
Adult,Domestic Long Hair,Female
Adult,Domestic Short Hair,Male
Adult,Domestic Long Hair,Female
Senior,Domestic Long Hair,Female
Adult,Domestic Short Hair,Male
Adult,Domestic Long Hair,Male
Senior,Domestic Short Hair,Male
Adult,Domestic Short Hair & American Bobtail Mix,Female
Adult,Domestic Short Hair,Female
Adult,Domestic Short Hair,Female
Adult,Domestic Short Hair,Female
Adult,Domestic Short Hair,Female
Adult,Domestic Short Hair,Female
Adult,Domestic Short Hair,Female
Adult,Domestic Long Hair,Female
Adult,Ragamuffin,Male
Adult,Domestic Short Hair,Female
Adult,Domestic Short Hair,Female
Adult,Domestic Short Hair,Female
Adult,Domestic Short Hair,Male
Adult,Domestic Short Hair,Male
Adult,Domestic Short Hair,Female
Adult,Domestic Long Hair,Female
Adult,Domestic Long Hair,Female
Adult,Domestic Short Hair,Female
Adult,Domestic Short Hair,Male
Adult,Domestic Short Hair Mix,Female
Adult,Domestic Short Hair,Female
Adult,Domestic Short Hair,Female
Adult,Himalayan & Domestic Short Hair Mix,Female
Adult,Domestic Short Hair,Female
Adult,Domestic Short Hair,Female
Adult,Domestic Short Hair,Female
Adult,Domestic Short Hair,Female
Adult,Domestic Short Hair,Male
Adult,Domestic Short Hair,Female
Adult,Domestic Long Hair,Female
Adult,Domestic Short Hair,Male
Adult,Domestic Short Hair,Female
Adult,Domestic Long Hair,Male
Adult,Domestic Long Hair,Female
Adult,Domestic Short Hair,Male
Adult,Domestic Long Hair,Female
Senior,Domestic Long Hair,Female
Adult,Domestic Short Hair,Male
Adult,Domestic Short Hair,Female
Adult,Domestic Short Hair,Female
Adult,Domestic Long Hair,Male
Adult,Domestic Long Hair,Female
Adult,Domestic Short Hair,Female
Adult,Domestic Short Hair,Male
Adult,Domestic Short Hair,Female
Adult,Domestic Short Hair,Female
Young,Domestic Short Hair,Female
Adult,Domestic Long Hair,Male
Adult,Domestic Long Hair,Male
Adult,Domestic Long Hair,Female
Adult,Domestic Short Hair,Female
Adult,Domestic Short Hair,Female
Young,Domestic Short Hair,Female
Adult,Domestic Long Hair,Female
Adult,Domestic Short Hair,Male
Adult,Domestic Short Hair,Female
Adult,Domestic Short Hair,Male
Adult,Domestic Long Hair,Male
Adult,Domestic Short Hair,Male
Adult,Domestic Long Hair,Male
Adult,Domestic Short Hair,Female
Adult,Domestic Long Hair,Male
Adult,Domestic Short Hair,Female
Adult,Domestic Short Hair,Female
Adult,Domestic Short Hair,Male
Young,Domestic Short Hair,Female
Young,Domestic Short Hair,Female
Young,Domestic Short Hair,Female
Adult,Domestic Medium Hair,Female
Adult,Domestic Short Hair,Female
Young,Domestic Short Hair,Female
Adult,Domestic Short Hair,Female
Adult,Domestic Short Hair,Female
Adult,Domestic Short Hair,Female
Adult,Domestic Short Hair,Male
Adult,Domestic Short Hair,Male
Adult,Domestic Long Hair,Female
Adult,Domestic Short Hair & Maine Coon Mix,Male
Adult,Domestic Short Hair,Male
Senior,Domestic Medium Hair,Female
Young,Domestic Short Hair,Female
Adult,Domestic Short Hair,Male
Adult,Domestic Short Hair,Male
Adult,Domestic Short Hair,Male
Adult,Domestic Short Hair,Male
Senior,Domestic Short Hair,Male
Adult,Domestic Short Hair,Male
Senior,Domestic Short Hair,Male
Adult,Domestic Short Hair,Female
Young,Domestic Short Hair,Male
Adult,Domestic Short Hair,Female
Adult,Domestic Long Hair,Female
Young,Domestic Short Hair,Male
Adult,Domestic Short Hair,Female
Adult,Domestic Short Hair,Male
Adult,Domestic Long Hair & Maine Coon Mix,Male
Young,Domestic Short Hair,Male
Adult,Domestic Long Hair,Male
Adult,Domestic Short Hair,Female
Young,Domestic Short Hair,Male
Adult,Domestic Short Hair,Female
Adult,Domestic Long Hair,Male
Adult,Domestic Long Hair,Female
Senior,Domestic Short Hair,Female
Adult,Domestic Short Hair & Russian Blue Mix,Male
Adult,Domestic Long Hair,Female
Young,Domestic Short Hair,Female
Adult,Domestic Short Hair,Female
Adult,Siamese & Domestic Short Hair Mix,Male
Adult,Domestic Short Hair,Male
Young,Domestic Short Hair,Female
Kitten,Domestic Short Hair,Female
Young,Domestic Short Hair,Male
Adult,Domestic Short Hair,Male
Kitten,Domestic Short Hair,Male
Adult,Domestic Short Hair,Female
Adult,Domestic Short Hair,Female
Young,Domestic Short Hair,Male
Young,Domestic Short Hair,Female
Young,Domestic Long Hair,Female
Young,Domestic Short Hair,Female
Young,Domestic Short Hair,Male
Young,Domestic Short Hair,Male
Adult,Domestic Short Hair,Male
Adult,Domestic Short Hair,Male
Adult,Domestic Short Hair,Female
Adult,Domestic Short Hair,Male
Adult,Domestic Short Hair,Female
Adult,Domestic Short Hair,Female
Senior,Domestic Short Hair,Male
Young,Domestic Short Hair,Female
Kitten,Domestic Short Hair,Male
Young,Domestic Long Hair,Male
Young,Domestic Short Hair,Female
Senior,Domestic Short Hair,Female
Adult,Domestic Long Hair,Female
Kitten,Domestic Short Hair,Male
Adult,Domestic Short Hair,Female
Young,Domestic Short Hair,Female
Young,Domestic Short Hair,Male
Senior,Himalayan & Domestic Long Hair Mix,Female
Adult,Domestic Short Hair,Male
Adult,Domestic Short Hair,Female
Young,Domestic Short Hair,Male
Adult,Domestic Short Hair,Female
Kitten,Domestic Short Hair,Female
Adult,Domestic Long Hair,Male
Adult,Domestic Short Hair,Female
Kitten,Domestic Short Hair,Male
Adult,Domestic Short Hair,Female
Adult,Domestic Short Hair,Female
Young,Domestic Short Hair,Male
Kitten,Domestic Short Hair,Female
Adult,Domestic Short Hair,Female
Kitten,Domestic Medium Hair,Female
Senior,Domestic Short Hair,Male
Adult,Domestic Short Hair,Male
Adult,Domestic Short Hair,Male
Young,Domestic Short Hair,Female
Young,Domestic Long Hair,Female
Young,Domestic Short Hair,Female
Young,Domestic Short Hair,Male
Young,Domestic Short Hair,Male
Adult,Domestic Short Hair,Male
Adult,Domestic Short Hair,Male
Adult,Domestic Short Hair,Female
Adult,Domestic Short Hair,Male
Adult,Domestic Short Hair,Female
Adult,Domestic Short Hair,Female
Senior,Domestic Short Hair,Male
Young,Domestic Short Hair,Female
Kitten,Domestic Short Hair,Male
Young,Domestic Long Hair,Male
Young,Domestic Short Hair,Female
Senior,Domestic Short Hair,Female
Adult,Domestic Long Hair,Female
Kitten,Domestic Short Hair,Male
Adult,Domestic Short Hair,Female
Young,Domestic Short Hair,Female
Young,Domestic Short Hair,Male
Senior,Himalayan & Domestic Long Hair Mix,Female
Adult,Domestic Short Hair,Male
Adult,Domestic Short Hair,Female
Young,Domestic Short Hair,Male
Adult,Domestic Short Hair,Female
Kitten,Domestic Short Hair,Female
Adult,Domestic Long Hair,Male
Adult,Domestic Short Hair,Female
Kitten,Domestic Short Hair,Male
Adult,Domestic Short Hair,Female
Adult,Domestic Short Hair,Female
Young,Domestic Short Hair,Male
Kitten,Domestic Short Hair,Female
Adult,Domestic Short Hair,Female
Kitten,Domestic Medium Hair,Female
Senior,Domestic Short Hair,Male
Adult,Domestic Short Hair,Male
Adult,Domestic Short Hair,Male
Adult,Domestic Long Hair,Female
Adult,Domestic Medium Hair,Female
Adult,Domestic Short Hair,Male
Adult,Domestic Long Hair,Female
Adult,Domestic Short Hair,Male
Adult,Domestic Short Hair,Female
Adult,Domestic Medium Hair,Female
Adult,Siamese & Domestic Short Hair Mix,Male
Adult,Domestic Long Hair,Female
Adult,Domestic Short Hair,Female
Adult,Domestic Short Hair,Female
Adult,Domestic Short Hair,Male
Adult,Domestic Short Hair,Male
Adult,Domestic Short Hair,Female
Adult,Domestic Short Hair,Male
Adult,Domestic Short Hair,Female
Adult,Domestic Short Hair,Male
Adult,Domestic Short Hair,Male
Senior,Domestic Short Hair,Female
Adult,Domestic Short Hair,Male
Adult,Domestic Short Hair,Female
Adult,Domestic Short Hair,Female
Adult,Domestic Short Hair,Female
Senior,Domestic Short Hair,Male
Adult,Domestic Short Hair,Male
Senior,Domestic Short Hair,Female
Adult,Domestic Short Hair,Female
Adult,Domestic Long Hair,Female
Adult,Domestic Short Hair,Male
Adult,Domestic Short Hair,Female
Adult,Domestic Short Hair,Male
Senior,Domestic Medium Hair,Male
Adult,Domestic Medium Hair,Male
Adult,Domestic Short Hair,Female
Adult,Domestic Medium Hair,Female
Adult,Domestic Short Hair,Female
Adult,Domestic Short Hair,Female
Adult,Domestic Long Hair,Female
Adult,Domestic Medium Hair,Female
Adult,Domestic Short Hair,Female
Adult,Domestic Short Hair,Female
Adult,Domestic Short Hair,Male
Young,Domestic Short Hair,Male
Adult,Domestic Short Hair,Male
Young,Domestic Short Hair,Male
Adult,Domestic Short Hair,Male
Adult,Domestic Short Hair,Female
80,away,miles
Adult,Domestic Short Hair,Male
Adult,Domestic Long Hair,Male
Adult,Domestic Short Hair,Female
Adult,Domestic Short Hair,Female
Kitten,Domestic Short Hair,Male
Adult,Domestic Short Hair,Male
Young,Domestic Short Hair,Female
Adult,Domestic Short Hair,Female
Adult,Siamese,Female
Senior,Domestic Long Hair,Male
Adult,Domestic Short Hair,Female
Adult,Domestic Short Hair,Female
Senior,Domestic Short Hair,Male
Adult,Domestic Long Hair,Female
Adult,Domestic Short Hair,Male
Adult,Domestic Short Hair,Female
Young,Domestic Short Hair,Female
Adult,Domestic Short Hair,Female
Adult,Domestic Short Hair,Female
Adult,Domestic Short Hair,Female
Adult,Domestic Short Hair,Female
Adult,Domestic Short Hair,Female
Young,Domestic Short Hair,Male
Adult,Domestic Short Hair,Male
Adult,Domestic Long Hair,Female
Adult,Domestic Short Hair,Male
Adult,Domestic Long Hair,Female
Adult,Domestic Short Hair,Female
Senior,Domestic Short Hair,Female
Adult,Domestic Short Hair,Male
Adult,Domestic Short Hair,Female
Adult,Domestic Short Hair,Male
Adult,Domestic Short Hair,Female
Adult,Domestic Short Hair,Male
Young,Domestic Short Hair,Male
Adult,Domestic Short Hair,Male
Young,Domestic Short Hair,Male
Adult,Domestic Short Hair,Male
Adult,Domestic Short Hair,Female
80,away,miles
Adult,Domestic Short Hair,Male
Adult,Domestic Long Hair,Male
Adult,Domestic Short Hair,Female
Adult,Domestic Short Hair,Female
Kitten,Domestic Short Hair,Male
Adult,Domestic Short Hair,Male
Young,Domestic Short Hair,Female
Adult,Domestic Short Hair,Female
Adult,Siamese,Female
Senior,Domestic Long Hair,Male
Adult,Domestic Short Hair,Female
Adult,Domestic Short Hair,Female
Senior,Domestic Short Hair,Male
Adult,Domestic Long Hair,Female
Adult,Domestic Short Hair,Male
Adult,Domestic Short Hair,Female
Young,Domestic Short Hair,Female
Adult,Domestic Short Hair,Female
Adult,Domestic Short Hair,Female
Adult,Domestic Short Hair,Female
Adult,Domestic Short Hair,Female
Adult,Domestic Short Hair,Female
Young,Domestic Short Hair,Male
Adult,Domestic Short Hair,Male
Adult,Domestic Long Hair,Female
Adult,Domestic Short Hair,Male
Adult,Domestic Long Hair,Female
Adult,Domestic Short Hair,Female
Senior,Domestic Short Hair,Female
Adult,Domestic Short Hair,Male
Adult,Domestic Short Hair,Female
Adult,Domestic Short Hair,Male
Adult,Domestic Short Hair,Male
Adult,Domestic Short Hair,Male
Senior,Domestic Short Hair,Female
Adult,Domestic Short Hair,Female
Adult,Domestic Short Hair,Female
Adult,Domestic Short Hair,Female
Adult,Domestic Long Hair,Female
Adult,Domestic Short Hair,Female
Adult,Domestic Short Hair,Female
Adult,Domestic Short Hair,Female
Adult,Domestic Short Hair,Male
Adult,Domestic Short Hair,Male
Adult,Domestic Short Hair,Male
Adult,Domestic Short Hair,Male
Adult,Domestic Short Hair,Female
Adult,Domestic Long Hair,Female
Young,Domestic Short Hair,Female
Adult,Domestic Short Hair,Female
Adult,Domestic Short Hair,Male
Adult,Domestic Long Hair,Male
Adult,Domestic Short Hair,Male
Adult,Domestic Short Hair,Male
Adult,Domestic Short Hair,Female
Adult,Domestic Short Hair,Female
Adult,Domestic Short Hair,Female
Adult,Domestic Short Hair,Female
Adult,Domestic Long Hair,Female
Adult,Domestic Short Hair,Male
Adult,Domestic Short Hair,Female
Adult,Domestic Short Hair,Female
Adult,Domestic Long Hair,Male
Adult,Domestic Short Hair,Female
Adult,Ragdoll,Female
Adult,Domestic Short Hair,Male
Adult,Domestic Short Hair,Female
Adult,Domestic Short Hair,Female
Adult,Domestic Short Hair,Female
Adult,Domestic Short Hair,Female
Adult,Domestic Short Hair,Male
Adult,Domestic Short Hair,Male
Adult,Domestic Short Hair,Male
Adult,Domestic Short Hair,Female
Adult,Domestic Long Hair,Female
Adult,Domestic Short Hair,Female
Young,Domestic Short Hair,Male
Adult,Domestic Short Hair,Male
Adult,Domestic Short Hair,Male
Adult,Domestic Short Hair,Female
Senior,Domestic Long Hair,Female
Adult,Domestic Short Hair,Male
Adult,Domestic Short Hair,Female
Adult,Domestic Short Hair,Male
Adult,Domestic Short Hair,Female
Adult,Domestic Short Hair,Female
Adult,Domestic Short Hair,Female
Adult,Domestic Short Hair,Female
Adult,Domestic Short Hair,Female
Adult,Domestic Short Hair,Female
Adult,Domestic Medium Hair,Female
Adult,Domestic Short Hair,Female
Adult,Domestic Short Hair,Female
Adult,Domestic Short Hair,Female
Young,Domestic Short Hair,Female
Adult,Domestic Short Hair,Male
Adult,Domestic Short Hair,Female
Adult,Siamese & Domestic Short Hair Mix,Male
Adult,Domestic Medium Hair,Male
Young,Domestic Short Hair,Female
Adult,Domestic Short Hair,Male
Adult,Domestic Short Hair,Female
Adult,Domestic Short Hair,Male
Senior,Domestic Long Hair,Female
Adult,Domestic Short Hair,Male
Adult,Domestic Long Hair & Calico Mix,Female
Young,Domestic Short Hair,Male
Adult,Domestic Short Hair,Female
Adult,Domestic Short Hair,Female
Adult,Domestic Short Hair,Female
Adult,Domestic Short Hair & Siamese Mix,Female
Senior,Domestic Short Hair,Female
Adult,Domestic Short Hair,Female
Adult,Domestic Short Hair,Female
Adult,Domestic Short Hair,Female
Kitten,Domestic Short Hair,Female
Adult,Domestic Short Hair,Male
Senior,Domestic Long Hair,Female
Young,Domestic Short Hair,Male
Adult,Domestic Short Hair,Female
Senior,Domestic Short Hair,Female
Adult,Domestic Long Hair,Female
Adult,Domestic Long Hair,Male
Adult,Domestic Short Hair,Male
Adult,Domestic Short Hair,Female
Young,Domestic Short Hair,Female
Young,Domestic Short Hair,Male
Adult,Domestic Short Hair,Female
Adult,Domestic Short Hair,Female
Senior,Domestic Short Hair,Female
Young,Domestic Short Hair,Female
Adult,Domestic Short Hair,Female
Young,Domestic Short Hair,Female
Adult,Domestic Short Hair,Female
Young,Domestic Short Hair,Female
Adult,Domestic Short Hair & Tabby Mix,Female
Adult,Domestic Short Hair,Female
Young,Domestic Long Hair & Calico Mix,Female
Adult,Domestic Short Hair,Male
Adult,Domestic Long Hair,Male
Adult,Domestic Short Hair,Female
Adult,Tortoiseshell,Female
Adult,Domestic Short Hair,Female
Adult,Domestic Short Hair & Dilute Calico Mix,Female
Adult,Domestic Short Hair,Female
Adult,Domestic Medium Hair,Female
Adult,Domestic Short Hair,Male
Adult,Domestic Short Hair,Male
Adult,Domestic Long Hair,Female
Adult,Domestic Short Hair & Tortoiseshell Mix,Female
Adult,Domestic Long Hair & Tabby Mix,Female
Adult,Domestic Long Hair & Tabby Mix,Female
Adult,Domestic Long Hair,Female
Adult,Domestic Short Hair & Calico Mix,Female
Adult,Domestic Long Hair & Tabby Mix,Female
Young,Domestic Short Hair,Male
Young,Domestic Short Hair,Male
Young,Domestic Short Hair,Female
Adult,Domestic Short Hair,Female
Adult,Domestic Short Hair,Female
Young,Domestic Short Hair,Male
Adult,Domestic Short Hair,Male
Adult,Maine Coon,Male
Adult,Domestic Long Hair,Female
Senior,Domestic Short Hair,Female
Adult,Domestic Long Hair & Calico Mix,Female
Young,Domestic Short Hair & Tabby Mix,Female
Young,Domestic Short Hair & Tabby Mix,Female
Adult,Domestic Short Hair,Female
Young,Domestic Short Hair,Male
Adult,Domestic Short Hair,Female
Young,Domestic Short Hair & Tabby Mix,Male
Adult,Domestic Long Hair,Female
Young,Domestic Long Hair,Male
Young,Domestic Short Hair,Male
Young,Domestic Short Hair & Tabby Mix,Female
Young,Domestic Long Hair & Tabby Mix,Female
Young,Domestic Short Hair,Male
Adult,Domestic Short Hair & Tabby Mix,Female
Adult,Domestic Short Hair,Male
Adult,Domestic Long Hair,Female
Adult,Domestic Long Hair & Calico Mix,Female
Adult,Domestic Long Hair & Calico Mix,Female
Adult,Domestic Long Hair,Male
Adult,Domestic Long Hair & Tiger Mix,Female
Adult,Domestic Long Hair,Female
Adult,Domestic Long Hair & Tortoiseshell Mix,Female
Adult,Domestic Short Hair & Tabby Mix,Female
Adult,Domestic Short Hair & Tiger Mix,Male
Adult,Domestic Short Hair & Tiger Mix,Male
Adult,Domestic Short Hair & Tiger Mix,Male
Adult,Domestic Short Hair & Tiger Mix,Female
Adult,Domestic Long Hair,Female
Adult,Domestic Short Hair & Calico Mix,Female
Adult,Domestic Long Hair & Tabby Mix,Female
Young,Domestic Short Hair,Male
Young,Domestic Short Hair,Male
Young,Domestic Short Hair,Female
Adult,Domestic Short Hair,Female
Adult,Domestic Short Hair,Female
Young,Domestic Short Hair,Male
Adult,Domestic Short Hair,Male
Adult,Maine Coon,Male
Adult,Domestic Long Hair,Female
Senior,Domestic Short Hair,Female
Adult,Domestic Long Hair & Calico Mix,Female
Young,Domestic Short Hair & Tabby Mix,Female
Young,Domestic Short Hair & Tabby Mix,Female
Adult,Domestic Short Hair,Female
Young,Domestic Short Hair,Male
Adult,Domestic Short Hair,Female
Young,Domestic Short Hair & Tabby Mix,Male
Adult,Domestic Long Hair,Female
Young,Domestic Long Hair,Male
Young,Domestic Short Hair,Male
Young,Domestic Short Hair & Tabby Mix,Female
Young,Domestic Long Hair & Tabby Mix,Female
Young,Domestic Short Hair,Male
Adult,Domestic Short Hair & Tabby Mix,Female
Adult,Domestic Short Hair,Male
Adult,Domestic Long Hair,Female
Adult,Domestic Long Hair & Calico Mix,Female
Adult,Domestic Long Hair & Calico Mix,Female
Adult,Domestic Long Hair,Male
Adult,Domestic Long Hair & Tiger Mix,Female
Adult,Domestic Long Hair,Female
Adult,Domestic Long Hair & Tortoiseshell Mix,Female
Adult,Domestic Short Hair & Tabby Mix,Female
Adult,Domestic Short Hair & Tiger Mix,Male
Adult,Domestic Short Hair & Tiger Mix,Male
Adult,Domestic Short Hair & Tiger Mix,Male
Adult,Domestic Short Hair & Tiger Mix,Female
Adult,Domestic Short Hair,Male
Adult,Domestic Short Hair,Male
Young,Domestic Short Hair,Female
Young,Domestic Short Hair,Female
Young,Calico,Female
Adult,Domestic Short Hair,Male
Young,Domestic Long Hair,Male
Young,Domestic Short Hair,Male
Adult,Domestic Short Hair,Female
Adult,Domestic Short Hair,Male
Adult,Domestic Short Hair,Female
Young,Domestic Short Hair,Female
Adult,Domestic Short Hair & Tabby Mix,Female
Adult,Domestic Medium Hair,Female
Young,Domestic Short Hair,Female
Adult,Domestic Long Hair,Female
Adult,Domestic Short Hair,Female
Adult,Domestic Short Hair,Female
Adult,Domestic Long Hair,Male
Adult,Domestic Short Hair,Female
Adult,Domestic Short Hair,Male
Adult,Domestic Medium Hair,Male
Adult,Domestic Short Hair,Female
Young,Domestic Short Hair,Male
Adult,Domestic Short Hair,Female
Young,Domestic Short Hair,Female
Adult,Domestic Long Hair,Female
Adult,Domestic Short Hair,Female
Adult,Domestic Long Hair,Male
Young,Domestic Short Hair & Tabby Mix,Male
Adult,Domestic Long Hair,Male
Adult,Domestic Short Hair,Female
Young,Tabby,Female
Young,Domestic Short Hair & Abyssinian Mix,Male
Young,Domestic Short Hair,Female
Young,Domestic Short Hair,Female
Young,Domestic Short Hair,Male
Adult,Domestic Medium Hair,Female
Adult,Domestic Short Hair,Female
Adult,Domestic Long Hair,Female
Adult,Domestic Short Hair & Tabby Mix,Male
Young,Domestic Short Hair & Tabby Mix,Female
Young,Domestic Short Hair,Female
Adult,Domestic Short Hair,Female
Young,Siamese,Female
Young,Domestic Short Hair,Female
Young,Domestic Short Hair,Male
Young,Domestic Short Hair,Female
Kitten,Domestic Short Hair,Female
Adult,Tabby,Female
Adult,Domestic Short Hair & Tabby Mix,Female
Adult,Domestic Short Hair & Tabby Mix,Male
Young,Domestic Long Hair,Male
Young,Domestic Short Hair,Female
Young,Domestic Short Hair,Male
Young,Domestic Short Hair,Female
Young,Domestic Long Hair,Female
Adult,Domestic Long Hair,Male
Adult,Siamese,Female
Young,Calico,Female
Young,Domestic Short Hair,Male
Young,Domestic Short Hair,Female
Young,Domestic Short Hair,Male
Adult,Domestic Medium Hair,Female
Young,Domestic Short Hair,Female
Kitten,Domestic Short Hair,Female
Young,Domestic Short Hair,Female
Young,Domestic Medium Hair,Male
Young,Domestic Short Hair,Male
Young,Domestic Short Hair,Male
Young,Domestic Short Hair,Male
Young,Domestic Short Hair,Male
Adult,Domestic Short Hair,Female
Adult,Domestic Short Hair,Male
Adult,Domestic Short Hair,Female
Young,Domestic Medium Hair,Male
Young,Domestic Short Hair,Male
Young,Domestic Short Hair,Female
Young,Domestic Short Hair,Male
Young,Domestic Short Hair,Female
Young,Domestic Long Hair,Male
Young,Domestic Short Hair,Female
Young,Domestic Short Hair,Female
Adult,Domestic Long Hair,Male
Adult,Domestic Short Hair,Male
Adult,Domestic Long Hair,Male
Young,Domestic Long Hair,Male
Adult,Domestic Short Hair,Male
Adult,Domestic Short Hair,Female
Adult,Domestic Short Hair,Male
Adult,Domestic Short Hair,Female
Senior,Domestic Long Hair,Female
Young,Domestic Short Hair,Female
Adult,American Bobtail,Female
Adult,Domestic Short Hair,Male
Senior,Domestic Long Hair,Female
Young,Domestic Short Hair,Male
Adult,Domestic Short Hair,Female
Adult,Domestic Long Hair,Male
Young,Domestic Short Hair,Female
Adult,Calico,Female
Adult,Domestic Medium Hair,Female
Adult,Domestic Short Hair,Male
Young,Tabby & Birman Mix,Female
Adult,Domestic Short Hair,Male
Adult,Domestic Short Hair,Male
Kitten,Tabby,Female
Adult,Domestic Short Hair,Male
Kitten,Tabby,Male
Adult,Domestic Short Hair & Tabby Mix,Male
Young,Domestic Short Hair,Female
Senior,Domestic Long Hair,Female
Adult,Domestic Short Hair,Female
Adult,Domestic Short Hair,Female
Adult,Domestic Short Hair,Female
Adult,Domestic Short Hair,Male
Adult,Domestic Short Hair,Female
Adult,Domestic Short Hair,Female
Adult,Domestic Short Hair,Male
Adult,Maine Coon & Domestic Long Hair Mix,Male
Adult,Domestic Short Hair,Female
Adult,Domestic Long Hair,Female
Young,Domestic Short Hair,Female
Adult,Domestic Short Hair,Female
Young,Domestic Short Hair,Female
Adult,Domestic Short Hair,Female
Young,Domestic Short Hair,Female
Adult,Domestic Short Hair,Female
Adult,Domestic Long Hair,Male
Adult,Domestic Long Hair,Male
Young,Domestic Short Hair,Female
Senior,Domestic Short Hair,Female
Young,Domestic Short Hair,Female
Adult,Domestic Short Hair,Male
Adult,Domestic Short Hair,Female
Adult,Domestic Short Hair,Male
Young,Maine Coon & Domestic Long Hair Mix,Female
Adult,Domestic Short Hair & Tiger Mix,Female
Young,Domestic Short Hair,Male
Adult,Domestic Short Hair,Male
Adult,Domestic Short Hair & Tiger Mix,Male
Young,Domestic Short Hair,Male
Adult,Siamese Mix,Female
Adult,Domestic Short Hair & Tiger Mix,Male
Young,Domestic Short Hair,Female
Adult,Siamese & Tiger Mix,Female
Adult,Domestic Short Hair & Tiger Mix,Male
Adult,Domestic Short Hair Mix,Female
Young,Domestic Short Hair & Tiger Mix,Female
Adult,Tiger,Male
Adult,Domestic Medium Hair,Female
Adult,Domestic Short Hair & Tiger Mix,Female
Young,Domestic Short Hair,Male
Adult,Himalayan,Female
Young,Domestic Short Hair,Male
Young,Domestic Short Hair & Tabby Mix,Female
Young,Domestic Short Hair & Tabby Mix,Female
Senior,Domestic Short Hair Mix,Female
Senior,Domestic Medium Hair Mix,Female
Adult,Domestic Short Hair Mix,Male
Adult,Domestic Short Hair Mix,Female
Young,Domestic Short Hair Mix,Female
Young,Domestic Short Hair Mix,Male
Young,Domestic Short Hair Mix,Female
Senior,Domestic Long Hair,Female
Adult,Domestic Short Hair,Male
Senior,Persian,Female
Senior,Domestic Short Hair,Female
Senior,Domestic Short Hair,Male
Adult,Domestic Short Hair Mix,Female
Young,Domestic Short Hair Mix,Male
Adult,Domestic Short Hair Mix,Female
Young,Domestic Short Hair Mix,Female
Young,Domestic Medium Hair Mix,Male
Young,Domestic Short Hair Mix,Male
Young,Domestic Short Hair Mix,Female
Adult,Domestic Short Hair Mix,Female
Adult,Domestic Short Hair Mix,Male
Adult,Domestic Short Hair Mix,Female
Adult,Domestic Short Hair Mix,Female
Adult,Domestic Long Hair Mix,Female
Adult,Domestic Long Hair Mix,Male
Adult,Domestic Short Hair Mix,Female
Adult,Domestic Short Hair Mix,Female
Adult,Domestic Short Hair Mix,Male
Adult,Tortoiseshell Mix,Female
Adult,Tortoiseshell & Domestic Medium Hair Mix,Female
Adult,Domestic Short Hair & Tiger Mix,Male
Young,Domestic Long Hair Mix,Female
Adult,Domestic Short Hair Mix,Male
Adult,Domestic Short Hair & Tiger Mix,Female
Adult,Domestic Short Hair Mix,Male
Young,Domestic Short Hair Mix,Male
Adult,Domestic Short Hair Mix,Female
Adult,Domestic Short Hair Mix,Male
Young,Tabby Mix,Female
Young,Domestic Medium Hair Mix,Male
Adult,Tabby Mix,Female
Adult,Maine Coon Mix,Male
Young,Domestic Short Hair Mix,Male
Adult,Tabby Mix,Male
Adult,Tabby Mix,Male
Adult,Domestic Short Hair Mix,Male
Adult,Domestic Short Hair Mix,Female
Adult,Domestic Short Hair Mix,Female
Young,Domestic Medium Hair Mix,Female
Adult,Domestic Short Hair Mix,Male
Young,Domestic Short Hair Mix,Female
Adult,Maine Coon Mix,Male
Adult,Tabby Mix,Female
Young,Domestic Short Hair Mix,Female
Adult,Domestic Medium Hair & Tabby Mix,Female
Young,Domestic Short Hair Mix,Male
Adult,Tabby Mix,Female
Adult,Tabby Mix,Female
Adult,Domestic Short Hair Mix,Female
Adult,Domestic Short Hair Mix,Female
Adult,Domestic Short Hair & Tortoiseshell Mix,Female
Adult,Domestic Short Hair Mix,Male
Adult,Domestic Medium Hair & Domestic Short Hair Mix,Female
Young,Domestic Short Hair Mix,Female
Adult,Tortoiseshell Mix,Female
Young,Domestic Medium Hair Mix,Female
Adult,Domestic Short Hair Mix,Female
Young,Domestic Short Hair Mix,Female
Young,Domestic Short Hair Mix,Female
Young,Domestic Short Hair Mix,Female
Young,Domestic Short Hair Mix,Male
Young,Domestic Short Hair Mix,Male
Young,Domestic Short Hair Mix,Female
Young,Domestic Short Hair Mix,Female
Adult,Tortoiseshell Mix,Female
Adult,Domestic Short Hair Mix,Female
Kitten,Domestic Short Hair Mix,Female
Young,Domestic Medium Hair Mix,Female
Young,Calico Mix,Female
Adult,Domestic Long Hair Mix,Female
Young,Tabby Mix,Male
Young,Domestic Short Hair Mix,Male
Young,Domestic Short Hair Mix,Female
Young,Domestic Short Hair Mix,Male
Young,Domestic Short Hair Mix,Male
Young,Siamese & Dilute Tortoiseshell Mix,Female
Young,Domestic Short Hair Mix,Male
Adult,Domestic Short Hair Mix,Female
Young,Tortoiseshell Mix,Female
Young,Domestic Short Hair Mix,Male
Young,Domestic Short Hair Mix,Male
Adult,Domestic Short Hair Mix,Female
Adult,Domestic Short Hair Mix,Male
Young,Tabby Mix,Female
Young,Domestic Medium Hair Mix,Male
Adult,Tabby Mix,Female
Adult,Maine Coon Mix,Male
Young,Domestic Short Hair Mix,Male
Adult,Tabby Mix,Male
Adult,Tabby Mix,Male
Adult,Domestic Short Hair Mix,Male
Adult,Domestic Short Hair Mix,Female
Adult,Domestic Short Hair Mix,Female
Young,Domestic Medium Hair Mix,Female
Adult,Domestic Short Hair Mix,Male
Young,Domestic Short Hair Mix,Female
Adult,Maine Coon Mix,Male
Adult,Tabby Mix,Female
Young,Domestic Short Hair Mix,Female
Adult,Domestic Medium Hair & Tabby Mix,Female
Young,Domestic Short Hair Mix,Male
Adult,Tabby Mix,Female
Adult,Tabby Mix,Female
Adult,Domestic Short Hair Mix,Female
Adult,Domestic Short Hair Mix,Female
Adult,Domestic Short Hair & Tortoiseshell Mix,Female
Adult,Domestic Short Hair Mix,Male
Adult,Domestic Medium Hair & Domestic Short Hair Mix,Female
Young,Domestic Short Hair Mix,Female
Adult,Tortoiseshell Mix,Female
Young,Domestic Medium Hair Mix,Female
Adult,Domestic Short Hair Mix,Female
Young,Domestic Short Hair Mix,Female
Young,Domestic Short Hair Mix,Female
Young,Domestic Short Hair Mix,Female
Young,Domestic Short Hair Mix,Male
Young,Domestic Short Hair Mix,Male
Young,Domestic Short Hair Mix,Female
Young,Domestic Short Hair Mix,Female
Adult,Tortoiseshell Mix,Female
Adult,Domestic Short Hair Mix,Female
Kitten,Domestic Short Hair Mix,Female
Young,Domestic Medium Hair Mix,Female
Young,Calico Mix,Female
Young,Himalayan Mix,Female
Young,Himalayan Mix,Female
Adult,Tabby Mix,Female
Adult,Domestic Short Hair Mix,Female
Young,Domestic Medium Hair Mix,Female
Adult,Domestic Long Hair Mix,Male
Young,Domestic Short Hair Mix,Male
Adult,Domestic Long Hair Mix,Female
Young,Domestic Medium Hair Mix,Female
Adult,Domestic Medium Hair Mix,Male
Young,Domestic Short Hair Mix,Male
Adult,Tortoiseshell Mix,Female
Young,Domestic Medium Hair Mix,Female
Adult,Domestic Short Hair Mix,Male
Young,Domestic Medium Hair Mix,Male
Young,Domestic Medium Hair Mix,Female
Adult,Domestic Medium Hair Mix,Female
Adult,Domestic Medium Hair Mix,Female
Adult,Domestic Short Hair Mix,Female
Adult,Domestic Long Hair Mix,Male
Adult,Himalayan Mix,Male
Adult,Domestic Short Hair Mix,Female
Young,Tabby Mix,Male
Young,Domestic Short Hair Mix,Female
Adult,Domestic Short Hair Mix,Male
Adult,Domestic Medium Hair Mix,Female
Adult,Domestic Long Hair Mix,Female
Adult,Domestic Long Hair Mix,Female
Young,Tabby Mix,Male
Adult,Domestic Short Hair Mix,Female
Adult,Domestic Short Hair Mix,Male
Adult,Domestic Medium Hair Mix,Female
Young,Domestic Medium Hair & Maine Coon Mix,Male
Young,Domestic Short Hair Mix,Female
Young,Tabby & Extra-Toes Cat / Hemingway Polydactyl Mix,Male
Young,Domestic Short Hair Mix,Female
Adult,Domestic Short Hair Mix,Male
Young,Tabby Mix,Female
Adult,Domestic Short Hair Mix,Female
Young,Domestic Short Hair Mix,Female
Senior,Domestic Short Hair Mix,Female
Young,Domestic Medium Hair Mix,Male
Young,Domestic Short Hair & Tabby Mix,Female
Adult,Siamese & Dilute Calico Mix,Female
Young,Tabby Mix,Male
Young,Tabby & Domestic Medium Hair Mix,Male
Young,Domestic Medium Hair & Calico Mix,Female
Young,Domestic Short Hair & Tortoiseshell Mix,Female
Young,Domestic Short Hair & Tabby Mix,Male
Adult,Domestic Long Hair Mix,Female
Adult,Domestic Short Hair Mix,Male
Adult,Domestic Short Hair & Tabby Mix,Female
Young,Domestic Short Hair & Tabby Mix,Male
Young,Domestic Short Hair & Tabby Mix,Female
Young,Domestic Short Hair & Tabby Mix,Male
Adult,Domestic Short Hair Mix,Male
Adult,Tortoiseshell Mix,Female
Adult,Domestic Short Hair Mix,Female
Young,Calico Mix,Female
Young,Domestic Medium Hair Mix,Female
Adult,Domestic Short Hair & Tiger Mix,Male
Adult,Domestic Short Hair Mix,Female
Young,Domestic Short Hair Mix,Female
Adult,Domestic Medium Hair Mix,Female
Young,Domestic Short Hair Mix,Female
Young,Domestic Short Hair Mix,Female
Senior,Domestic Long Hair Mix,Male
Adult,Domestic Short Hair Mix,Male
Young,Domestic Medium Hair Mix,Female
Young,Domestic Short Hair Mix,Female
Adult,Domestic Short Hair Mix,Female
Young,Domestic Short Hair Mix,Female
Adult,Domestic Short Hair Mix,Female
Young,Tortoiseshell Mix,Female
Senior,Domestic Short Hair,Female
Senior,Domestic Short Hair,Female
Senior,Domestic Short Hair,Male
Adult,Domestic Long Hair,Female
Senior,Domestic Short Hair,Female
Senior,Domestic Long Hair,Male
Senior,Domestic Medium Hair,Female
85,away,miles
85,away,miles
Senior,Himalayan,Female
Senior,Domestic Short Hair,Female
Senior,Domestic Short Hair,Male
Senior,Domestic Short Hair Mix,Male
Adult,Domestic Short Hair,Female
Senior,Siamese,Male
Senior,Domestic Short Hair,Female
Kitten,Tuxedo,Male
Young,Calico & Domestic Short Hair Mix,Female
Young,Domestic Short Hair,Female
Kitten,Domestic Short Hair,Male
Kitten,Domestic Short Hair,Female
Kitten,Domestic Short Hair,Male
Kitten,Domestic Short Hair,Female
Adult,Tabby & Domestic Short Hair Mix,Female
Adult,Domestic Short Hair,Female
Adult,Siamese & Tortoiseshell Mix,Female
Kitten,Domestic Short Hair,Male
Kitten,Domestic Long Hair,Female
Young,Persian,Male
Kitten,Domestic Short Hair,Male
Kitten,Domestic Short Hair,Female
Kitten,Domestic Short Hair,Male
Kitten,Domestic Short Hair & Domestic Medium Hair Mix,Male
Kitten,Domestic Short Hair,Male
Kitten,Tortoiseshell & Domestic Medium Hair Mix,Female
Kitten,Domestic Short Hair,Male
Kitten,Domestic Short Hair,Female
Young,Domestic Short Hair,Female
Kitten,Domestic Short Hair & Domestic Medium Hair Mix,Male
Kitten,Domestic Short Hair,Male
Adult,Domestic Short Hair,Female
Kitten,Domestic Short Hair,Male
Kitten,Domestic Short Hair,Male
Kitten,Domestic Short Hair,Female
Kitten,Domestic Short Hair & Russian Blue Mix,Male
Kitten,Domestic Short Hair,Male
Kitten,Domestic Short Hair,Male
Kitten,Domestic Short Hair,Male
Kitten,Domestic Short Hair,Female
Kitten,Domestic Short Hair,Female
Kitten,Domestic Short Hair,Male
Kitten,Domestic Short Hair,Male
Kitten,Domestic Short Hair,Male
Kitten,Domestic Short Hair,Male
Young,Domestic Short Hair,Male
Young,Domestic Short Hair,Male
Kitten,Domestic Short Hair,Male
Kitten,Domestic Short Hair & Tuxedo Mix,Male
Kitten,Torbie & Domestic Short Hair Mix,Female
Kitten,Domestic Short Hair,Female
Kitten,Domestic Short Hair,Male
Kitten,Calico & Domestic Short Hair Mix,Female
Kitten,Domestic Short Hair,Male
Kitten,Siamese & Domestic Short Hair Mix,Female
Kitten,Domestic Short Hair & Torbie Mix,Female
Kitten,Domestic Short Hair,Female
Kitten,Domestic Medium Hair & Domestic Long Hair Mix,Female
Young,Domestic Medium Hair,Female
Young,Domestic Short Hair & Tortoiseshell Mix,Female
Kitten,Domestic Short Hair,Male
Kitten,Domestic Short Hair & Domestic Medium Hair Mix,Female
Adult,Domestic Short Hair,Female
Kitten,Domestic Short Hair,Male
Young,Siamese,Male
Young,Siamese,Male
Kitten,Tortoiseshell & Domestic Short Hair Mix,Female
Kitten,Domestic Short Hair,Female
Young,Domestic Short Hair,Female
Young,Domestic Short Hair,Female
Young,Domestic Short Hair,Female
Kitten,Domestic Short Hair,Male
Kitten,Domestic Short Hair,Male
Young,Domestic Short Hair,Female
Young,Tortoiseshell,Female
Young,Domestic Short Hair,Male
Adult,Domestic Short Hair,Male
Kitten,Domestic Short Hair,Male
Kitten,Domestic Short Hair,Male
Young,Domestic Short Hair,Female
Kitten,Domestic Short Hair,Male
Young,Tabby Mix,Female
Adult,Turkish Angora Mix,Female
Kitten,Turkish Angora Mix,Male
Kitten,Turkish Angora Mix,Female
Kitten,Turkish Angora Mix,Female
Kitten,Turkish Angora Mix,Female
Adult,Turkish Angora & Domestic Short Hair Mix,Female
Young,Domestic Short Hair,Male
Kitten,Domestic Short Hair,Male
Adult,Siamese,Female
Kitten,Siamese,Male
Young,Domestic Medium Hair,Female
Young,Domestic Medium Hair,Female
Kitten,Domestic Short Hair,Female
Kitten,Domestic Medium Hair,Female
Kitten,Domestic Medium Hair,Female
Young,Domestic Short Hair,Male
Kitten,Domestic Short Hair,Male
Kitten,Domestic Short Hair,Male
Kitten,Domestic Short Hair,Male
Adult,Domestic Short Hair,Female
Kitten,Tortoiseshell & Tabby Mix,Female
Adult,Domestic Short Hair,Male
Kitten,Domestic Medium Hair,Female
Kitten,Domestic Short Hair,Male
Kitten,Tortoiseshell & Domestic Short Hair Mix,Female
Kitten,Domestic Short Hair,Female
Young,Domestic Short Hair,Female
Young,Domestic Short Hair,Female
Young,Domestic Short Hair,Female
Kitten,Domestic Short Hair,Male
Kitten,Domestic Short Hair,Male
Young,Domestic Short Hair,Female
Young,Tortoiseshell,Female
Young,Domestic Short Hair,Male
Adult,Domestic Short Hair,Male
Kitten,Domestic Short Hair,Male
Kitten,Domestic Short Hair,Male
Young,Domestic Short Hair,Female
Kitten,Domestic Short Hair,Male
Young,Tabby Mix,Female
Adult,Turkish Angora Mix,Female
Kitten,Turkish Angora Mix,Male
Kitten,Turkish Angora Mix,Female
Kitten,Turkish Angora Mix,Female
Kitten,Turkish Angora Mix,Female
Adult,Turkish Angora & Domestic Short Hair Mix,Female
Young,Domestic Short Hair,Male
Kitten,Domestic Short Hair,Male
Adult,Siamese,Female
Kitten,Siamese,Male
Young,Domestic Medium Hair,Female
Young,Domestic Medium Hair,Female
Kitten,Domestic Short Hair,Female
Kitten,Domestic Medium Hair,Female
Kitten,Domestic Medium Hair,Female
Young,Domestic Short Hair,Male
Kitten,Domestic Short Hair,Male
Kitten,Domestic Short Hair,Male
Kitten,Domestic Short Hair,Male
Adult,Domestic Short Hair,Female
Kitten,Tortoiseshell & Tabby Mix,Female
Adult,Domestic Short Hair,Male
Kitten,Domestic Medium Hair,Female
Kitten,Domestic Short Hair,Male
Kitten,Tortoiseshell & Domestic Short Hair Mix,Female
Kitten,Domestic Short Hair,Female
Young,Domestic Short Hair,Female
Young,Domestic Short Hair,Female
Young,Domestic Short Hair,Female
Kitten,Domestic Short Hair,Male
Kitten,Domestic Short Hair,Male
Young,Domestic Short Hair,Female
Young,Tortoiseshell,Female
Young,Domestic Short Hair,Male
Adult,Domestic Short Hair,Male
Kitten,Domestic Short Hair,Male
Kitten,Domestic Short Hair,Male
Young,Domestic Short Hair,Female
Kitten,Domestic Short Hair,Male
Young,Tabby Mix,Female
Adult,Turkish Angora Mix,Female
Kitten,Turkish Angora Mix,Male
Kitten,Turkish Angora Mix,Female
Kitten,Turkish Angora Mix,Female
Kitten,Turkish Angora Mix,Female
Adult,Turkish Angora & Domestic Short Hair Mix,Female
Young,Domestic Short Hair,Male
Kitten,Domestic Short Hair,Male
Adult,Siamese,Female
Kitten,Siamese,Male
Young,Domestic Medium Hair,Female
Young,Domestic Medium Hair,Female
Kitten,Domestic Short Hair,Female
Kitten,Domestic Medium Hair,Female
Kitten,Domestic Medium Hair,Female
Young,Domestic Short Hair,Male
Kitten,Domestic Short Hair,Male
Kitten,Domestic Short Hair,Male
Kitten,Domestic Short Hair,Male
Adult,Domestic Short Hair,Female
Kitten,Tortoiseshell & Tabby Mix,Female
Adult,Domestic Short Hair,Male
Kitten,Domestic Medium Hair,Female
Kitten,Domestic Short Hair,Male
Young,Domestic Short Hair,Female
Young,Domestic Short Hair,Female
Young,Domestic Short Hair,Female
Young,Domestic Short Hair,Female
Young,Domestic Short Hair,Male
Young,Domestic Short Hair,Female
Kitten,Domestic Short Hair,Male
Adult,Domestic Short Hair,Female
Adult,Domestic Short Hair,Female
Adult,Domestic Short Hair,Male
Adult,Domestic Short Hair,Female
Kitten,Domestic Short Hair,Male
Adult,Domestic Short Hair,Female
Adult,Domestic Short Hair,Male
Adult,Domestic Short Hair,Male
Adult,Domestic Short Hair,Female
Adult,Domestic Short Hair,Female
Adult,Domestic Short Hair,Male
Adult,Domestic Short Hair,Female
Kitten,Domestic Short Hair,Female
Senior,Domestic Short Hair,Male
Senior,Domestic Short Hair,Male
Adult,Domestic Short Hair,Female
Kitten,Domestic Short Hair,Female
Young,Domestic Medium Hair,Female
Adult,Domestic Short Hair,Female
Young,Domestic Short Hair,Male
Young,Domestic Medium Hair,Male
Adult,Domestic Medium Hair,Female
Adult,Domestic Short Hair,Female
Adult,Domestic Short Hair,Female
Adult,Domestic Short Hair,Male
Kitten,Domestic Short Hair,Female
Senior,Domestic Short Hair,Male
Senior,Domestic Short Hair,Female
Adult,Himalayan,Male
Kitten,Domestic Short Hair,Female
Kitten,Domestic Short Hair,Female
Adult,Domestic Medium Hair,Female
Adult,Domestic Short Hair,Male
Young,Domestic Short Hair,Male
Adult,Domestic Short Hair,Male
Adult,Domestic Short Hair,Male
Adult,Domestic Short Hair,Female
Adult,Domestic Short Hair,Male
Young,Domestic Medium Hair,Female
Adult,Domestic Short Hair,Female
Adult,Domestic Short Hair,Female
Adult,Domestic Short Hair,Male
Adult,Domestic Short Hair,Female
Adult,Domestic Short Hair,Male
Adult,Domestic Short Hair,Female
Adult,Domestic Short Hair,Male
Kitten,Domestic Short Hair,Female
Adult,Domestic Medium Hair,Female
Kitten,Domestic Short Hair,Male
Kitten,Domestic Short Hair,Male
Kitten,Domestic Short Hair,Female
Kitten,Domestic Short Hair,Male
Kitten,Domestic Short Hair,Male
Senior,Domestic Short Hair,Female
Kitten,Domestic Short Hair,Male
Kitten,Domestic Short Hair,Female
Adult,Domestic Short Hair,Male
Kitten,Domestic Short Hair,Male
Kitten,Domestic Long Hair,Female
Kitten,Domestic Medium Hair,Female
Kitten,Domestic Short Hair,Male
Kitten,Domestic Short Hair,Male
Kitten,Domestic Short Hair,Female
Kitten,Domestic Long Hair,Female
Kitten,Domestic Short Hair,Male
Adult,Domestic Short Hair,Female
Senior,Domestic Short Hair,Female
Adult,Domestic Short Hair,Female
Kitten,Domestic Short Hair,Male
Kitten,Domestic Short Hair,Female
Kitten,Domestic Short Hair,Female
Adult,Domestic Short Hair,Female
Senior,Domestic Short Hair,Female
Senior,Domestic Short Hair,Female
Senior,Domestic Long Hair,Male
Adult,Domestic Short Hair,Female
Adult,Domestic Short Hair,Female
Young,Domestic Short Hair,Male
Adult,Domestic Medium Hair,Female
Kitten,Domestic Short Hair,Male
Kitten,Domestic Medium Hair,Male
Adult,Domestic Short Hair,Male
Adult,Domestic Long Hair,Female
Adult,Domestic Medium Hair,Female
Adult,Domestic Short Hair,Female
Adult,Domestic Short Hair,Female
Kitten,Domestic Short Hair,Female
Young,Domestic Short Hair,Female
Young,Domestic Short Hair,Male
Young,Domestic Short Hair,Female
Adult,Domestic Short Hair,Female
Young,Domestic Medium Hair,Male
Kitten,Domestic Short Hair,Male
Senior,Domestic Short Hair,Female
Adult,Domestic Short Hair,Female
Adult,Domestic Medium Hair,Female
Senior,Domestic Short Hair,Female
Adult,Domestic Short Hair,Female
Adult,Domestic Medium Hair,Male
Adult,Domestic Short Hair,Female
Adult,Domestic Short Hair,Female
Adult,Domestic Short Hair,Male
Kitten,Domestic Short Hair,Male
Adult,Domestic Short Hair,Female
Adult,Domestic Long Hair,Male
Adult,Domestic Long Hair,Male
Senior,Domestic Short Hair,Male
Kitten,Domestic Short Hair,Female
Adult,Domestic Short Hair,Female
Kitten,Domestic Short Hair,Female
Kitten,Domestic Short Hair,Female
Young,Domestic Short Hair,Male
Kitten,Domestic Short Hair,Female
Kitten,Domestic Short Hair,Male
Adult,Domestic Short Hair,Male
Adult,Domestic Short Hair,Female
Kitten,Domestic Short Hair,Male
Kitten,Domestic Short Hair,Female
Adult,Domestic Short Hair,Male
Kitten,Domestic Short Hair,Female
Senior,Domestic Short Hair,Female
Adult,Domestic Long Hair,Male
Adult,Domestic Long Hair,Male
Kitten,Domestic Short Hair,Female
Kitten,Domestic Short Hair,Male
Adult,Domestic Short Hair,Female
Kitten,Domestic Short Hair,Male
Kitten,Domestic Short Hair,Male
Kitten,Domestic Short Hair,Male
Kitten,Domestic Short Hair,Female
Adult,Domestic Short Hair,Male
Senior,Domestic Short Hair,Female
Young,Domestic Short Hair,Female
Adult,Domestic Short Hair,Male
Adult,Domestic Medium Hair,Male
Kitten,Domestic Short Hair,Male
Kitten,Domestic Short Hair,Female
Young,Domestic Long Hair,Female
Adult,Domestic Short Hair,Female
Adult,Domestic Short Hair,Female
Adult,Domestic Medium Hair,Female
Kitten,Domestic Short Hair,Female
Adult,Domestic Short Hair,Female
Adult,Domestic Short Hair,Male
Kitten,Domestic Short Hair,Female
Kitten,Domestic Short Hair,Female
Kitten,Domestic Short Hair,Female
Kitten,Domestic Short Hair,Female
Kitten,Domestic Short Hair,Female
Kitten,Domestic Short Hair,Female
Adult,Domestic Short Hair,Male
Kitten,Domestic Short Hair,Male
Adult,Domestic Short Hair,Female
Kitten,Domestic Short Hair,Male
Adult,Domestic Short Hair,Male
Adult,Domestic Short Hair,Female
Kitten,Domestic Short Hair,Male
Kitten,Domestic Short Hair,Female
Adult,Domestic Short Hair,Male
Kitten,Domestic Short Hair,Female
Senior,Domestic Short Hair,Female
Adult,Domestic Long Hair,Male
Adult,Domestic Long Hair,Male
Kitten,Domestic Short Hair,Female
Kitten,Domestic Short Hair,Male
Adult,Domestic Short Hair,Female
Kitten,Domestic Short Hair,Male
Kitten,Domestic Short Hair,Male
Kitten,Domestic Short Hair,Male
Kitten,Domestic Short Hair,Female
Adult,Domestic Short Hair,Male
Senior,Domestic Short Hair,Female
Young,Domestic Short Hair,Female
Adult,Domestic Short Hair,Male
Adult,Domestic Medium Hair,Male
Kitten,Domestic Short Hair,Male
Kitten,Domestic Short Hair,Female
Young,Domestic Long Hair,Female
Adult,Domestic Short Hair,Female
Adult,Domestic Short Hair,Female
Adult,Domestic Medium Hair,Female
Kitten,Domestic Short Hair,Female
Adult,Domestic Short Hair,Female
Adult,Domestic Short Hair,Male
Kitten,Domestic Short Hair,Female
Kitten,Domestic Short Hair,Female
Kitten,Domestic Short Hair,Female
Kitten,Domestic Short Hair,Female
Kitten,Domestic Short Hair,Female
Kitten,Domestic Short Hair,Female
Adult,Domestic Short Hair,Male
Kitten,Domestic Short Hair,Male
Adult,Domestic Short Hair,Female
Kitten,Domestic Short Hair,Female
Kitten,Domestic Short Hair,Male
Kitten,Domestic Short Hair,Female
Young,Domestic Short Hair,Female
Kitten,Domestic Short Hair,Male
Adult,Domestic Long Hair,Male
Adult,Domestic Short Hair,Female
Adult,Domestic Short Hair,Female
Kitten,Domestic Medium Hair,Female
Young,Domestic Short Hair,Female
Kitten,Domestic Short Hair,Female
Kitten,Domestic Short Hair,Male
Kitten,Domestic Short Hair,Female
Adult,Domestic Short Hair,Female
Kitten,Domestic Short Hair,Female
Kitten,Domestic Short Hair,Female
Kitten,Domestic Short Hair,Male
Kitten,Domestic Medium Hair,Female
Adult,Domestic Short Hair,Female
Kitten,Domestic Short Hair,Female
Kitten,Domestic Short Hair,Female
Adult,Domestic Short Hair,Female
Senior,Domestic Long Hair,Female
Kitten,Domestic Short Hair,Female
Kitten,Domestic Short Hair,Female
Kitten,Domestic Short Hair,Male
Adult,Domestic Short Hair,Female
Kitten,Domestic Short Hair,Female
Kitten,Domestic Short Hair,Female
Kitten,Domestic Short Hair,Female
Young,Domestic Medium Hair,Male
Kitten,Domestic Short Hair,Female
Kitten,Domestic Short Hair,Female
Kitten,Domestic Short Hair,Male
Adult,Domestic Long Hair,Female
Adult,Himalayan,Male
Young,Domestic Short Hair,Male
Young,Domestic Short Hair,Male
Kitten,Domestic Short Hair,Female
Kitten,Domestic Short Hair,Male
Kitten,Domestic Short Hair,Female
Kitten,Domestic Short Hair,Female
Adult,Domestic Short Hair,Female
Kitten,Domestic Short Hair,Female
Adult,Domestic Short Hair,Male
Kitten,Domestic Short Hair,Male
Adult,Domestic Long Hair,Male
Adult,Domestic Short Hair,Male
Kitten,Domestic Short Hair,Male
Kitten,Domestic Short Hair,Female
Adult,Domestic Short Hair,Female
Kitten,Domestic Short Hair,Female
Adult,Domestic Short Hair,Male
Senior,Domestic Short Hair,Male
Kitten,Domestic Short Hair,Male
Adult,Domestic Short Hair,Male
Kitten,Domestic Short Hair,Male
Adult,Domestic Short Hair,Male
Adult,Domestic Medium Hair,Male
Kitten,Domestic Short Hair,Male
Adult,Domestic Short Hair,Female
Adult,Domestic Short Hair,Female
Adult,Domestic Short Hair,Female
Senior,Domestic Short Hair,Male
Kitten,Domestic Short Hair,Female
Kitten,Domestic Short Hair,Female
Adult,Domestic Short Hair,Male
Kitten,Domestic Short Hair,Female
Kitten,Domestic Short Hair,Male
Kitten,Domestic Medium Hair,Male
Kitten,Domestic Short Hair,Female
Kitten,Domestic Short Hair,Female
Adult,Domestic Short Hair,Female
Adult,Domestic Short Hair,Female
Kitten,Domestic Short Hair,Male
Adult,Domestic Short Hair,Female
Kitten,Domestic Medium Hair,Male
Kitten,Domestic Short Hair,Male
Kitten,Domestic Medium Hair,Female
Kitten,Domestic Short Hair,Male
Kitten,Domestic Short Hair,Female
Kitten,Domestic Short Hair,Female
Adult,Domestic Short Hair,Female
Kitten,Domestic Short Hair,Female
Adult,Domestic Short Hair,Male
Kitten,Domestic Short Hair,Male
Adult,Domestic Long Hair,Male
Adult,Domestic Short Hair,Male
Kitten,Domestic Short Hair,Male
Kitten,Domestic Short Hair,Female
Adult,Domestic Short Hair,Female
Kitten,Domestic Short Hair,Female
Adult,Domestic Short Hair,Male
Senior,Domestic Short Hair,Male
Kitten,Domestic Short Hair,Male
Adult,Domestic Short Hair,Male
Kitten,Domestic Short Hair,Male
Adult,Domestic Short Hair,Male
Adult,Domestic Medium Hair,Male
Kitten,Domestic Short Hair,Male
Adult,Domestic Short Hair,Female
Adult,Domestic Short Hair,Female
Adult,Domestic Short Hair,Female
Senior,Domestic Short Hair,Male
Kitten,Domestic Short Hair,Female
Kitten,Domestic Short Hair,Female
Adult,Domestic Short Hair,Male
Kitten,Domestic Short Hair,Female
Kitten,Domestic Short Hair,Male
Kitten,Domestic Medium Hair,Male
Kitten,Domestic Short Hair,Female
Kitten,Domestic Short Hair,Female
Adult,Domestic Short Hair,Female
Adult,Domestic Short Hair,Female
Kitten,Domestic Short Hair,Male
Adult,Domestic Short Hair,Female
Kitten,Domestic Medium Hair,Male
Kitten,Domestic Short Hair,Male
Kitten,Domestic Medium Hair,Female
Kitten,Domestic Short Hair,Male
Kitten,Domestic Short Hair,Female
Young,Domestic Short Hair,Female
Young,Domestic Short Hair,Female
Adult,Domestic Short Hair,Female
Young,Domestic Short Hair,Female
Young,Domestic Short Hair,Female
Young,Domestic Short Hair,Female
Adult,Domestic Short Hair,Female
Adult,Domestic Short Hair,Male
Adult,Domestic Short Hair,Male
Adult,Domestic Short Hair,Male
Adult,Domestic Short Hair,Male
Kitten,Domestic Short Hair,Male
Young,Domestic Short Hair,Male
Young,Domestic Short Hair,Male
Adult,Domestic Short Hair,Female
Adult,Domestic Short Hair,Female
Young,Domestic Short Hair,Female
Kitten,Domestic Short Hair,Female
Adult,Domestic Short Hair,Male
Kitten,Domestic Short Hair,Male
Young,Domestic Short Hair,Male
Kitten,Domestic Short Hair,Female
Kitten,Domestic Short Hair,Female
Adult,Domestic Short Hair,Male
Adult,Domestic Short Hair,Female
Adult,Torbie,Female
Adult,Domestic Short Hair,Male
Young,Domestic Short Hair,Female
Young,Domestic Medium Hair,Female
Young,Domestic Short Hair,Female
Adult,Domestic Short Hair,Male
Senior,Domestic Short Hair,Male
Young,Domestic Short Hair,Female
Adult,Domestic Short Hair,Male
Senior,Domestic Short Hair,Male
Kitten,Domestic Short Hair,Male
Kitten,Domestic Medium Hair,Male
Kitten,Domestic Short Hair,Male
Kitten,Domestic Short Hair,Male
Kitten,Domestic Medium Hair,Male
Kitten,Domestic Short Hair,Male
Senior,Domestic Short Hair,Male
Kitten,Domestic Short Hair,Female
Kitten,Domestic Short Hair,Male
Adult,Domestic Medium Hair,Female
Adult,Domestic Short Hair,Female
Adult,Domestic Short Hair,Male
Adult,Domestic Short Hair,Female
Young,Domestic Short Hair,Female
Kitten,Domestic Medium Hair,Female
Adult,Domestic Short Hair,Female
Young,Domestic Short Hair,Female
Young,Domestic Short Hair,Male
Kitten,Domestic Short Hair,Female
Young,Domestic Short Hair,Male
Kitten,Domestic Short Hair,Male
Kitten,Domestic Short Hair,Female
Kitten,Domestic Short Hair,Female
Adult,Domestic Short Hair,Female
Adult,Domestic Short Hair,Female
Adult,Domestic Short Hair,Male
Young,Domestic Short Hair,Female
Adult,Domestic Short Hair,Female
Adult,Domestic Short Hair,Female
Adult,Domestic Short Hair,Female
Adult,Domestic Long Hair,Male
Adult,Domestic Long Hair,Male
Adult,Domestic Short Hair,Female
Adult,Domestic Short Hair,Female
Adult,Domestic Long Hair,Male
Adult,Domestic Long Hair,Male
Adult,Domestic Long Hair,Male
Kitten,Domestic Short Hair,Male
Senior,Domestic Short Hair,Male
Adult,Domestic Medium Hair,Female
Kitten,Domestic Short Hair,Male
Kitten,Domestic Short Hair,Male
Young,Domestic Short Hair,Female
Adult,Domestic Short Hair,Male
Adult,Domestic Short Hair,Male
Young,Domestic Short Hair,Male
Kitten,Domestic Medium Hair,Male
Kitten,Domestic Short Hair,Male
Adult,Domestic Short Hair,Male
Adult,Domestic Short Hair,Male
Young,Domestic Short Hair,Female
Adult,Domestic Short Hair,Female
Senior,Domestic Long Hair,Male
Senior,Domestic Short Hair,Female
Kitten,Domestic Short Hair,Female
Kitten,Domestic Short Hair,Female
Kitten,Domestic Short Hair,Female
Adult,Domestic Short Hair,Male
Adult,Domestic Short Hair,Male
Kitten,Domestic Short Hair,Female
Adult,Domestic Short Hair,Female
Adult,Domestic Short Hair,Female
Adult,Domestic Short Hair,Female
Adult,Domestic Short Hair,Female
Kitten,Domestic Short Hair,Female
Kitten,Domestic Short Hair,Male
Kitten,Domestic Short Hair,Female
Kitten,Domestic Short Hair,Female
Senior,Domestic Short Hair,Female
Kitten,Domestic Short Hair,Female
Kitten,Domestic Short Hair,Female
Kitten,Domestic Short Hair,Male
Young,Domestic Short Hair,Female
Kitten,Domestic Short Hair,Male
Kitten,Domestic Short Hair,Female
Kitten,Domestic Short Hair,Male
Adult,Domestic Medium Hair,Female
Kitten,Domestic Short Hair,Male
Kitten,Domestic Short Hair,Female
Kitten,Domestic Short Hair,Female
Adult,Domestic Long Hair,Female
Young,Domestic Short Hair,Female
Adult,Domestic Short Hair,Female
Kitten,Domestic Short Hair,Male
Adult,Domestic Short Hair,Male
Adult,Domestic Short Hair,Female
Adult,Domestic Short Hair,Female
Kitten,Domestic Short Hair,Male
Adult,Domestic Short Hair,Female
Kitten,Domestic Short Hair,Male
Kitten,Domestic Short Hair,Male
Kitten,Domestic Short Hair,Male
Kitten,Domestic Short Hair,Female
Kitten,Domestic Short Hair,Male
Kitten,Domestic Short Hair,Female
Kitten,Domestic Short Hair,Female
Kitten,Domestic Short Hair,Female
Kitten,Domestic Short Hair,Male
Adult,Domestic Short Hair & Calico Mix,Female
Kitten,Domestic Short Hair,Male
Adult,Domestic Short Hair,Male
Adult,Domestic Short Hair,Female
Kitten,Domestic Medium Hair,Female
Kitten,Domestic Short Hair,Male
Kitten,Domestic Short Hair,Male
Adult,Domestic Short Hair,Female
Adult,Domestic Short Hair,Male
Kitten,Domestic Short Hair,Male
Adult,Domestic Short Hair,Male
Adult,Domestic Short Hair,Female
Kitten,Domestic Short Hair,Male
Kitten,Domestic Short Hair,Male
Kitten,Domestic Short Hair,Male
Kitten,Domestic Short Hair,Male
Kitten,Domestic Short Hair,Male
Adult,Domestic Short Hair,Male
Kitten,Domestic Short Hair,Male
Kitten,Domestic Medium Hair,Male
Kitten,Domestic Short Hair,Male
Adult,Domestic Short Hair,Female
Kitten,Domestic Short Hair,Male
Kitten,Domestic Short Hair,Male
Kitten,Domestic Short Hair,Male
Kitten,Domestic Short Hair,Male
Kitten,Domestic Short Hair,Male
Kitten,Domestic Medium Hair,Male
Senior,Domestic Short Hair,Male
Kitten,Domestic Short Hair,Male
Kitten,Domestic Medium Hair,Female
Adult,Domestic Short Hair,Male
Adult,Domestic Short Hair,Male
Kitten,Domestic Medium Hair,Female
Kitten,Domestic Short Hair,Female
Kitten,Domestic Short Hair,Female
Adult,Domestic Medium Hair,Female
Adult,Domestic Short Hair,Female
Kitten,Domestic Medium Hair,Male
Adult,Domestic Short Hair,Female
Kitten,Domestic Short Hair,Female
Adult,Domestic Short Hair,Female
Kitten,Domestic Short Hair,Female
Kitten,Domestic Short Hair,Female
Adult,Domestic Short Hair,Male
Adult,Domestic Short Hair,Male
Adult,Domestic Long Hair,Female
Adult,Domestic Short Hair,Female
Adult,Domestic Short Hair,Female
Kitten,Domestic Short Hair,Male
Kitten,Domestic Medium Hair,Male
Kitten,Domestic Short Hair,Male
Kitten,Domestic Short Hair,Female
Kitten,Domestic Short Hair,Male
Kitten,Domestic Short Hair,Male
Kitten,Domestic Short Hair,Male
Kitten,Domestic Short Hair,Male
Kitten,Domestic Short Hair,Female
Kitten,Domestic Short Hair,Male
Kitten,Domestic Short Hair,Male
Adult,Domestic Short Hair,Male
Adult,Domestic Short Hair,Male
Kitten,Domestic Short Hair,Male
Kitten,Domestic Short Hair,Female
Kitten,Domestic Short Hair,Female
Adult,Domestic Short Hair,Female
Kitten,Domestic Short Hair,Male
Kitten,Domestic Medium Hair,Male
Senior,Domestic Short Hair,Male
Kitten,Domestic Short Hair,Male
Kitten,Domestic Medium Hair,Female
Adult,Domestic Short Hair,Male
Adult,Domestic Short Hair,Male
Kitten,Domestic Medium Hair,Female
Kitten,Domestic Short Hair,Female
Kitten,Domestic Short Hair,Female
Adult,Domestic Medium Hair,Female
Adult,Domestic Short Hair,Female
Kitten,Domestic Medium Hair,Male
Adult,Domestic Short Hair,Female
Kitten,Domestic Short Hair,Female
Adult,Domestic Short Hair,Female
Kitten,Domestic Short Hair,Female
Kitten,Domestic Short Hair,Female
Adult,Domestic Short Hair,Male
Adult,Domestic Short Hair,Male
Adult,Domestic Long Hair,Female
Adult,Domestic Short Hair,Female
Adult,Domestic Short Hair,Female
Kitten,Domestic Short Hair,Male
Kitten,Domestic Medium Hair,Male
Kitten,Domestic Short Hair,Male
Kitten,Domestic Short Hair,Female
Kitten,Domestic Short Hair,Male
Kitten,Domestic Short Hair,Male
Kitten,Domestic Short Hair,Male
Kitten,Domestic Short Hair,Male
Kitten,Domestic Short Hair,Female
Kitten,Domestic Short Hair,Male
Kitten,Domestic Short Hair,Male
Adult,Domestic Short Hair,Male
Adult,Domestic Short Hair,Male
Kitten,Domestic Short Hair,Male
Kitten,Domestic Short Hair,Female
Kitten,Domestic Short Hair,Female
Adult,Domestic Short Hair,Female
Adult,Domestic Short Hair,Female
Adult,Domestic Short Hair,Male
Adult,Domestic Short Hair,Female
Adult,Domestic Short Hair,Female
Adult,Domestic Long Hair,Female
Adult,Domestic Short Hair,Female
Adult,Domestic Short Hair,Male
Adult,Domestic Medium Hair,Male
Adult,Domestic Short Hair,Male
Adult,Domestic Short Hair,Male
Adult,Domestic Short Hair,Male
Adult,Domestic Short Hair,Female
Adult,Domestic Short Hair,Male
Adult,Domestic Short Hair,Male
Adult,Domestic Short Hair,Male
Adult,Domestic Medium Hair,Female
Senior,Domestic Short Hair,Male
Adult,Domestic Short Hair,Female
Adult,Domestic Medium Hair,Female
Senior,Domestic Short Hair,Female
Adult,Domestic Short Hair,Male
Adult,Domestic Short Hair,Female
Adult,Domestic Short Hair,Female
Adult,Domestic Long Hair,Female
Senior,Himalayan,Male
Adult,Domestic Short Hair,Male
Adult,Domestic Short Hair,Female
Adult,Domestic Short Hair,Male
Adult,Domestic Short Hair,Male
Young,Domestic Short Hair,Female
Senior,Domestic Short Hair,Male
Adult,Domestic Short Hair,Female
Senior,Domestic Short Hair,Female
Kitten,Domestic Short Hair,Female
Adult,Domestic Short Hair,Female
Adult,Domestic Short Hair,Male
Adult,Domestic Short Hair,Female
Kitten,Domestic Short Hair,Male
Adult,Domestic Long Hair,Female
Kitten,Domestic Short Hair,Male
Adult,Domestic Long Hair,Male
Adult,Domestic Medium Hair,Female
Adult,Domestic Medium Hair,Female
Senior,Domestic Short Hair,Male
Adult,Domestic Medium Hair,Male
Adult,Domestic Short Hair,Male
Adult,Domestic Short Hair,Male
Adult,Domestic Short Hair,Male
Kitten,Domestic Short Hair,Male
Adult,Domestic Short Hair,Male
Kitten,Domestic Short Hair,Female
Kitten,Domestic Medium Hair,Female
Adult,Domestic Short Hair,Male
Adult,Domestic Short Hair,Male
Adult,Domestic Long Hair,Female
Senior,Domestic Short Hair,Male
Adult,Domestic Long Hair,Male
Adult,Domestic Medium Hair,Female
Senior,Domestic Short Hair & Siamese Mix,Male
Adult,Domestic Short Hair,Female
Young,Domestic Short Hair,Female
Senior,Domestic Short Hair,Female
Adult,Domestic Short Hair,Female
Kitten,Domestic Short Hair,Female
Adult,Domestic Long Hair,Female
Adult,Domestic Medium Hair,Female
Kitten,Domestic Short Hair,Male
Adult,Domestic Short Hair,Male
Senior,Domestic Long Hair,Female
Adult,Domestic Short Hair,Male
Adult,Domestic Short Hair,Female
Adult,Domestic Long Hair,Female
Kitten,Domestic Short Hair,Male
Kitten,Domestic Medium Hair,Female
Adult,Domestic Short Hair,Male
Adult,Domestic Short Hair,Male
Adult,Domestic Short Hair,Male
Adult,Domestic Short Hair,Male
Kitten,Domestic Short Hair,Female
Young,Domestic Medium Hair,Female
Adult,Domestic Short Hair,Female
Adult,Domestic Long Hair,Female
Adult,Domestic Short Hair,Female
Adult,Domestic Short Hair,Male
Adult,Domestic Medium Hair,Female
Adult,Domestic Short Hair,Female
Senior,Domestic Long Hair,Female
Adult,Domestic Medium Hair,Male
Adult,Domestic Short Hair,Female
Kitten,Domestic Short Hair,Male
Adult,Domestic Short Hair,Female
Kitten,Domestic Short Hair,Female
Kitten,Domestic Short Hair,Female
Kitten,Domestic Medium Hair,Male
Kitten,Domestic Medium Hair,Male
Adult,Tortoiseshell,Female
Kitten,Domestic Short Hair,Female
Kitten,Domestic Short Hair,Female
Kitten,Domestic Short Hair,Male
Kitten,Domestic Short Hair,Female
Adult,Domestic Short Hair,Male
Adult,Domestic Short Hair,Male
Adult,Domestic Short Hair,Female
Adult,Domestic Short Hair,Female
Adult,Domestic Short Hair,Female
Adult,Domestic Long Hair,Female
Kitten,Domestic Short Hair,Male
Adult,Domestic Short Hair,Male
Kitten,Domestic Medium Hair,Female
Adult,Domestic Short Hair,Female
Adult,Domestic Long Hair & Maine Coon Mix,Male
Kitten,Domestic Short Hair,Male
Adult,Domestic Medium Hair,Male
Adult,Domestic Short Hair,Female
Senior,Domestic Long Hair,Male
Adult,Norwegian Forest Cat,Female
Kitten,Domestic Short Hair,Male
Kitten,Domestic Short Hair,Male
Kitten,Domestic Short Hair,Male
Kitten,Domestic Short Hair,Female
Kitten,Domestic Short Hair,Female
Senior,Tortoiseshell,Female
Kitten,Domestic Medium Hair,Female
Young,Domestic Short Hair,Female
Kitten,Domestic Short Hair,Male
Kitten,Domestic Short Hair,Male
Senior,Persian,Female
Adult,Domestic Long Hair,Male
Adult,Domestic Long Hair,Female
Adult,Domestic Short Hair,Male
Adult,Domestic Short Hair,Female
Kitten,Domestic Short Hair,Female
Adult,Tabby,Male
Kitten,Domestic Short Hair,Female
Kitten,Domestic Short Hair,Male
Kitten,Domestic Short Hair,Male
Adult,Domestic Short Hair,Female
Kitten,Domestic Short Hair,Female
Kitten,Domestic Short Hair,Female
Kitten,Domestic Short Hair,Female
Kitten,Domestic Short Hair,Female
Adult,Domestic Short Hair,Female
Kitten,Domestic Short Hair,Male
Kitten,Domestic Short Hair,Female
Kitten,Domestic Short Hair,Male
Kitten,Domestic Short Hair,Female
Kitten,Tuxedo,Female
Kitten,Domestic Short Hair,Female
Kitten,Domestic Medium Hair,Female
Kitten,Tuxedo,Female
Kitten,Domestic Medium Hair,Female
Kitten,Domestic Short Hair,Female
Kitten,Domestic Medium Hair,Female
Kitten,Domestic Short Hair,Female
Kitten,Domestic Short Hair,Female
Kitten,Domestic Short Hair,Male
Adult,Domestic Long Hair,Female
Adult,Domestic Short Hair,Male
Adult,Domestic Short Hair,Female
Kitten,Domestic Short Hair,Male
Adult,Domestic Short Hair,Female
Adult,Domestic Short Hair,Female
Kitten,Domestic Short Hair,Male
Kitten,Domestic Short Hair,Male
Kitten,Domestic Short Hair,Male
Kitten,Domestic Short Hair,Male
Kitten,Domestic Short Hair,Female
Kitten,Domestic Short Hair,Female
Kitten,Domestic Medium Hair,Male
Kitten,Domestic Short Hair,Female
Kitten,Domestic Short Hair,Female
Kitten,Domestic Short Hair,Male
Adult,Domestic Short Hair,Male
Adult,Domestic Short Hair,Female
Kitten,Domestic Short Hair,Male
Kitten,Domestic Short Hair,Female
Adult,Domestic Short Hair,Female
Kitten,Domestic Short Hair,Male
Kitten,Domestic Short Hair,Female
Kitten,Domestic Short Hair,Male
Adult,Domestic Medium Hair,Male
Kitten,Domestic Short Hair,Male
Kitten,Domestic Short Hair,Female
Adult,Domestic Short Hair,Female
Kitten,Domestic Short Hair,Female
Kitten,Domestic Medium Hair,Male
Adult,Domestic Long Hair,Female
Adult,Domestic Short Hair,Female
Kitten,Domestic Short Hair,Female
Kitten,Domestic Short Hair,Female
Kitten,Domestic Short Hair,Female
Kitten,Domestic Short Hair,Female
Kitten,Domestic Short Hair,Male
Kitten,Domestic Short Hair,Female
Kitten,Domestic Short Hair,Female
Kitten,Domestic Short Hair,Male
Senior,Domestic Medium Hair,Female
Adult,Domestic Short Hair,Male
Senior,Domestic Short Hair,Male
Kitten,Domestic Short Hair,Female
Kitten,Domestic Short Hair,Female
Kitten,Domestic Short Hair,Female
Kitten,Domestic Short Hair,Female
Senior,Himalayan,Male
Adult,Domestic Short Hair,Male
Senior,Persian,Female
Adult,Domestic Short Hair,Male
Kitten,Domestic Short Hair,Male
Adult,Domestic Long Hair & Siamese Mix,Female
Adult,Domestic Long Hair,Male
Adult,Domestic Medium Hair & Calico Mix,Female
Adult,Domestic Short Hair,Female
Adult,Domestic Short Hair,Female
Kitten,Domestic Short Hair,Female
Adult,Domestic Short Hair,Female
Adult,Domestic Short Hair,Male
Kitten,Domestic Short Hair,Male
Kitten,Domestic Short Hair,Female
Kitten,Domestic Short Hair Mix,Female
Adult,Domestic Short Hair,Male
Adult,Domestic Short Hair,Female
Adult,Domestic Short Hair,Male
Kitten,Domestic Short Hair,Female
Adult,Domestic Short Hair,Male
Adult,Domestic Short Hair,Female
Adult,Domestic Medium Hair,Female
Kitten,Domestic Short Hair,Male
Kitten,Domestic Short Hair,Male
Kitten,Domestic Short Hair,Male
Adult,Domestic Short Hair,Female
Kitten,Domestic Short Hair,Male
Young,Domestic Short Hair,Female
Young,Domestic Short Hair,Female
Adult,Domestic Short Hair,Female
Adult,Domestic Medium Hair,Male
Senior,Domestic Short Hair,Female
Adult,Domestic Short Hair,Male
Kitten,Domestic Short Hair,Female
Adult,Domestic Short Hair,Female
Adult,Domestic Short Hair,Female
Adult,Domestic Medium Hair,Male
Senior,Domestic Long Hair,Female
Adult,Domestic Short Hair,Female
Adult,Domestic Long Hair,Female
Adult,Domestic Short Hair,Female
Adult,Domestic Short Hair,Female
Kitten,Domestic Short Hair,Female
Adult,Domestic Medium Hair,Male
Kitten,Domestic Short Hair & Siamese Mix,Female
Kitten,Domestic Short Hair Mix,Female
Kitten,Domestic Short Hair,Male
Adult,Domestic Short Hair,Female
Kitten,Domestic Short Hair,Male
Kitten,Domestic Short Hair,Male
Kitten,Domestic Short Hair,Male
Kitten,Domestic Medium Hair,Female
Adult,Domestic Long Hair,Male
Kitten,Domestic Short Hair,Female
Adult,Domestic Short Hair,Female
Adult,Domestic Short Hair,Female
Kitten,Domestic Short Hair,Male
Kitten,Domestic Medium Hair,Female
Kitten,Domestic Short Hair,Male
Kitten,Domestic Short Hair,Male
Adult,Domestic Short Hair,Male
Adult,Domestic Short Hair,Female
Adult,Domestic Short Hair,Male
Senior,Domestic Short Hair,Female
Adult,Domestic Short Hair,Male
Kitten,Domestic Short Hair,Male
Kitten,Domestic Short Hair,Female
Kitten,Domestic Short Hair,Female
Kitten,Domestic Medium Hair,Male
Kitten,Domestic Short Hair,Male
Kitten,Domestic Medium Hair,Female
Kitten,Domestic Short Hair,Female
Young,Domestic Medium Hair,Female
Adult,Domestic Long Hair,Female
Adult,Domestic Short Hair,Female
Kitten,Domestic Medium Hair,Female
Adult,Domestic Short Hair,Female
Adult,Domestic Short Hair,Female
Adult,Domestic Short Hair,Male
Kitten,Domestic Short Hair,Male
Kitten,Domestic Short Hair,Male
Kitten,Domestic Long Hair,Female
Adult,Domestic Short Hair,Female
Adult,Domestic Medium Hair,Male
Kitten,Domestic Short Hair,Female
Kitten,Domestic Short Hair,Female
Kitten,Domestic Short Hair,Male
Kitten,Domestic Medium Hair,Male
Adult,Domestic Short Hair,Male
Kitten,Domestic Short Hair,Male
Kitten,Domestic Medium Hair,Male
Kitten,Domestic Short Hair,Male
Kitten,Domestic Short Hair,Female
Adult,Domestic Medium Hair,Male
Adult,Domestic Short Hair,Male
Kitten,Domestic Short Hair,Female
Kitten,Domestic Short Hair,Male
Adult,Domestic Short Hair,Male
Adult,Domestic Medium Hair,Female
Kitten,Domestic Short Hair,Male
Adult,Domestic Long Hair,Female
Kitten,Domestic Medium Hair,Female
Adult,Domestic Short Hair,Male
Kitten,Domestic Short Hair,Female
Adult,Domestic Short Hair,Male
Adult,Domestic Short Hair,Male
Adult,Domestic Short Hair,Male
Kitten,Domestic Short Hair,Male
Kitten,Domestic Short Hair,Female
Kitten,Domestic Short Hair & Siamese Mix,Male
Kitten,Domestic Medium Hair,Female
Adult,Domestic Short Hair,Male
Adult,Siamese,Female
Adult,Siamese & Manx Mix,Female
Kitten,Domestic Short Hair,Male
Adult,Domestic Short Hair,Female
Adult,Domestic Short Hair,Female
Adult,Domestic Short Hair,Female
Adult,Domestic Short Hair,Male
Kitten,Domestic Short Hair,Male
Kitten,Domestic Short Hair,Male
Kitten,Domestic Long Hair,Female
Adult,Domestic Short Hair,Female
Adult,Domestic Medium Hair,Male
Kitten,Domestic Short Hair,Female
Kitten,Domestic Short Hair,Female
Kitten,Domestic Short Hair,Male
Kitten,Domestic Medium Hair,Male
Adult,Domestic Short Hair,Male
Kitten,Domestic Short Hair,Male
Kitten,Domestic Medium Hair,Male
Kitten,Domestic Short Hair,Male
Kitten,Domestic Short Hair,Female
Adult,Domestic Medium Hair,Male
Adult,Domestic Short Hair,Male
Kitten,Domestic Short Hair,Female
Kitten,Domestic Short Hair,Male
Adult,Domestic Short Hair,Male
Adult,Domestic Medium Hair,Female
Kitten,Domestic Short Hair,Male
Adult,Domestic Long Hair,Female
Kitten,Domestic Medium Hair,Female
Adult,Domestic Short Hair,Male
Kitten,Domestic Short Hair,Female
Adult,Domestic Short Hair,Male
Adult,Domestic Short Hair,Male
Adult,Domestic Short Hair,Male
Kitten,Domestic Short Hair,Male
Kitten,Domestic Short Hair,Female
Kitten,Domestic Short Hair & Siamese Mix,Male
Kitten,Domestic Medium Hair,Female
Adult,Domestic Short Hair,Male
Adult,Siamese,Female
Adult,Siamese & Manx Mix,Female
Kitten,Domestic Short Hair,Male
Adult,Domestic Short Hair,Female
Kitten,Domestic Short Hair,Male
Adult,Domestic Long Hair,Female
Kitten,Domestic Short Hair,Male
Kitten,Domestic Short Hair,Female
Kitten,Domestic Short Hair,Male
Adult,Domestic Medium Hair,Female
Kitten,Domestic Medium Hair,Female
Kitten,Domestic Short Hair & Manx Mix,Female
Adult,Maine Coon & Domestic Long Hair Mix,Male
Kitten,Domestic Short Hair,Male
Kitten,Domestic Short Hair,Female
Kitten,Domestic Short Hair,Male
Adult,Domestic Long Hair,Male
Adult,Domestic Short Hair,Male
Adult,Domestic Long Hair,Female
Adult,Domestic Short Hair,Female
Adult,Domestic Short Hair,Female
Adult,Domestic Short Hair,Female
Adult,Domestic Long Hair,Male
Kitten,Domestic Short Hair,Female
Adult,Domestic Medium Hair,Male
Senior,Domestic Short Hair,Female
Senior,Domestic Short Hair,Female
Kitten,Domestic Short Hair,Male
Adult,Domestic Short Hair,Female
Adult,Domestic Short Hair,Female
Adult,Domestic Medium Hair,Female
Adult,Domestic Short Hair,Male
Senior,Domestic Short Hair,Female
Adult,Domestic Short Hair,Male
Adult,Domestic Short Hair,Male
Adult,Domestic Short Hair,Female
Adult,Domestic Short Hair,Female
Kitten,Domestic Short Hair,Female
Adult,Domestic Short Hair,Male
Adult,Domestic Short Hair,Male
Adult,Domestic Long Hair,Male
Kitten,Domestic Medium Hair,Female
Adult,Domestic Short Hair,Male
Adult,Domestic Short Hair,Male
Adult,Domestic Short Hair,Male
Adult,Domestic Short Hair,Female
Adult,Domestic Short Hair,Male
Adult,Domestic Short Hair,Female
Adult,Domestic Short Hair,Female
Senior,Domestic Medium Hair,Female
Kitten,Domestic Short Hair,Male
Adult,Domestic Short Hair,Female
Adult,Domestic Short Hair,Male
Adult,Domestic Medium Hair,Female
Adult,Domestic Short Hair,Male
Senior,Domestic Short Hair & Siamese Mix,Male
Kitten,Domestic Short Hair,Female
Adult,Siamese & Domestic Long Hair Mix,Male
Senior,Domestic Short Hair,Female
Kitten,Domestic Short Hair,Male
Adult,Domestic Long Hair,Male
Adult,Domestic Long Hair Mix,Male
Kitten,Domestic Medium Hair,Female
Kitten,Domestic Short Hair,Male
Adult,Domestic Long Hair,Female
Adult,Domestic Medium Hair,Female
Adult,Domestic Short Hair,Female
Senior,Domestic Short Hair,Male
Senior,Domestic Medium Hair,Male
Adult,Domestic Short Hair,Female
Young,Domestic Long Hair,Male
Adult,Domestic Short Hair,Female
Adult,Domestic Short Hair,Male
Adult,Domestic Short Hair,Female
Young,Domestic Long Hair,Male
Adult,Domestic Short Hair,Male
Adult,Persian,Female
Adult,Domestic Short Hair,Male
Adult,Domestic Short Hair,Female
Adult,Domestic Medium Hair,Female
Adult,Domestic Short Hair,Male
Adult,Domestic Long Hair,Male
Adult,Domestic Short Hair,Female
Adult,Domestic Short Hair,Male
Adult,Domestic Short Hair,Male
Adult,Domestic Short Hair,Female
Adult,Domestic Short Hair,Male
Adult,Domestic Short Hair,Female
Adult,Domestic Short Hair,Female
Senior,Domestic Medium Hair,Female
Kitten,Domestic Short Hair,Male
Adult,Domestic Short Hair,Female
Adult,Domestic Short Hair,Male
Adult,Domestic Medium Hair,Female
Adult,Domestic Short Hair,Male
Senior,Domestic Short Hair & Siamese Mix,Male
Kitten,Domestic Short Hair,Female
Adult,Siamese & Domestic Long Hair Mix,Male
Senior,Domestic Short Hair,Female
Kitten,Domestic Short Hair,Male
Adult,Domestic Long Hair,Male
Adult,Domestic Long Hair Mix,Male
Kitten,Domestic Medium Hair,Female
Kitten,Domestic Short Hair,Male
Adult,Domestic Long Hair,Female
Adult,Domestic Medium Hair,Female
Adult,Domestic Short Hair,Female
Senior,Domestic Short Hair,Male
Senior,Domestic Medium Hair,Male
Adult,Domestic Short Hair,Female
Young,Domestic Long Hair,Male
Adult,Domestic Short Hair,Female
Adult,Domestic Short Hair,Male
Adult,Domestic Short Hair,Female
Young,Domestic Long Hair,Male
Adult,Domestic Short Hair,Male
Adult,Persian,Female
Adult,Domestic Short Hair,Male
Adult,Domestic Short Hair,Female
Adult,Domestic Medium Hair,Female
Adult,Domestic Short Hair,Male
Adult,Domestic Long Hair,Male
Adult,Domestic Short Hair,Female
Adult,Domestic Short Hair,Male
Young,Domestic Medium Hair,Male
Kitten,Domestic Medium Hair,Male
Kitten,Domestic Medium Hair,Male
Adult,Domestic Short Hair,Male
Kitten,Domestic Medium Hair,Male
Young,Domestic Short Hair,Female
Kitten,Domestic Short Hair,Female
Kitten,Domestic Short Hair,Female
Adult,Domestic Medium Hair,Female
Kitten,Domestic Short Hair,Male
Adult,Domestic Short Hair,Female
Kitten,Domestic Short Hair,Male
Adult,Domestic Short Hair,Female
Adult,Domestic Short Hair,Male
Kitten,Domestic Medium Hair,Female
Adult,Domestic Short Hair,Female
Kitten,Domestic Medium Hair,Female
Kitten,Domestic Short Hair,Female
Senior,Domestic Medium Hair,Female
Kitten,Domestic Short Hair,Female
Adult,Domestic Short Hair,Female
Kitten,Domestic Short Hair,Male
Senior,Domestic Short Hair,Male
Kitten,Domestic Short Hair,Female
Kitten,Domestic Short Hair,Male
Young,Domestic Short Hair,Male
Senior,Siamese & Domestic Short Hair Mix,Female
Kitten,Domestic Short Hair,Male
Adult,Domestic Short Hair,Female
Kitten,Domestic Short Hair,Female
Adult,Domestic Medium Hair,Female
Adult,Domestic Short Hair,Male
Adult,Domestic Short Hair,Female
Adult,Domestic Short Hair,Female
Adult,Siamese & Domestic Short Hair Mix,Female
Adult,Domestic Short Hair,Female
Kitten,Domestic Short Hair Mix,Female
Adult,Domestic Short Hair,Female
Adult,Domestic Short Hair,Female
Kitten,Domestic Medium Hair,Female
Kitten,Domestic Medium Hair,Male
Adult,Domestic Short Hair,Male
Adult,Domestic Short Hair & Calico Mix,Female
Adult,Domestic Long Hair,Female
Senior,Domestic Medium Hair,Male
Kitten,Domestic Short Hair,Female
Adult,Domestic Short Hair,Male
Kitten,Domestic Short Hair,Female
Kitten,Domestic Short Hair,Male
Kitten,Domestic Medium Hair,Male
Kitten,Domestic Medium Hair,Male
Adult,Domestic Short Hair,Female
Kitten,Domestic Medium Hair,Female
Adult,Domestic Short Hair,Female
Kitten,Domestic Short Hair,Male
Kitten,Domestic Medium Hair,Male
Adult,Domestic Long Hair & Siamese Mix,Male
Adult,Siamese & Domestic Long Hair Mix,Male
Adult,Siamese & Domestic Short Hair Mix,Male
Adult,Siamese & Domestic Short Hair Mix,Male
Kitten,Domestic Short Hair,Male
Kitten,Domestic Short Hair,Female
Kitten,Domestic Short Hair,Female
Kitten,Domestic Short Hair,Female
Kitten,Domestic Short Hair,Female
Kitten,Domestic Short Hair,Female
Kitten,Domestic Short Hair,Male
Senior,Domestic Short Hair,Male
Adult,Domestic Short Hair,Female
Adult,Domestic Short Hair,Female
Kitten,Domestic Short Hair,Female
Kitten,Domestic Short Hair,Female
Adult,Domestic Short Hair,Male
Kitten,Domestic Short Hair,Female
Adult,Domestic Short Hair,Female
Kitten,Domestic Short Hair,Female
Kitten,Domestic Short Hair,Male
Kitten,Domestic Short Hair,Female
Adult,Domestic Short Hair,Female
Adult,Himalayan,Female
Kitten,Domestic Short Hair,Female
Adult,Himalayan,Male
Kitten,Domestic Medium Hair,Female
Adult,Domestic Short Hair,Male
Adult,Domestic Short Hair,Female
Adult,Domestic Short Hair,Female
Kitten,Domestic Short Hair,Female
Adult,Domestic Short Hair,Female
Senior,Domestic Short Hair,Female
Kitten,Domestic Short Hair,Female
Adult,Domestic Long Hair Mix,Female
Adult,Domestic Short Hair,Female
Adult,Domestic Short Hair,Female
Kitten,Domestic Short Hair,Female
Adult,Domestic Medium Hair,Male
Adult,Domestic Short Hair,Female
Adult,Domestic Short Hair,Male
Kitten,Domestic Short Hair,Female
Kitten,Domestic Short Hair,Male
Kitten,Domestic Short Hair,Female
Adult,Domestic Short Hair,Female
Kitten,Domestic Medium Hair,Male
Kitten,Domestic Short Hair,Male
Kitten,Domestic Short Hair,Female
Adult,Domestic Short Hair,Female
Kitten,Domestic Medium Hair,Male
Kitten,Domestic Short Hair,Male
Adult,Domestic Short Hair,Female
Kitten,Domestic Short Hair Mix,Female
Kitten,Domestic Short Hair,Female
Adult,Domestic Medium Hair,Female
Kitten,Domestic Short Hair,Male
Kitten,Domestic Short Hair,Female
Kitten,Domestic Short Hair,Male
Kitten,Domestic Medium Hair,Male
Kitten,Domestic Short Hair,Female
Kitten,Domestic Short Hair,Male
Kitten,Domestic Short Hair,Female
Young,Domestic Short Hair,Female
Adult,Domestic Short Hair,Female
Kitten,Domestic Short Hair,Female
Adult,Himalayan,Male
Kitten,Domestic Medium Hair,Female
Adult,Domestic Short Hair,Male
Adult,Domestic Short Hair,Female
Adult,Domestic Short Hair,Female
Kitten,Domestic Short Hair,Female
Adult,Domestic Short Hair,Female
Senior,Domestic Short Hair,Female
Kitten,Domestic Short Hair,Female
Adult,Domestic Long Hair Mix,Female
Adult,Domestic Short Hair,Female
Adult,Domestic Short Hair,Female
Kitten,Domestic Short Hair,Female
Adult,Domestic Medium Hair,Male
Adult,Domestic Short Hair,Female
Adult,Domestic Short Hair,Male
Kitten,Domestic Short Hair,Female
Kitten,Domestic Short Hair,Male
Kitten,Domestic Short Hair,Female
Adult,Domestic Short Hair,Female
Kitten,Domestic Medium Hair,Male
Kitten,Domestic Short Hair,Male
Kitten,Domestic Short Hair,Female
Adult,Domestic Short Hair,Female
Kitten,Domestic Medium Hair,Male
Kitten,Domestic Short Hair,Male
Adult,Domestic Short Hair,Female
Kitten,Domestic Short Hair Mix,Female
Kitten,Domestic Short Hair,Female
Adult,Domestic Medium Hair,Female
Kitten,Domestic Short Hair,Male
Kitten,Domestic Short Hair,Female
Kitten,Domestic Short Hair,Male
Kitten,Domestic Medium Hair,Male
Kitten,Domestic Short Hair,Female
Kitten,Domestic Short Hair,Male
Kitten,Domestic Short Hair,Female
Young,Domestic Short Hair,Female
Adult,Domestic Short Hair,Female
Young,Domestic Short Hair,Male
Adult,Domestic Short Hair,Male
Young,Domestic Medium Hair,Female
Young,Domestic Medium Hair,Female
Adult,Domestic Short Hair,Female
Young,Domestic Short Hair,Female
Adult,Domestic Medium Hair,Male
Senior,Domestic Short Hair,Male
Adult,Domestic Short Hair,Male
Adult,Siamese,Male
Young,Domestic Short Hair,Female
Adult,Domestic Short Hair,Male
Adult,Domestic Short Hair,Female
Young,Domestic Medium Hair,Male
Young,Domestic Medium Hair,Female
Young,Domestic Medium Hair,Male
Adult,Siamese & Tortoiseshell Mix,Female
Adult,Domestic Short Hair,Female
Adult,Domestic Short Hair,Female
Adult,Domestic Short Hair,Female
Adult,Domestic Short Hair,Female
Adult,Domestic Short Hair,Female
Adult,Domestic Short Hair,Female
Adult,Domestic Long Hair,Male
Adult,Domestic Short Hair,Male
Adult,Domestic Short Hair,Male
Adult,Domestic Long Hair,Female
Adult,Domestic Long Hair,Male
Adult,Domestic Long Hair,Female
Adult,Tortoiseshell,Female
Senior,Domestic Long Hair,Male
Young,Domestic Short Hair,Female
Adult,Domestic Short Hair,Male
Senior,Domestic Short Hair,Male
Adult,Domestic Short Hair,Male
Adult,Domestic Long Hair,Female
Adult,Domestic Short Hair,Male
Senior,Domestic Short Hair,Female
Adult,Domestic Short Hair & Calico Mix,Female
Adult,Domestic Short Hair,Female
Adult,Domestic Short Hair,Male
Adult,Domestic Short Hair,Male
Adult,Domestic Medium Hair,Female
Adult,Domestic Short Hair,Female
Adult,Domestic Short Hair,Male
Adult,Domestic Short Hair,Female
Adult,Domestic Long Hair & Maine Coon Mix,Male
Kitten,Domestic Short Hair,Female
Adult,Domestic Short Hair,Female
Adult,Domestic Medium Hair & Maine Coon Mix,Female
Adult,Domestic Short Hair,Female
Young,Domestic Short Hair,Female
Senior,Domestic Short Hair,Female
Adult,Domestic Short Hair,Female
Adult,Domestic Medium Hair,Male
Adult,Domestic Short Hair,Female
Adult,Domestic Short Hair,Male
Adult,Domestic Short Hair,Male
Adult,Domestic Short Hair,Female
Kitten,Domestic Short Hair,Female
Kitten,Domestic Short Hair,Male
Kitten,Domestic Short Hair,Female
Adult,Domestic Short Hair,Female
Kitten,Domestic Short Hair,Male
Adult,Domestic Short Hair,Female
Kitten,Domestic Short Hair,Female
Kitten,Domestic Short Hair,Female
Adult,Domestic Short Hair,Female
Young,Domestic Short Hair,Male
Kitten,Domestic Short Hair,Female
Adult,Domestic Medium Hair,Female
Adult,Persian,Female
Kitten,Domestic Short Hair,Male
Kitten,Domestic Short Hair,Female
Kitten,Domestic Short Hair,Female
Kitten,Domestic Medium Hair,Male
Adult,Domestic Short Hair,Female
Adult,Domestic Short Hair,Female
Adult,Domestic Short Hair,Female
Kitten,Domestic Medium Hair,Female
Adult,Domestic Short Hair,Female
Senior,Domestic Medium Hair,Male
Adult,Domestic Short Hair,Female
Kitten,Domestic Short Hair,Male
Kitten,Domestic Medium Hair,Male
Kitten,Domestic Short Hair,Female
Adult,Domestic Long Hair,Female
Kitten,Domestic Long Hair,Female
Kitten,Domestic Long Hair,Male
Adult,Domestic Medium Hair,Male
Kitten,Domestic Medium Hair,Male
Kitten,Domestic Short Hair,Male
Young,Domestic Medium Hair,Male
Kitten,Domestic Long Hair,Female
Adult,Domestic Short Hair,Female
Young,Domestic Short Hair,Male
Adult,Domestic Long Hair,Female
Adult,Domestic Short Hair,Female
Young,Domestic Short Hair,Male
Adult,Domestic Short Hair,Female
Adult,Domestic Short Hair,Female
Young,Domestic Short Hair,Male
Young,Domestic Medium Hair,Male
Young,Domestic Short Hair,Male
Young,Domestic Short Hair,Male
Kitten,Domestic Short Hair,Male
Adult,Domestic Long Hair,Male
Kitten,Domestic Short Hair,Male
Adult,Domestic Long Hair & Maine Coon Mix,Female
Kitten,Domestic Short Hair,Female
Adult,Domestic Short Hair,Male
Kitten,Domestic Short Hair,Female
Kitten,Domestic Short Hair,Male
Kitten,Domestic Short Hair,Female
Young,Domestic Short Hair,Male
Young,Domestic Medium Hair,Male
Kitten,Domestic Short Hair,Female
Adult,Domestic Short Hair & Tortoiseshell Mix,Female
Adult,Domestic Short Hair,Female
Kitten,Domestic Medium Hair,Male
Adult,Domestic Short Hair & American Bobtail Mix,Male
Kitten,Domestic Short Hair,Male
Kitten,Domestic Short Hair,Female
Adult,Domestic Short Hair & American Bobtail Mix,Male
Kitten,Domestic Short Hair,Male
Adult,Domestic Short Hair & American Bobtail Mix,Female
Adult,Domestic Long Hair,Male
Adult,Domestic Long Hair,Male
Kitten,Domestic Short Hair,Female
Adult,Domestic Long Hair,Male
Adult,Domestic Short Hair,Male
Adult,Domestic Short Hair,Male
Adult,Domestic Long Hair,Female
Adult,Domestic Short Hair,Female
Kitten,Domestic Short Hair,Female
Adult,Domestic Short Hair,Female
Adult,Domestic Short Hair,Female
Kitten,Domestic Short Hair,Female
Kitten,Domestic Short Hair,Male
Adult,Domestic Short Hair,Male
Adult,Domestic Long Hair,Male
Adult,Domestic Long Hair,Male
Adult,Domestic Short Hair,Male
Adult,Siamese & Domestic Short Hair Mix,Female
Adult,Domestic Short Hair & Tortoiseshell Mix,Female
Kitten,Domestic Short Hair,Female
Kitten,Domestic Short Hair,Female
Adult,Domestic Medium Hair & Maine Coon Mix,Female
Adult,Domestic Short Hair,Male
Kitten,Domestic Short Hair,Male
Adult,Domestic Short Hair,Female
Adult,Siamese & Domestic Short Hair Mix,Male
Adult,Siamese & Domestic Short Hair Mix,Male
Kitten,Domestic Short Hair,Male
Adult,Domestic Short Hair,Male
Adult,Domestic Short Hair,Female
Adult,Domestic Short Hair,Male
Adult,Domestic Short Hair,Male
Adult,Domestic Short Hair,Female
Adult,Domestic Short Hair & Siamese Mix,Male
Adult,Domestic Short Hair,Male
Adult,Domestic Short Hair,Female
Senior,Domestic Medium Hair & Tortoiseshell Mix,Female
Kitten,Domestic Short Hair,Female
Kitten,Domestic Short Hair,Male
Adult,Domestic Short Hair,Female
Kitten,Domestic Short Hair,Female
Adult,Domestic Short Hair,Male
Adult,Domestic Short Hair,Male
Adult,Domestic Short Hair,Male
Adult,Domestic Short Hair,Female
Adult,Domestic Short Hair,Female
Kitten,Domestic Short Hair,Male
Kitten,Domestic Short Hair Mix,Male
Adult,Domestic Short Hair,Female
Adult,Domestic Short Hair,Male
Adult,Domestic Short Hair,Male
Adult,Domestic Short Hair,Female
Adult,Domestic Short Hair,Female
Adult,Domestic Short Hair,Male
Adult,Domestic Medium Hair,Female
Adult,Domestic Short Hair,Male
Adult,Domestic Long Hair,Female
Adult,Domestic Long Hair,Male
Adult,Domestic Short Hair,Female
Adult,Domestic Short Hair,Male
Adult,Domestic Short Hair,Female
Adult,Domestic Long Hair,Female
Young,Domestic Short Hair,Male
Adult,Domestic Long Hair,Male
Young,Domestic Short Hair,Female
Adult,Domestic Short Hair,Male
Adult,Domestic Short Hair,Male
Kitten,Domestic Medium Hair,Female
Kitten,Domestic Short Hair,Female
Adult,Domestic Short Hair,Male
Adult,Domestic Short Hair,Male
Young,Domestic Short Hair,Female
Adult,Domestic Short Hair,Female
Adult,Domestic Short Hair,Male
Adult,Domestic Short Hair,Male
Adult,Domestic Short Hair,Male
Young,Domestic Medium Hair,Female
Kitten,Domestic Short Hair,Female
Kitten,Domestic Short Hair,Female
Adult,Domestic Short Hair,Female
Adult,Domestic Short Hair,Male
Adult,Domestic Short Hair,Female
Adult,Domestic Short Hair,Male
Adult,Domestic Long Hair,Male
Adult,Domestic Short Hair,Male
Young,Domestic Short Hair,Male
Adult,Domestic Short Hair,Female
Young,Domestic Short Hair,Female
Young,Domestic Short Hair,Male
Young,Domestic Short Hair,Male
Young,Domestic Short Hair,Female
Young,Domestic Medium Hair,Male
Kitten,Domestic Medium Hair & Maine Coon Mix,Male
Young,Domestic Short Hair,Male
Adult,Domestic Short Hair,Male
Adult,Domestic Short Hair,Female
Adult,Domestic Short Hair,Male
Adult,Domestic Short Hair,Female
Adult,Domestic Short Hair,Female
Adult,Domestic Short Hair,Male
Adult,Domestic Short Hair,Female
Adult,Domestic Short Hair,Male
Adult,Domestic Short Hair,Female
Adult,Domestic Short Hair,Male
Young,Domestic Medium Hair,Male
Senior,Domestic Long Hair,Female
Senior,Domestic Short Hair,Male
Young,Domestic Short Hair,Male
Kitten,Domestic Short Hair,Female
Young,Domestic Short Hair,Male
Young,Domestic Short Hair,Male
Adult,Domestic Short Hair,Female
Young,Domestic Medium Hair,Female
Adult,Domestic Short Hair,Female
Adult,Domestic Medium Hair,Male
Adult,Domestic Short Hair,Female
Young,Domestic Long Hair,Male
Adult,Domestic Long Hair & Maine Coon Mix,Female
Kitten,Domestic Short Hair,Male
Kitten,Domestic Short Hair,Male
Adult,Domestic Short Hair,Female
Adult,Domestic Short Hair,Female
Kitten,Domestic Short Hair,Female
Kitten,Domestic Short Hair,Female
Adult,Domestic Short Hair,Female
Adult,Domestic Short Hair,Male
Adult,Domestic Long Hair,Female
Young,Domestic Medium Hair,Female
Kitten,Domestic Short Hair,Female
Kitten,Domestic Medium Hair,Female
Adult,Domestic Short Hair,Female
Adult,Domestic Long Hair & Tortoiseshell Mix,Female
Adult,Domestic Medium Hair,Male
Adult,Domestic Short Hair,Male
Kitten,Domestic Short Hair,Male
Young,Domestic Long Hair,Female
Adult,Domestic Short Hair,Male
Adult,Domestic Short Hair & Calico Mix,Female
Adult,Domestic Short Hair,Male
Adult,Domestic Short Hair,Female
Adult,Domestic Short Hair,Male
Adult,Domestic Long Hair & Siamese Mix,Male
Senior,Domestic Short Hair,Male
Kitten,Domestic Short Hair,Female
Adult,Domestic Short Hair & Tortoiseshell Mix,Female
Adult,Domestic Long Hair & Maine Coon Mix,Male
Adult,Domestic Short Hair,Male
Adult,Domestic Short Hair,Female
Adult,Domestic Short Hair,Male
Young,Domestic Short Hair,Female
Adult,Domestic Long Hair,Female
Senior,Domestic Short Hair,Female
Adult,Domestic Long Hair,Female
Adult,Domestic Short Hair,Female
Adult,Domestic Medium Hair,Male
Adult,Domestic Short Hair,Female
Young,Domestic Long Hair,Male
Adult,Domestic Long Hair & Maine Coon Mix,Female
Kitten,Domestic Short Hair,Male
Kitten,Domestic Short Hair,Male
Adult,Domestic Short Hair,Female
Adult,Domestic Short Hair,Female
Kitten,Domestic Short Hair,Female
Kitten,Domestic Short Hair,Female
Adult,Domestic Short Hair,Female
Adult,Domestic Short Hair,Male
Adult,Domestic Long Hair,Female
Young,Domestic Medium Hair,Female
Kitten,Domestic Short Hair,Female
Kitten,Domestic Medium Hair,Female
Adult,Domestic Short Hair,Female
Adult,Domestic Long Hair & Tortoiseshell Mix,Female
Adult,Domestic Medium Hair,Male
Adult,Domestic Short Hair,Male
Kitten,Domestic Short Hair,Male
Young,Domestic Long Hair,Female
Adult,Domestic Short Hair,Male
Adult,Domestic Short Hair & Calico Mix,Female
Adult,Domestic Short Hair,Male
Adult,Domestic Short Hair,Female
Adult,Domestic Short Hair,Male
Adult,Domestic Long Hair & Siamese Mix,Male
Senior,Domestic Short Hair,Male
Kitten,Domestic Short Hair,Female
Adult,Domestic Short Hair & Tortoiseshell Mix,Female
Adult,Domestic Long Hair & Maine Coon Mix,Male
Adult,Domestic Short Hair,Male
Adult,Domestic Short Hair,Female
Adult,Domestic Short Hair,Male
Young,Domestic Short Hair,Female
Adult,Domestic Long Hair,Female
Senior,Domestic Short Hair,Female
Adult,Domestic Long Hair,Female
Adult,Domestic Short Hair,Female
Kitten,Domestic Short Hair,Female
Adult,Domestic Short Hair,Female
Adult,Domestic Long Hair,Female
Adult,Domestic Short Hair,Male
Kitten,Domestic Medium Hair,Male
Adult,Domestic Short Hair,Female
Adult,Domestic Short Hair,Male
Senior,Domestic Long Hair & Calico Mix,Female
Adult,Calico,Female
Adult,Domestic Short Hair,Female
Adult,Domestic Short Hair,Female
Kitten,Domestic Short Hair,Male
Kitten,Domestic Short Hair,Female
Kitten,Domestic Short Hair,Male
Kitten,Domestic Medium Hair,Male
Kitten,Domestic Short Hair,Female
Kitten,Domestic Short Hair,Female
Adult,Domestic Short Hair,Female
Kitten,Domestic Short Hair,Male
Kitten,Domestic Short Hair,Female
Kitten,Domestic Short Hair,Male
Kitten,Domestic Short Hair,Male
Kitten,Domestic Long Hair,Female
Kitten,Domestic Short Hair,Female
Senior,Domestic Short Hair,Male
Kitten,Domestic Short Hair & Snowshoe Mix,Female
Adult,Domestic Short Hair,Female
Kitten,Domestic Medium Hair,Female
Adult,Domestic Long Hair & Calico Mix,Female
Kitten,Domestic Short Hair,Male
Kitten,Domestic Short Hair,Male
Kitten,Domestic Long Hair,Male
Adult,Ragdoll,Female
Adult,Domestic Short Hair,Female
Adult,Domestic Short Hair,Male
Kitten,Domestic Short Hair,Male
Kitten,Domestic Short Hair,Male
Adult,Domestic Long Hair,Male
Kitten,Calico,Female
Kitten,Domestic Long Hair,Male
Kitten,Domestic Short Hair,Female
Adult,Domestic Short Hair,Female
Adult,Domestic Long Hair,Female
Adult,Domestic Short Hair,Male
Kitten,Domestic Medium Hair,Male
Adult,Domestic Short Hair,Female
Adult,Domestic Short Hair,Male
Senior,Domestic Long Hair & Calico Mix,Female
Adult,Calico,Female
Adult,Domestic Short Hair,Female
Adult,Domestic Short Hair,Female
Kitten,Domestic Short Hair,Male
Kitten,Domestic Short Hair,Female
Kitten,Domestic Short Hair,Male
Kitten,Domestic Medium Hair,Male
Kitten,Domestic Short Hair,Female
Kitten,Domestic Short Hair,Female
Adult,Domestic Short Hair,Female
Kitten,Domestic Short Hair,Male
Kitten,Domestic Short Hair,Female
Kitten,Domestic Short Hair,Male
Kitten,Domestic Short Hair,Male
Kitten,Domestic Long Hair,Female
Kitten,Domestic Short Hair,Female
Senior,Domestic Short Hair,Male
Kitten,Domestic Short Hair & Snowshoe Mix,Female
Adult,Domestic Short Hair,Female
Kitten,Domestic Medium Hair,Female
Adult,Domestic Long Hair & Calico Mix,Female
Kitten,Domestic Short Hair,Male
Kitten,Domestic Short Hair,Male
Kitten,Domestic Long Hair,Male
Adult,Ragdoll,Female
Adult,Domestic Short Hair,Female
Adult,Domestic Short Hair,Male
Kitten,Domestic Short Hair,Male
Kitten,Domestic Short Hair,Male
Adult,Domestic Long Hair,Male
Kitten,Calico,Female
Kitten,Domestic Long Hair,Male
Adult,Domestic Short Hair,Female
Senior,Domestic Short Hair,Male
Senior,Domestic Short Hair,Male
Young,Domestic Long Hair,Female
Kitten,Domestic Short Hair,Female
Senior,Domestic Short Hair,Female
Adult,Domestic Short Hair,Female
Senior,Domestic Long Hair & Maine Coon Mix,Male
Adult,Domestic Medium Hair,Male
Adult,Snowshoe & Domestic Short Hair Mix,Male
Kitten,Domestic Short Hair,Female
Adult,Domestic Short Hair & Calico Mix,Female
Kitten,Domestic Short Hair,Male
Kitten,Domestic Short Hair,Female
Adult,Domestic Short Hair,Female
Kitten,Domestic Short Hair,Male
Adult,Siamese,Female
Senior,Siamese,Male
Kitten,Domestic Short Hair,Female
Adult,Domestic Short Hair,Male
Kitten,Domestic Short Hair,Male
Young,Domestic Short Hair,Male
Kitten,Domestic Short Hair,Male
Young,Domestic Short Hair,Male
Adult,Domestic Long Hair,Male
Adult,Domestic Medium Hair & Calico Mix,Female
Kitten,Domestic Short Hair,Male
Kitten,Domestic Short Hair,Female
Kitten,Domestic Short Hair,Male
Kitten,Domestic Medium Hair,Male
Kitten,Domestic Short Hair,Male
Kitten,Domestic Long Hair,Female
Adult,Domestic Short Hair,Male
Adult,Domestic Short Hair,Female
Kitten,Domestic Short Hair,Male
Adult,Domestic Short Hair,Male
Kitten,Domestic Short Hair,Female
Adult,Domestic Short Hair,Female
Adult,Domestic Long Hair,Female
Adult,Domestic Short Hair,Female
Senior,Domestic Short Hair,Male
Kitten,Domestic Short Hair,Male
Kitten,Domestic Short Hair,Female
Adult,Domestic Short Hair,Female
Young,Domestic Short Hair,Female
Kitten,Domestic Medium Hair,Male
Adult,Domestic Short Hair,Female
Young,Domestic Short Hair,Male
Kitten,Domestic Short Hair,Male
Kitten,Domestic Medium Hair,Male
Kitten,Domestic Short Hair,Male
Adult,Domestic Short Hair,Female
Kitten,Domestic Short Hair,Male
Adult,Domestic Short Hair,Male
Adult,Domestic Long Hair,Female
Adult,Domestic Short Hair,Female
Adult,Domestic Long Hair & Ragdoll Mix,Female
Adult,Domestic Medium Hair & Maine Coon Mix,Female
Kitten,Domestic Short Hair,Female
Kitten,Domestic Short Hair,Male
Young,Domestic Long Hair & Maine Coon Mix,Female
Kitten,Domestic Short Hair,Male
Adult,Domestic Short Hair,Male
Adult,Domestic Short Hair,Female
Adult,Domestic Long Hair,Female
Adult,Domestic Short Hair,Female
Young,Domestic Short Hair,Male
Adult,Domestic Short Hair,Female
Kitten,Domestic Short Hair,Female
Young,Domestic Short Hair,Male
Kitten,Domestic Short Hair,Male
Adult,Domestic Long Hair,Female
Kitten,Domestic Short Hair,Female
Kitten,Domestic Short Hair,Male
Kitten,Domestic Medium Hair,Male
Adult,Domestic Short Hair,Male
Kitten,Domestic Short Hair,Female
Kitten,Domestic Short Hair,Male
Kitten,Domestic Short Hair,Female
Kitten,Domestic Short Hair,Male
Kitten,Domestic Medium Hair,Male
Kitten,Domestic Short Hair,Male
Kitten,Domestic Short Hair,Female
Adult,Domestic Short Hair,Male
Young,Domestic Short Hair,Male
Young,Domestic Short Hair,Female
Young,Domestic Medium Hair,Female
Senior,Domestic Short Hair,Male
Adult,Domestic Short Hair,Female
Kitten,Domestic Short Hair,Male
Kitten,Domestic Medium Hair,Female
Adult,Domestic Short Hair,Male
Senior,Domestic Short Hair,Female
Senior,Domestic Short Hair,Male
Adult,Domestic Short Hair,Female
Adult,Domestic Short Hair,Female
Adult,Domestic Short Hair,Male
Adult,Domestic Short Hair,Female
Young,Domestic Short Hair,Male
Young,Domestic Short Hair,Male
Senior,Domestic Short Hair,Male
Adult,Domestic Short Hair,Female
Senior,Domestic Short Hair,Male
Adult,Domestic Short Hair,Female
Senior,Domestic Short Hair,Male
Adult,Domestic Short Hair,Male
Adult,Domestic Short Hair,Male
Young,Domestic Short Hair,Male
Adult,Domestic Short Hair,Female
Kitten,Domestic Short Hair,Female
Adult,Domestic Short Hair,Male
Kitten,Domestic Long Hair,Male
Adult,Domestic Short Hair,Male
Adult,Domestic Short Hair,Male
Adult,Domestic Medium Hair,Male
Young,Domestic Short Hair,Female
Kitten,Domestic Short Hair,Female
Kitten,Domestic Short Hair,Male
Young,Domestic Short Hair,Male
Adult,Domestic Short Hair,Male
Adult,Domestic Short Hair & Dilute Tortoiseshell Mix,Female
Adult,Domestic Short Hair,Male
Adult,Domestic Short Hair,Female
Kitten,Domestic Short Hair,Female
Adult,Domestic Short Hair,Female
Kitten,Domestic Short Hair,Male
Kitten,Domestic Short Hair,Female
Kitten,Domestic Short Hair,Male
Kitten,Domestic Short Hair,Female
Kitten,Domestic Short Hair,Male
Kitten,Domestic Short Hair,Female
Kitten,Domestic Short Hair,Male
Adult,Calico Mix,Female
Adult,Domestic Short Hair,Male
Kitten,Domestic Short Hair,Male
Adult,Domestic Short Hair,Female
Young,Domestic Short Hair,Female
Kitten,Domestic Short Hair,Female
Kitten,Domestic Short Hair,Male
Adult,Domestic Short Hair,Male
Adult,Domestic Short Hair,Male
Adult,Domestic Short Hair,Female
Kitten,Domestic Short Hair,Male
Kitten,Domestic Medium Hair,Male
Senior,Domestic Short Hair,Male
Senior,Domestic Short Hair,Male
Senior,Domestic Short Hair,Male
Kitten,Domestic Short Hair,Male
Adult,Domestic Short Hair & Tortoiseshell Mix,Female
Adult,Domestic Short Hair,Female
Young,Domestic Short Hair,Female
Adult,Domestic Long Hair,Female
Young,Domestic Short Hair,Male
Kitten,Domestic Short Hair,Male
Senior,Domestic Short Hair,Male
Kitten,Domestic Medium Hair,Female
Senior,Tuxedo,Female
Adult,Domestic Short Hair,Female
Young,Domestic Short Hair,Female
Adult,Domestic Long Hair,Female
Young,Domestic Short Hair & Calico Mix,Female
Adult,Domestic Short Hair,Female
Senior,Persian & Domestic Long Hair Mix,Female
Adult,Domestic Short Hair,Female
Adult,Domestic Short Hair,Male
Young,Domestic Short Hair,Male
Adult,Calico,Female
Adult,Domestic Short Hair,Female
Young,Domestic Short Hair,Female
Adult,Domestic Short Hair,Male
Adult,Domestic Short Hair,Male
Young,Domestic Short Hair,Female
Kitten,Domestic Short Hair,Male
Young,Domestic Short Hair,Male
Adult,Domestic Short Hair,Female
Adult,Domestic Short Hair,Male
Kitten,Domestic Short Hair,Male
Adult,Domestic Short Hair,Female
Adult,Domestic Short Hair,Male
Young,Domestic Short Hair,Male
Young,Domestic Medium Hair,Male
Adult,Domestic Short Hair,Male
Kitten,Domestic Short Hair,Female
Adult,Domestic Short Hair,Female
Senior,Maine Coon,Male
Young,Domestic Short Hair,Female
Adult,Domestic Long Hair & Persian Mix,Female
Kitten,Domestic Short Hair,Male
Young,Domestic Medium Hair,Female
Adult,Domestic Medium Hair & Siamese Mix,Male
Young,Domestic Long Hair,Male
Kitten,Domestic Short Hair,Male
Kitten,Domestic Short Hair,Female
Kitten,Domestic Short Hair,Female
Kitten,Domestic Short Hair,Female
Kitten,Domestic Medium Hair,Male
Kitten,Domestic Short Hair,Male
Kitten,Domestic Short Hair,Male
Kitten,Domestic Short Hair,Female
Adult,Domestic Short Hair,Male
Young,Domestic Short Hair,Female
Adult,Domestic Long Hair & Tortoiseshell Mix,Female
Adult,Domestic Short Hair,Female
Adult,Domestic Short Hair,Male
Kitten,Domestic Short Hair,Female
Adult,Domestic Short Hair,Female
Adult,Domestic Long Hair & Tortoiseshell Mix,Female
Kitten,Domestic Short Hair,Female
Kitten,Domestic Long Hair,Male
Kitten,Domestic Medium Hair,Male
Adult,Siamese & Domestic Short Hair Mix,Male
Kitten,Domestic Short Hair,Male
Adult,Domestic Medium Hair & Maine Coon Mix,Female
Kitten,Domestic Short Hair,Male
Adult,Domestic Long Hair & Maine Coon Mix,Male
Young,Domestic Short Hair,Female
Young,Domestic Short Hair,Male
Adult,Domestic Long Hair & Tortoiseshell Mix,Female
Adult,Domestic Long Hair,Male
Young,Domestic Short Hair,Male
Kitten,Domestic Short Hair,Male
Adult,Domestic Short Hair,Male
Kitten,Domestic Short Hair,Male
Kitten,Domestic Medium Hair,Female
Kitten,Domestic Short Hair,Female
Young,Domestic Long Hair,Female
Kitten,Domestic Short Hair,Female
Kitten,Domestic Short Hair,Female
Adult,Siamese,Male
Kitten,Domestic Short Hair,Male
Adult,Ragdoll,Female
Adult,Ragdoll,Male
Adult,Domestic Short Hair,Female
Young,Domestic Short Hair,Female
Young,Domestic Short Hair,Male
Kitten,Domestic Short Hair,Male
Kitten,Domestic Medium Hair,Male
Adult,Domestic Short Hair,Female
Kitten,Domestic Short Hair,Female
Young,Domestic Short Hair,Male
Kitten,Domestic Short Hair,Male
Kitten,Domestic Short Hair,Male
Senior,Domestic Long Hair,Male
Young,Domestic Short Hair,Female
Kitten,Domestic Long Hair & Tortoiseshell Mix,Female
Kitten,Domestic Short Hair,Female
Kitten,Domestic Short Hair,Male
Kitten,Domestic Short Hair,Male
Kitten,Domestic Long Hair & Maine Coon Mix,Female
Kitten,Domestic Short Hair,Male
Kitten,Domestic Short Hair,Male
Kitten,Domestic Medium Hair,Male
Young,Domestic Short Hair,Male
Young,Maine Coon & Domestic Long Hair Mix,Male
Young,Domestic Short Hair & Calico Mix,Female
Kitten,Domestic Short Hair,Male
Kitten,Domestic Short Hair,Female
Adult,Domestic Long Hair,Female
Kitten,Domestic Short Hair,Male
Kitten,Domestic Short Hair,Female
Kitten,Domestic Short Hair,Male
Senior,Tortoiseshell,Female
Kitten,Domestic Short Hair,Female
Adult,Persian,Male
Adult,Domestic Long Hair,Male
Young,Domestic Short Hair,Female
Kitten,Domestic Medium Hair,Female
Kitten,Domestic Short Hair,Female
Young,Domestic Short Hair,Female
Adult,Domestic Short Hair,Female
Kitten,Domestic Short Hair,Female
Adult,Domestic Short Hair,Male
Young,Domestic Long Hair,Female
Young,Domestic Short Hair,Female
Young,Domestic Short Hair,Male
Kitten,Domestic Short Hair,Female
Kitten,Domestic Short Hair,Female
Kitten,Domestic Short Hair,Female
Kitten,Domestic Short Hair,Male
Kitten,Domestic Medium Hair,Male
Kitten,Domestic Short Hair,Female
Kitten,Domestic Short Hair,Male
Adult,Domestic Short Hair,Female
Adult,Domestic Short Hair,Female
Young,Domestic Short Hair,Female
Kitten,Domestic Short Hair,Female
Young,Domestic Medium Hair,Female
Adult,Tuxedo,Female
Adult,Domestic Short Hair,Male
Adult,Domestic Short Hair,Female
Kitten,Domestic Short Hair,Male
Kitten,Domestic Short Hair,Male
Adult,Domestic Short Hair,Female
Adult,Tortoiseshell,Female
Adult,Domestic Short Hair,Female
Young,Domestic Short Hair,Male
Adult,Domestic Short Hair,Female
Senior,Domestic Short Hair,Female
Young,Domestic Short Hair,Male
Adult,Domestic Short Hair,Male
Kitten,Siamese,Female
Adult,Domestic Long Hair,Female
Adult,Domestic Short Hair,Male
Adult,Domestic Long Hair,Female
Adult,Domestic Short Hair,Male
Young,Domestic Medium Hair,Female
Young,Domestic Medium Hair,Female
Young,Domestic Short Hair,Male
Adult,Domestic Short Hair,Female
Adult,Maine Coon & Domestic Long Hair Mix,Female
Adult,Domestic Short Hair,Male
Adult,Domestic Short Hair,Female
Adult,Domestic Short Hair,Male
Adult,Domestic Long Hair,Female
Young,Domestic Medium Hair,Female
Adult,Domestic Short Hair,Female
Adult,Domestic Long Hair,Female
Adult,Domestic Short Hair,Female
Adult,Domestic Long Hair,Male
Adult,Domestic Medium Hair,Female
Kitten,Domestic Short Hair,Female
Kitten,Domestic Short Hair,Male
Adult,Domestic Short Hair,Female
Adult,Domestic Short Hair,Female
Young,Domestic Short Hair,Female
Kitten,Domestic Short Hair,Female
Young,Domestic Medium Hair,Female
Adult,Tuxedo,Female
Adult,Domestic Short Hair,Male
Adult,Domestic Short Hair,Female
Kitten,Domestic Short Hair,Male
Kitten,Domestic Short Hair,Male
Adult,Domestic Short Hair,Female
Adult,Tortoiseshell,Female
Adult,Domestic Short Hair,Female
Young,Domestic Short Hair,Male
Adult,Domestic Short Hair,Female
Senior,Domestic Short Hair,Female
Young,Domestic Short Hair,Male
Adult,Domestic Short Hair,Male
Kitten,Siamese,Female
Adult,Domestic Long Hair,Female
Adult,Domestic Short Hair,Male
Adult,Domestic Long Hair,Female
Adult,Domestic Short Hair,Male
Young,Domestic Medium Hair,Female
Young,Domestic Medium Hair,Female
Young,Domestic Short Hair,Male
Adult,Domestic Short Hair,Female
Adult,Maine Coon & Domestic Long Hair Mix,Female
Adult,Domestic Short Hair,Male
Adult,Domestic Short Hair,Female
Adult,Domestic Short Hair,Male
Adult,Domestic Long Hair,Female
Young,Domestic Medium Hair,Female
Adult,Domestic Short Hair,Female
Adult,Domestic Long Hair,Female
Adult,Domestic Short Hair,Female
Adult,Domestic Long Hair,Male
Adult,Domestic Medium Hair,Female
Adult,Domestic Short Hair,Female
Adult,Domestic Short Hair,Female
Young,Domestic Short Hair,Female
Young,Domestic Short Hair,Female
Kitten,Domestic Short Hair,Male
Adult,Domestic Short Hair,Female
Adult,Dilute Calico & Domestic Short Hair Mix,Female
Kitten,Domestic Short Hair,Female
Kitten,Domestic Short Hair,Female
Kitten,Domestic Medium Hair,Female
Kitten,Domestic Short Hair,Female
Kitten,Domestic Short Hair,Male
Young,Domestic Short Hair,Male
Young,Domestic Short Hair,Female
Kitten,Domestic Short Hair,Male
Young,Domestic Short Hair,Female
Adult,Maine Coon & Domestic Long Hair Mix,Female
Kitten,American Bobtail & Domestic Short Hair Mix,Male
Kitten,Domestic Medium Hair,Female
Adult,Domestic Short Hair,Male
Adult,Domestic Short Hair,Female
Adult,Tortoiseshell,Female
Kitten,Domestic Short Hair & Tabby Mix,Female
Adult,Domestic Short Hair,Female
Adult,Himalayan & Domestic Long Hair Mix,Female
Adult,Domestic Short Hair,Male
Kitten,Domestic Short Hair,Female
Kitten,Domestic Short Hair,Female
Young,Domestic Short Hair,Male
Adult,Maine Coon & Domestic Long Hair Mix,Female
Adult,Domestic Short Hair,Female
Kitten,Domestic Short Hair,Female
Adult,Domestic Medium Hair,Male
Adult,Domestic Short Hair,Male
Kitten,Domestic Short Hair,Female
Kitten,Domestic Long Hair,Male
Adult,Domestic Short Hair,Male
Adult,Domestic Medium Hair,Female
Young,Maine Coon & Domestic Long Hair Mix,Female
Kitten,Domestic Short Hair,Female
Adult,Domestic Short Hair,Female
Young,Domestic Long Hair,Male
Adult,Domestic Short Hair,Male
Kitten,Domestic Short Hair,Female
Kitten,Domestic Short Hair,Male
Adult,Domestic Short Hair,Female
Adult,Domestic Short Hair,Female
Young,Domestic Short Hair,Female
Adult,Domestic Short Hair,Female
Kitten,Domestic Medium Hair,Female
Kitten,Domestic Short Hair,Male
Adult,Domestic Medium Hair,Female
Kitten,Domestic Short Hair,Male
Adult,Domestic Short Hair,Female
Kitten,Domestic Long Hair,Female
Adult,Domestic Short Hair,Male
Adult,Domestic Short Hair,Female
Kitten,Domestic Short Hair,Female
Senior,Domestic Medium Hair & Maine Coon Mix,Female
Kitten,Domestic Short Hair,Female
Kitten,Domestic Short Hair,Female
Adult,Domestic Medium Hair,Male
Kitten,Domestic Medium Hair,Female
Kitten,Domestic Short Hair,Male
Adult,Domestic Short Hair,Female
Kitten,Domestic Short Hair,Male
Kitten,Domestic Short Hair,Female
Kitten,Domestic Short Hair,Male
Kitten,Maine Coon,Male
Adult,Maine Coon & Domestic Long Hair Mix,Female
Adult,Domestic Short Hair,Male
Adult,Domestic Short Hair,Male
Young,Calico,Female
Adult,Domestic Short Hair,Male
Adult,Domestic Short Hair,Female
Senior,Domestic Short Hair,Male
Young,Domestic Short Hair,Female
Young,Domestic Short Hair,Female
Young,Domestic Medium Hair & Domestic Short Hair Mix,Male
Kitten,Domestic Short Hair,Male
Kitten,Domestic Short Hair,Male
Kitten,Domestic Short Hair,Male
Kitten,Domestic Short Hair,Male
Kitten,Domestic Short Hair,Male
Kitten,Domestic Short Hair,Female
Kitten,Domestic Short Hair,Male
Young,Domestic Short Hair,Female
Kitten,Domestic Short Hair,Male
Kitten,Domestic Short Hair,Male
Adult,Domestic Short Hair,Male
Senior,Domestic Medium Hair Mix,Male
Kitten,Domestic Short Hair,Male
Young,Domestic Short Hair,Male
Young,Domestic Short Hair,Male
Young,Domestic Short Hair,Female
Young,Domestic Short Hair,Female
Adult,Domestic Short Hair,Male
Kitten,Domestic Short Hair,Male
Kitten,Domestic Medium Hair,Female
Kitten,Domestic Short Hair,Female
Adult,Domestic Long Hair,Male
Kitten,Domestic Short Hair,Male
Kitten,Domestic Short Hair,Female
Adult,Domestic Short Hair,Female
Kitten,Domestic Short Hair,Female
Kitten,Domestic Short Hair,Male
Adult,Domestic Short Hair,Male
Kitten,Domestic Short Hair,Male
Kitten,Domestic Short Hair,Male
Senior,Domestic Short Hair,Male
Kitten,Domestic Short Hair,Male
Adult,Domestic Short Hair,Female
Adult,Domestic Short Hair,Male
Kitten,Domestic Short Hair,Female
Kitten,Domestic Short Hair,Male
Adult,Norwegian Forest Cat,Male
Kitten,Domestic Short Hair,Male
Kitten,Domestic Short Hair,Female
Young,Domestic Short Hair,Male
Young,Tabby,Male
Young,Domestic Short Hair,Male
Young,Domestic Short Hair,Female
Kitten,Domestic Medium Hair,Female
Kitten,Domestic Long Hair & Calico Mix,Female
Kitten,Domestic Long Hair & Maine Coon Mix,Male
Kitten,Persian,Male
Kitten,Domestic Short Hair,Female
Senior,Ragdoll,Female
Adult,Domestic Long Hair,Male
Kitten,Calico & Domestic Short Hair Mix,Female
Kitten,Domestic Short Hair,Female
Kitten,Domestic Short Hair,Female
Adult,Domestic Short Hair,Female
Adult,Domestic Short Hair,Male
Adult,Domestic Short Hair,Male
Adult,Domestic Short Hair,Female
Senior,Domestic Short Hair,Male
Adult,Domestic Short Hair,Female
Adult,Domestic Short Hair,Female
Adult,Domestic Medium Hair,Female
Adult,Domestic Short Hair,Female
Adult,Domestic Short Hair,Male
Adult,Domestic Short Hair,Female
Adult,Domestic Long Hair & Maine Coon Mix,Male
Adult,Domestic Short Hair,Female
Adult,Domestic Short Hair,Male
Adult,Domestic Long Hair,Male
Young,Domestic Medium Hair,Female
Adult,Domestic Short Hair,Female
Adult,Himalayan,Male
Adult,Himalayan,Male
Young,Domestic Long Hair,Female
Adult,Domestic Short Hair,Male
Adult,Domestic Short Hair,Male
Young,Domestic Short Hair Mix,Male
Adult,Domestic Short Hair,Female
Young,Domestic Short Hair,Male
Young,Domestic Short Hair,Male
Adult,Domestic Short Hair,Female
Young,Domestic Short Hair,Female
Young,Domestic Short Hair,Male
Kitten,Domestic Short Hair,Male
Adult,Domestic Short Hair,Male
Adult,Domestic Short Hair,Female
Young,Domestic Short Hair,Male
Adult,Siamese,Male
Adult,Domestic Short Hair,Male
Adult,Domestic Short Hair,Male
Adult,Domestic Long Hair,Male
Adult,Domestic Short Hair,Male
Adult,Siamese & Domestic Short Hair Mix,Female
Adult,Domestic Long Hair,Male
Adult,Domestic Short Hair & American Bobtail Mix,Female
Adult,Domestic Short Hair,Male
Adult,Domestic Short Hair,Male
Adult,Domestic Short Hair,Female
Adult,Domestic Short Hair,Male
Adult,Domestic Long Hair,Male
Adult,Domestic Medium Hair,Female
Adult,Domestic Medium Hair,Female
Senior,Domestic Medium Hair,Female
Adult,Domestic Short Hair,Female
Senior,Domestic Short Hair,Female
Adult,Domestic Short Hair,Male
Adult,Domestic Short Hair,Male
Adult,Domestic Short Hair,Female
Young,Domestic Short Hair,Female
Adult,Domestic Short Hair,Female
Senior,Domestic Short Hair,Female
Young,Domestic Short Hair & American Bobtail Mix,Male
Young,Domestic Short Hair,Male
Senior,Domestic Short Hair,Male
Adult,Domestic Short Hair,Male
Senior,Domestic Short Hair,Female
Senior,Domestic Short Hair,Male
Senior,Domestic Short Hair,Female
Senior,Domestic Short Hair,Female
Senior,Domestic Long Hair,Male
Senior,Domestic Medium Hair,Male
Senior,Domestic Short Hair,Female
Senior,Domestic Short Hair Mix,Female
Senior,American Shorthair Mix,Female
Senior,American Shorthair,Female
Senior,American Shorthair,Female
Senior,Domestic Long Hair Mix,Female
Young,Domestic Long Hair,Female
Adult,Domestic Short Hair,Male
Adult,Domestic Short Hair,Male
Young,Domestic Short Hair,Female
Senior,Domestic Long Hair,Male
Young,Domestic Short Hair,Female
Young,Domestic Short Hair,Male
Young,Domestic Short Hair,Female
Young,Domestic Short Hair,Female
Young,Domestic Short Hair,Female
Young,Domestic Short Hair,Female
Young,Ragdoll & Siamese Mix,Female
Young,Tabby,Female
Kitten,Domestic Short Hair,Male
Kitten,Domestic Short Hair,Male
Kitten,Domestic Short Hair,Male
Kitten,Domestic Short Hair,Male
Kitten,Domestic Short Hair,Female
Senior,Domestic Medium Hair,Female
Senior,Domestic Short Hair,Male
Adult,Domestic Short Hair,Male
Adult,Domestic Short Hair,Female
Adult,Domestic Short Hair,Male
Adult,Tuxedo,Female
Adult,Domestic Short Hair,Male
Adult,Domestic Short Hair,Male
Senior,Domestic Short Hair,Female
Adult,Domestic Short Hair,Male
Adult,Tiger,Female
Adult,Tiger,Female
Adult,Siamese,Male
Senior,Bengal,Male
Adult,Tiger,Female
Adult,Tiger,Female
Adult,Siamese Mix,Male
Adult,Domestic Short Hair,Female
Senior,Calico Mix,Female
Adult,American Bobtail,Male
Senior,Domestic Short Hair,Male
Adult,Domestic Long Hair,Female
Adult,Domestic Short Hair,Male
Adult,Domestic Short Hair,Male
Adult,Tiger,Male
Adult,Tiger,Female
Adult,Domestic Short Hair,Female
Adult,Domestic Short Hair,Male
Adult,Tabby,Female
Adult,Tuxedo Mix,Male
Adult,Tiger,Male
Adult,Dilute Calico,Female
Adult,Domestic Short Hair,Female
Adult,Tiger,Female
Adult,Domestic Short Hair,Female
Adult,Domestic Short Hair,Male
Senior,Dilute Calico,Female
Senior,Domestic Short Hair,Female
Young,Domestic Long Hair,Female
Adult,Domestic Short Hair,Male
Adult,Domestic Short Hair,Female
Senior,Domestic Short Hair,Female
Young,Domestic Short Hair,Female
Adult,Domestic Short Hair,Male
Adult,Domestic Short Hair,Male
Young,Tuxedo,Male
Young,Domestic Medium Hair,Female
Adult,Domestic Short Hair,Female
Adult,Domestic Long Hair,Male
Adult,Tortoiseshell,Female
Adult,Domestic Short Hair,Male
Adult,Maine Coon Mix,Male
Adult,Tortoiseshell,Female
Adult,Domestic Short Hair,Female
Adult,Calico,Female
Senior,Domestic Short Hair,Male
Adult,Domestic Short Hair,Female
Adult,Tortoiseshell,Female
Adult,Russian Blue,Male
Adult,Domestic Short Hair,Male
Adult,Domestic Short Hair,Male
Adult,Domestic Short Hair,Male
Adult,Domestic Short Hair,Female
Adult,Tortoiseshell,Female
Adult,Domestic Medium Hair,Female
Adult,Calico,Female
Adult,Maine Coon Mix,Female
Adult,Tiger,Female
Adult,Domestic Short Hair,Male
Adult,Maine Coon Mix,Male
Adult,Dilute Tortoiseshell,Female
Adult,Domestic Short Hair,Female
Adult,Domestic Short Hair,Female
Adult,Domestic Short Hair,Male
Adult,Domestic Medium Hair,Male
Adult,Domestic Medium Hair,Male
Adult,Siamese Mix,Male
Adult,Domestic Short Hair,Male
Adult,Domestic Short Hair,Male
Young,Domestic Short Hair,Female
Young,Tiger,Female
Adult,Tiger,Male
Young,Domestic Medium Hair,Female
Adult,Tuxedo,Male
Adult,Domestic Short Hair,Male
Young,Calico,Female
Adult,Domestic Short Hair,Male
Adult,Tiger,Female
Adult,Tortoiseshell Mix,Female
Adult,Russian Blue Mix,Female
Adult,Domestic Long Hair,Male
Adult,Domestic Short Hair,Male
Adult,Domestic Short Hair,Male
Adult,Tuxedo,Male
Adult,Tiger,Female
Adult,Domestic Short Hair,Male
Adult,Domestic Short Hair,Male
Young,Domestic Short Hair,Male
Young,Domestic Short Hair,Female
Adult,Domestic Long Hair,Male
Young,Domestic Short Hair,Female
Adult,Domestic Long Hair,Male
Adult,Domestic Long Hair,Male
Senior,Domestic Long Hair,Female
Adult,Oriental Short Hair,Female
Adult,Oriental Short Hair,Female
Young,Tuxedo,Female
Young,Domestic Short Hair,Male
Adult,Dilute Calico,Female
Young,Domestic Short Hair,Male
Adult,Domestic Short Hair,Female
Senior,Russian Blue,Female
Adult,Domestic Short Hair,Male
Young,Tabby,Male
Young,Tiger,Male
Young,Domestic Long Hair,Male
Young,Domestic Medium Hair,Male
Adult,Domestic Long Hair,Female
Adult,Domestic Medium Hair,Male
Senior,Siamese Mix,Female
Adult,Domestic Short Hair,Female
Adult,Calico,Female
Adult,Domestic Short Hair,Male
Adult,Tiger,Female
Adult,Domestic Short Hair,Male
Adult,Tortoiseshell,Female
Young,Domestic Long Hair,Male
Adult,Tiger,Male
Senior,Himalayan,Female
Young,Domestic Short Hair,Male
Young,Domestic Short Hair,Female
Adult,Domestic Medium Hair,Male
Adult,Himalayan,Female
Adult,Domestic Short Hair,Male
Young,Tabby,Male
Young,Domestic Short Hair,Male
Adult,Domestic Short Hair,Female
Adult,Domestic Short Hair,Female
Adult,Domestic Short Hair,Female
Adult,Tortoiseshell Mix,Female
Adult,Domestic Short Hair,Female
Adult,Tuxedo,Male
Young,Tiger,Female
Adult,Domestic Short Hair,Female
Senior,Domestic Short Hair,Male
Adult,Tiger,Male
Adult,Domestic Long Hair,Female
Young,Tortoiseshell,Female
Adult,Tiger Mix,Female
Adult,Domestic Short Hair,Female
Adult,Domestic Short Hair,Male
Adult,Tiger,Female
Adult,Calico,Female
Adult,Dilute Calico,Female
Young,Domestic Short Hair & Extra-Toes Cat / Hemingway Polydactyl Mix,Female
Senior,Calico Mix,Female
Adult,Tiger,Male
Adult,Domestic Short Hair,Female
Adult,Tortoiseshell,Female
Adult,Domestic Short Hair,Female
Adult,Domestic Short Hair,Male
Adult,Domestic Short Hair,Male
Senior,Maine Coon,Male
Adult,Domestic Short Hair,Female
Young,Tiger,Female
Adult,Dilute Tortoiseshell,Female
Adult,Calico,Female
Adult,Domestic Short Hair,Male
Young,Domestic Short Hair,Female
Young,Tiger,Female
Adult,Domestic Short Hair,Female
Young,Domestic Medium Hair,Male
Young,Tiger,Female
Adult,Domestic Long Hair,Male
Young,Domestic Medium Hair,Female
Adult,Domestic Short Hair,Male
Young,Maine Coon,Female
Adult,Domestic Short Hair,Male
Senior,Domestic Short Hair,Male
Adult,Domestic Short Hair,Female
Young,Domestic Short Hair,Male
Young,Domestic Short Hair,Male
Adult,Domestic Short Hair,Female
Young,Domestic Short Hair,Male
Adult,Domestic Long Hair,Male
Adult,Domestic Short Hair,Female
Adult,Tiger,Male
Adult,Tiger,Female
Adult,Domestic Short Hair,Female
Adult,Domestic Long Hair,Male
Senior,Maine Coon,Male
Adult,Domestic Short Hair Mix,Male
Adult,Domestic Short Hair,Female
Adult,Domestic Short Hair,Female
Adult,Tortoiseshell Mix,Female
Young,Tuxedo,Male
Young,Domestic Short Hair,Female
Young,Domestic Short Hair,Male
Young,Domestic Short Hair,Female
Young,Domestic Short Hair,Male
Adult,Domestic Short Hair Mix,Female
Adult,Domestic Short Hair,Male
Young,Tortoiseshell & Extra-Toes Cat / Hemingway Polydactyl Mix,Female
Young,Domestic Medium Hair,Female
Adult,Domestic Long Hair,Male
Adult,Domestic Long Hair,Female
Adult,Domestic Short Hair,Male
Adult,Domestic Short Hair,Female
Adult,Domestic Short Hair,Male
Adult,Tabby Mix,Female
Adult,Tiger & Domestic Short Hair Mix,Female
Adult,Domestic Short Hair,Male
Young,Domestic Short Hair,Male
Adult,Tiger,Male
Young,Dilute Calico,Female
Adult,Domestic Short Hair,Female
Adult,Tuxedo Mix,Male
Young,Domestic Short Hair,Female
Young,Domestic Short Hair Mix,Female
Adult,Tiger,Female
Young,Domestic Short Hair Mix,Female
Adult,Domestic Short Hair Mix,Female
Adult,Tiger Mix,Male
Adult,Tiger Mix,Male
Adult,Tiger Mix,Male
Adult,Domestic Short Hair Mix,Female
Adult,Tuxedo Mix,Female
Adult,Domestic Short Hair Mix,Male
Adult,Domestic Short Hair Mix,Female
Young,Domestic Short Hair & Tiger Mix,Male
Adult,Tiger,Male
Young,Domestic Short Hair,Male
Adult,Domestic Short Hair,Female
Adult,Domestic Long Hair,Female
Adult,Domestic Short Hair,Male
Adult,Domestic Short Hair,Female
Senior,Domestic Short Hair,Female
Senior,Tuxedo,Female
Adult,Domestic Short Hair,Female
Young,Domestic Short Hair,Male
Young,Domestic Short Hair,Female
Young,Domestic Long Hair,Male
Adult,Domestic Long Hair,Male
Adult,Domestic Long Hair,Female
Kitten,Domestic Long Hair,Male
Adult,Domestic Short Hair,Male
Kitten,Domestic Short Hair,Male
Young,Domestic Short Hair,Female
Adult,Domestic Short Hair,Female
Adult,Domestic Short Hair,Female
Senior,Domestic Short Hair,Female
Adult,Tuxedo,Female
Adult,Domestic Short Hair,Female
Senior,Domestic Short Hair,Male
Adult,Domestic Long Hair,Female
Senior,Domestic Medium Hair,Male
Adult,Domestic Long Hair,Male
Young,Domestic Short Hair,Female
Young,Domestic Short Hair,Male
Adult,Tuxedo,Male
Senior,Domestic Short Hair,Female
Adult,Domestic Long Hair,Male
Adult,Domestic Short Hair,Female
Young,Domestic Short Hair,Female
Young,Domestic Short Hair,Female
Adult,Domestic Short Hair,Male
Young,Domestic Short Hair,Female
Adult,Domestic Short Hair,Female
Adult,Domestic Short Hair,Male
Adult,Domestic Short Hair,Female
Young,Domestic Short Hair,Male
Adult,Tuxedo,Male
Adult,Domestic Short Hair,Female
Adult,Siamese,Male
Adult,Domestic Short Hair,Male
Young,Domestic Short Hair,Female
Adult,Domestic Short Hair,Female
Young,Domestic Short Hair,Female
Young,Domestic Short Hair,Male
Adult,Domestic Short Hair,Male
Adult,Domestic Short Hair,Male
Adult,Domestic Short Hair,Female
Young,Domestic Short Hair,Female
Young,Domestic Short Hair,Female
Adult,Domestic Short Hair,Female
Young,Domestic Short Hair,Female
Adult,Domestic Long Hair,Female
Kitten,Domestic Short Hair,Male
Adult,Domestic Short Hair,Female
Young,Domestic Short Hair,Male
Kitten,Domestic Short Hair,Female
Young,Domestic Short Hair,Female
Young,Domestic Short Hair & Domestic Long Hair Mix,Female
Adult,Domestic Short Hair,Female
Adult,Domestic Short Hair,Female
Young,Domestic Medium Hair,Male
Young,Dilute Calico,Female
Young,Domestic Long Hair,Female
Senior,Domestic Short Hair,Female
Young,Domestic Short Hair,Female
Adult,Domestic Long Hair,Male
Adult,Domestic Short Hair,Male
Adult,Domestic Short Hair,Male
Young,Domestic Short Hair,Female
Young,Domestic Short Hair,Male
Adult,Domestic Medium Hair,Male
Senior,Domestic Short Hair,Female
Young,Domestic Short Hair,Female
Adult,Domestic Long Hair,Female
Senior,Domestic Short Hair,Female
Kitten,Domestic Short Hair,Female
Young,Domestic Short Hair,Female
Adult,Domestic Long Hair,Male
Adult,Domestic Long Hair,Male
Young,Domestic Short Hair,Male
Senior,Tabby,Male
Senior,Domestic Short Hair,Male
Adult,Domestic Short Hair,Male
Young,Domestic Short Hair,Male
Young,Domestic Long Hair,Female
Adult,Domestic Short Hair,Male
Adult,Domestic Long Hair,Male
Senior,Domestic Short Hair,Male
Young,Domestic Long Hair,Male
Senior,Domestic Short Hair,Male
Young,Domestic Short Hair,Male
Young,Siamese,Male
Adult,Domestic Short Hair,Female
Young,Domestic Short Hair,Male
Senior,Domestic Long Hair,Male
Adult,Domestic Long Hair,Female
Young,Domestic Long Hair,Female
Young,Domestic Short Hair,Male
Adult,Domestic Short Hair,Male
Adult,Domestic Long Hair,Female
Senior,Domestic Short Hair,Female
Adult,Domestic Short Hair,Male
Adult,Domestic Short Hair,Male
Young,Domestic Short Hair,Female
Kitten,Domestic Long Hair,Female
Young,Domestic Short Hair,Female
Young,Domestic Short Hair,Male
Adult,Domestic Short Hair,Male
Adult,Domestic Short Hair,Male
Adult,Tortoiseshell,Female
Adult,Domestic Short Hair,Male
Kitten,Domestic Short Hair,Female
Adult,Domestic Short Hair,Female
Young,Domestic Long Hair,Male
Adult,Tabby,Female
Kitten,Domestic Short Hair & Domestic Medium Hair Mix,Male
Kitten,Domestic Short Hair,Male
Kitten,Tortoiseshell & Domestic Medium Hair Mix,Male
Senior,Tuxedo,Female
Senior,Torbie,Female
Young,Domestic Short Hair,Female
Kitten,Domestic Short Hair,Female
Kitten,Domestic Short Hair,Male
Kitten,Domestic Short Hair,Female
Young,Tuxedo,Female
Kitten,Domestic Short Hair,Male
Kitten,Domestic Medium Hair,Male
Kitten,Domestic Short Hair,Female
Senior,Domestic Short Hair,Female
Senior,Domestic Medium Hair,Male
Kitten,Domestic Short Hair,Female
Young,Tabby,Male
Adult,Domestic Long Hair,Female
Young,Tortoiseshell,Female
Young,Domestic Long Hair,Female
Adult,Domestic Short Hair,Male
Adult,Domestic Short Hair,Male
Adult,Domestic Short Hair,Male
Young,Domestic Long Hair & Tabby Mix,Female
Adult,Domestic Short Hair,Male
Kitten,Torbie,Female
Kitten,Torbie,Female
Young,Domestic Short Hair & Tabby Mix,Female
Adult,Domestic Short Hair,Male
Young,Domestic Short Hair,Female
Young,Tabby,Male
Adult,Domestic Short Hair,Female
Adult,Domestic Long Hair,Male
Adult,Tabby,Male
Young,American Shorthair,Male
Adult,American Shorthair,Male
Adult,Domestic Short Hair,Female
Adult,Tabby,Female
Adult,Tabby,Male
Adult,Domestic Short Hair,Male
Adult,Domestic Short Hair,Female
Adult,Domestic Short Hair,Male
Adult,Domestic Short Hair,Male
Adult,American Shorthair,Male
90,away,miles
Young,American Shorthair,Female
Senior,American Shorthair,Male
Young,American Shorthair,Female
Adult,Maine Coon & Domestic Long Hair Mix,Male
Senior,Tabby,Female
Adult,Domestic Long Hair,Female
Young,Tabby,Male
Adult,Domestic Long Hair,Male
Adult,Tabby,Female
Adult,Torbie,Female
Adult,Domestic Long Hair,Female
Young,American Shorthair,Male
Adult,Domestic Long Hair,Male
Adult,Domestic Short Hair,Male
Senior,Domestic Long Hair,Male
Young,Domestic Long Hair,Female
Young,Tabby,Male
Adult,Domestic Short Hair Mix,Male
Adult,Domestic Short Hair Mix,Male
Adult,Domestic Medium Hair Mix,Female
Adult,Domestic Short Hair Mix,Female
Senior,Domestic Short Hair Mix,Female
Young,Domestic Short Hair & Tabby Mix,Female
Adult,Domestic Short Hair,Male
Young,Domestic Short Hair,Female
Young,Tabby,Male
Adult,Domestic Short Hair,Female
Adult,Domestic Long Hair,Male
Adult,Tabby,Male
Young,American Shorthair,Male
Adult,American Shorthair,Male
Adult,Domestic Short Hair,Female
Adult,Tabby,Female
Adult,Tabby,Male
Adult,Domestic Short Hair,Male
Adult,Domestic Short Hair,Female
Adult,Domestic Short Hair,Male
Adult,Domestic Short Hair,Male
Adult,American Shorthair,Male
90,away,miles
Young,American Shorthair,Female
Senior,American Shorthair,Male
Young,American Shorthair,Female
Adult,Maine Coon & Domestic Long Hair Mix,Male
Senior,Tabby,Female
Adult,Domestic Long Hair,Female
Young,Tabby,Male
Adult,Domestic Long Hair,Male
Adult,Tabby,Female
Adult,Torbie,Female
Adult,Domestic Long Hair,Female
Young,American Shorthair,Male
Adult,Domestic Long Hair,Male
Adult,Domestic Short Hair,Male
Senior,Domestic Long Hair,Male
Young,Domestic Long Hair,Female
Young,Tabby,Male
Adult,Domestic Short Hair Mix,Male
Adult,Domestic Short Hair Mix,Male
Adult,Domestic Medium Hair Mix,Female
Adult,Domestic Short Hair Mix,Female
Senior,Domestic Short Hair Mix,Female
Adult,Domestic Long Hair Mix,Male
Young,Domestic Short Hair Mix,Male
90,away,miles
Adult,Domestic Short Hair,Male
Adult,Domestic Short Hair Mix,Female
Adult,Domestic Long Hair Mix,Female
Adult,Domestic Short Hair Mix,Male
Adult,Domestic Short Hair Mix,Male
Adult,Domestic Short Hair Mix,Female
Young,Domestic Short Hair Mix,Female
Adult,Domestic Long Hair Mix,Female
Adult,Domestic Short Hair Mix,Female
Adult,Domestic Short Hair Mix,Female
Adult,Domestic Short Hair Mix,Male
Young,Domestic Short Hair Mix,Female
Adult,Domestic Short Hair Mix,Female
Adult,Domestic Short Hair Mix,Female
Adult,Domestic Short Hair Mix,Female
90,away,miles
Adult,Domestic Short Hair Mix,Male
Adult,Domestic Short Hair Mix,Female
Adult,Domestic Long Hair Mix,Female
Adult,Domestic Short Hair Mix,Male
Young,Domestic Short Hair Mix,Male
Young,Domestic Short Hair,Female
Adult,Domestic Short Hair & Calico Mix,Female
Adult,Domestic Long Hair Mix,Female
Young,Domestic Short Hair Mix,Female
Adult,Domestic Short Hair Mix,Female
Adult,Domestic Short Hair Mix,Male
Adult,Domestic Short Hair,Male
Adult,Domestic Short Hair Mix,Male
Adult,Siamese & Domestic Short Hair Mix,Female
Adult,Domestic Short Hair Mix,Male
Adult,Siamese,Female
Adult,Domestic Medium Hair Mix,Female
Adult,Domestic Short Hair Mix,Female
Young,Tortoiseshell Mix,Female
Adult,Siamese,Female
Adult,Siamese,Female
Adult,Domestic Short Hair Mix,Female
Kitten,Domestic Short Hair Mix,Male
Adult,Domestic Short Hair Mix,Female
Kitten,Domestic Short Hair Mix,Male
Kitten,Domestic Short Hair Mix,Female
90,away,miles
Senior,Domestic Short Hair,Female
Young,Domestic Short Hair Mix,Female
Adult,Domestic Short Hair Mix,Female
Kitten,Domestic Medium Hair Mix,Male
Kitten,Domestic Short Hair Mix,Male
Adult,Domestic Long Hair & Torbie Mix,Female
Senior,Domestic Medium Hair Mix,Female
Senior,Domestic Short Hair Mix,Male
Adult,Domestic Short Hair Mix,Female
Adult,Domestic Medium Hair Mix,Female
Adult,Domestic Short Hair Mix,Male
Young,Domestic Short Hair Mix,Male
Adult,Domestic Short Hair & Tortoiseshell Mix,Female
Young,Domestic Short Hair Mix,Male
Young,Domestic Long Hair Mix,Male
Adult,Domestic Short Hair Mix,Male
Senior,Domestic Medium Hair Mix,Male
Adult,Domestic Short Hair Mix,Male
Adult,Domestic Short Hair Mix,Female
Adult,Domestic Medium Hair & Maine Coon Mix,Female
Adult,Domestic Short Hair Mix,Male
Young,Tabby,Female
Adult,Domestic Short Hair Mix,Female
Adult,Domestic Short Hair Mix,Female
Adult,Domestic Short Hair Mix,Male
Adult,Domestic Short Hair,Male
Young,Domestic Short Hair Mix,Male
Young,Domestic Short Hair Mix,Male
Adult,Domestic Short Hair Mix,Male
Young,Domestic Short Hair Mix,Female
Young,Domestic Short Hair Mix,Male
Young,Domestic Short Hair Mix,Female
Senior,Domestic Short Hair Mix,Male
Adult,Domestic Medium Hair Mix,Female
Young,Domestic Short Hair Mix,Female
Adult,Domestic Short Hair & Siamese Mix,Female
Young,Domestic Short Hair Mix,Male
Adult,Domestic Short Hair Mix,Male
Young,Domestic Short Hair Mix,Female
90,away,miles
Young,Tabby,Female
Adult,Domestic Medium Hair Mix,Female
Young,Domestic Medium Hair Mix,Female
Senior,Domestic Medium Hair & Domestic Long Hair Mix,Female
Adult,Domestic Short Hair,Male
90,away,miles
Young,Domestic Short Hair Mix,Female
Young,Domestic Short Hair Mix,Female
Young,Tabby,Male
Adult,Domestic Medium Hair Mix,Female
Adult,Siamese & Tortoiseshell Mix,Female
Young,Domestic Short Hair Mix,Male
Senior,Domestic Short Hair Mix,Male
Young,Domestic Short Hair Mix,Male
Young,Domestic Short Hair Mix,Female
Senior,Domestic Short Hair,Male
Adult,Tortoiseshell & Domestic Short Hair Mix,Female
Adult,Domestic Short Hair Mix,Female
Young,Domestic Short Hair Mix,Male
Adult,Domestic Short Hair Mix,Female
Young,Domestic Short Hair Mix,Female
Young,Tiger,Male
Young,Domestic Short Hair Mix,Male
Young,Domestic Short Hair Mix,Male
Adult,Domestic Medium Hair Mix,Female
Senior,Domestic Short Hair Mix,Male
90,away,miles
Young,Domestic Short Hair Mix,Female
90,away,miles
Young,Domestic Short Hair Mix,Female
90,away,miles
Senior,Domestic Short Hair Mix,Male
Young,Domestic Medium Hair Mix,Female
Adult,Domestic Medium Hair Mix,Male
Adult,Domestic Short Hair Mix,Female
Adult,Maine Coon,Male
Young,Tortoiseshell,Female
90,away,miles
90,away,miles
Young,Domestic Short Hair Mix,Female
Adult,Calico,Female
Adult,Siamese & Tortoiseshell Mix,Female
Young,Tiger,Female
Adult,Domestic Short Hair,Female
Adult,Tabby,Female
Adult,Maine Coon & Domestic Long Hair Mix,Female
Senior,Maine Coon,Male
Adult,Tabby,Male
Adult,Domestic Short Hair,Female
Senior,Norwegian Forest Cat,Female
Young,Tabby,Female
Young,Domestic Medium Hair,Male
Adult,Domestic Long Hair,Male
Adult,Tabby,Female
Young,Domestic Short Hair,Female
Adult,Tiger,Female
Adult,Domestic Long Hair,Female
Kitten,Tabby,Male
Young,Tabby,Male
Adult,Domestic Short Hair,Male
Adult,Domestic Medium Hair Mix,Female
Young,Tabby,Male
Adult,Domestic Short Hair,Female
Adult,Tabby,Male
Young,Tabby,Male
Adult,Tuxedo,Female
Adult,Domestic Short Hair,Male
Young,Tortoiseshell,Female
Young,Tabby,Male
Young,Tabby,Male
Kitten,Siamese Mix,Female
Senior,Domestic Short Hair,Female
Adult,Calico,Female
Adult,Tiger Mix,Female
Kitten,Tabby,Male
Kitten,Domestic Short Hair,Female
Adult,Tuxedo,Female
Adult,Domestic Short Hair,Male
Adult,Domestic Long Hair,Male
Adult,Tiger,Female
Senior,Tabby,Male
Young,Tuxedo,Female
Young,Tabby,Male
Adult,Maine Coon & Tiger Mix,Female
Young,Torbie,Female
Young,Tortoiseshell,Female
Young,Domestic Medium Hair,Male
Adult,Domestic Medium Hair,Male
Adult,Calico,Female
Young,Domestic Medium Hair & Extra-Toes Cat / Hemingway Polydactyl Mix,Female
Adult,Domestic Short Hair,Male
Adult,Tiger & Tortoiseshell Mix,Female
Senior,Tortoiseshell,Female
Young,Domestic Short Hair Mix,Female
Young,Domestic Short Hair,Male
Young,Tabby,Male
Adult,Tabby,Female
Young,Domestic Long Hair,Female
Adult,Tiger,Male
Kitten,Domestic Short Hair,Female
Adult,Persian,Male
Adult,Tiger,Female
Adult,Tiger Mix,Male
Young,Domestic Short Hair,Female
Adult,Tortoiseshell & Tiger Mix,Female
Young,Tiger,Female
Young,Tiger,Male
Adult,Domestic Short Hair,Female
Adult,Tiger,Male
Young,Tiger,Male
91,away,miles
Adult,Tiger,Female
Adult,Tiger,Male
Young,Domestic Long Hair,Female
Kitten,Tabby,Male
Kitten,Domestic Short Hair,Female
Adult,Tuxedo,Female
Adult,Domestic Short Hair,Male
Adult,Domestic Long Hair,Male
Adult,Tiger,Female
Senior,Tabby,Male
Young,Tuxedo,Female
Young,Tabby,Male
Adult,Maine Coon & Tiger Mix,Female
Young,Torbie,Female
Young,Tortoiseshell,Female
Young,Domestic Medium Hair,Male
Adult,Domestic Medium Hair,Male
Adult,Calico,Female
Young,Domestic Medium Hair & Extra-Toes Cat / Hemingway Polydactyl Mix,Female
Adult,Domestic Short Hair,Male
Adult,Tiger & Tortoiseshell Mix,Female
Senior,Tortoiseshell,Female
Young,Domestic Short Hair Mix,Female
Young,Domestic Short Hair,Male
Young,Tabby,Male
Adult,Tabby,Female
Young,Domestic Long Hair,Female
Adult,Tiger,Male
Kitten,Domestic Short Hair,Female
Adult,Persian,Male
Adult,Tiger,Female
Adult,Tiger Mix,Male
Young,Domestic Short Hair,Female
Adult,Tortoiseshell & Tiger Mix,Female
Young,Tiger,Female
Young,Tiger,Male
Adult,Domestic Short Hair,Female
Adult,Tiger,Male
Young,Tiger,Male
91,away,miles
Adult,Tiger,Female
Adult,Tiger,Male
Young,Domestic Long Hair,Female
Kitten,Domestic Short Hair Mix,Female
Kitten,Tiger,Male
Kitten,Tiger,Female
Young,Tabby,Female
Kitten,Tuxedo,Female
Kitten,Domestic Short Hair,Male
Kitten,Domestic Short Hair,Male
Senior,Calico,Female
Kitten,Domestic Short Hair,Male
Kitten,Domestic Short Hair & Dilute Tortoiseshell Mix,Female
Kitten,Tiger & Domestic Short Hair Mix,Male
Young,Domestic Short Hair & Tiger Mix,Male
Kitten,Tiger & Domestic Short Hair Mix,Male
Kitten,Domestic Medium Hair & Tiger Mix,Male
Kitten,Domestic Short Hair & Tiger Mix,Female
Young,Domestic Short Hair,Female
Kitten,Domestic Long Hair,Male
Kitten,Domestic Short Hair,Female
Kitten,Domestic Short Hair,Male
Young,Domestic Short Hair,Female
Kitten,Domestic Short Hair,Female
Kitten,Domestic Short Hair,Female
Kitten,Domestic Medium Hair,Female
Young,Domestic Long Hair & Tuxedo Mix,Female
Young,Domestic Medium Hair,Female
Kitten,Domestic Short Hair,Male
Kitten,Domestic Short Hair,Male
Kitten,Domestic Short Hair,Male
Senior,Domestic Medium Hair Mix,Male
Senior,Domestic Medium Hair Mix,Male
Adult,Domestic Short Hair,Male
Adult,Domestic Short Hair,Female
Kitten,Domestic Short Hair,Female
Kitten,Domestic Medium Hair,Female
Adult,Domestic Short Hair,Male
Young,Domestic Short Hair & Tiger Mix,Male
Kitten,Tiger & Domestic Short Hair Mix,Female
Young,Tortoiseshell & Domestic Short Hair Mix,Female
Kitten,Domestic Short Hair & Tiger Mix,Male
Kitten,Domestic Long Hair & Domestic Medium Hair Mix,Male
Young,Domestic Short Hair,Male
Young,Domestic Short Hair,Female
Kitten,Domestic Short Hair,Female
Young,Domestic Medium Hair,Male
Young,Domestic Short Hair,Female
Kitten,Domestic Medium Hair,Female
Kitten,Domestic Medium Hair,Female
Kitten,Tiger,Male
Kitten,Tiger,Male
Young,Domestic Short Hair,Male
Young,Domestic Short Hair,Male
Kitten,Domestic Short Hair,Male
Kitten,Domestic Short Hair,Male
Kitten,Domestic Short Hair,Female
Kitten,Domestic Short Hair,Female
Kitten,Domestic Short Hair Mix,Female
Kitten,Domestic Long Hair Mix,Female
Young,Domestic Short Hair,Female
Young,Tiger & Domestic Medium Hair Mix,Female
Young,American Shorthair & Tiger Mix,Male
Kitten,Domestic Short Hair,Male
Kitten,Domestic Short Hair,Female
Young,Domestic Short Hair Mix,Female
Young,American Shorthair & Tabby Mix,Female
Kitten,Domestic Medium Hair Mix,Female
Young,Domestic Medium Hair & Tiger Mix,Female
Kitten,Domestic Medium Hair Mix,Female
Kitten,Domestic Medium Hair & Tiger Mix,Male
Kitten,Domestic Medium Hair & Tiger Mix,Female
Young,Domestic Short Hair,Male
Kitten,Tiger Mix,Male
Young,Tiger Mix,Female
Young,American Shorthair & Tiger Mix,Female
Kitten,American Shorthair & Tiger Mix,Female
Kitten,American Shorthair & Domestic Short Hair Mix,Male
Kitten,American Shorthair & Tiger Mix,Male
Kitten,American Shorthair & Tiger Mix,Male
Kitten,American Shorthair & Tiger Mix,Male
Kitten,Tiger Mix,Male
Kitten,American Shorthair & Tiger Mix,Male
Kitten,American Shorthair & Tiger Mix,Female
Kitten,Tiger Mix,Female
Adult,Domestic Short Hair,Female
Adult,Domestic Short Hair,Female
Adult,Domestic Short Hair,Male
Adult,Domestic Long Hair,Male
Adult,Domestic Short Hair,Female
Adult,Domestic Short Hair,Female
Adult,Domestic Long Hair,Female
Young,Domestic Short Hair,Female
Senior,Domestic Short Hair,Female
Adult,Domestic Short Hair,Female
Senior,Domestic Long Hair,Female
Adult,Domestic Short Hair,Male
Adult,Domestic Short Hair,Female
Adult,Domestic Short Hair,Male
Adult,Domestic Medium Hair,Female
Adult,Domestic Short Hair,Male
Adult,Domestic Medium Hair,Female
Adult,Domestic Short Hair,Female
Adult,Domestic Short Hair,Male
Adult,Domestic Short Hair,Female
Adult,Domestic Short Hair,Female
Senior,Domestic Short Hair,Male
Adult,Domestic Long Hair,Male
Adult,Domestic Short Hair,Female
Adult,Domestic Long Hair,Male
Adult,Domestic Short Hair,Female
Young,Domestic Short Hair,Female
Young,Domestic Long Hair,Female
Young,Domestic Long Hair,Female
Young,Domestic Short Hair,Female
Adult,Domestic Short Hair,Female
Adult,Domestic Short Hair,Female
Adult,Domestic Short Hair,Female
Adult,Domestic Short Hair,Female
Adult,Domestic Medium Hair,Male
Adult,Domestic Short Hair,Male
Adult,Domestic Short Hair,Male
Adult,Domestic Short Hair,Female
Adult,Domestic Short Hair,Male
Adult,Domestic Medium Hair,Male
Adult,Domestic Short Hair,Male
Young,Domestic Medium Hair,Female
Adult,Domestic Medium Hair,Female
Adult,Domestic Short Hair,Female
Adult,Domestic Short Hair,Male
Adult,Domestic Short Hair Mix,Male
Adult,Domestic Medium Hair,Female
Senior,Domestic Long Hair,Female
Senior,Domestic Medium Hair,Female
Adult,Domestic Short Hair,Female
Adult,Domestic Short Hair,Female
Adult,Domestic Short Hair & Siamese Mix,Male
Adult,Domestic Short Hair,Female
Adult,Domestic Short Hair,Male
Adult,Domestic Medium Hair,Female
Adult,Domestic Short Hair,Female
Adult,Domestic Short Hair,Female
Adult,Domestic Short Hair,Male
Senior,Domestic Medium Hair,Female
Adult,Domestic Short Hair,Male
Kitten,Domestic Short Hair,Female
Kitten,Domestic Short Hair,Male
Adult,Domestic Short Hair,Female
Young,Domestic Short Hair,Male
Kitten,Domestic Short Hair,Male
Adult,Domestic Short Hair,Male
Young,Domestic Short Hair,Male
Young,Domestic Short Hair,Male
Kitten,Domestic Short Hair,Male
Young,Domestic Short Hair,Female
Adult,Domestic Short Hair,Female
Adult,Dilute Calico,Female
Adult,Domestic Short Hair,Male
Adult,Domestic Short Hair,Female
Young,Domestic Short Hair,Male
Adult,Domestic Short Hair,Female
Young,Domestic Short Hair,Female
Young,Domestic Short Hair,Male
Adult,Domestic Short Hair Mix,Male
Adult,Domestic Short Hair Mix,Male
Adult,Domestic Short Hair & Tortoiseshell Mix,Female
Young,Domestic Short Hair,Female
Young,Domestic Short Hair,Female
Young,Domestic Short Hair,Female
Adult,Domestic Medium Hair,Male
Senior,Domestic Short Hair,Male
Adult,Domestic Short Hair,Male
Young,Domestic Short Hair,Male
Young,Domestic Short Hair,Male
Senior,Domestic Medium Hair,Male
Adult,Domestic Short Hair,Male
Adult,Domestic Short Hair,Female
Adult,Domestic Long Hair,Male
Adult,Siamese,Male
Adult,Domestic Short Hair,Female
Adult,Domestic Short Hair,Male
Young,Domestic Short Hair,Female
Young,Domestic Short Hair,Female
Senior,Himalayan & Siamese Mix,Female
Adult,Domestic Short Hair,Female
Young,Domestic Short Hair,Female
Young,Domestic Short Hair,Female
Senior,Domestic Long Hair,Female
Adult,Domestic Short Hair,Female
Kitten,Domestic Short Hair,Female
Adult,Domestic Short Hair,Male
Senior,Domestic Short Hair,Female
Young,Domestic Short Hair,Female
Adult,Domestic Short Hair,Male
Senior,Domestic Short Hair,Female
Adult,Domestic Long Hair,Female
Adult,Domestic Long Hair,Male
Adult,Domestic Medium Hair,Male
Adult,Domestic Short Hair,Female
Adult,Domestic Short Hair,Female
Senior,Domestic Short Hair,Male
Senior,Domestic Short Hair,Female
Adult,Domestic Short Hair,Female
Adult,Domestic Short Hair Mix,Male
Adult,Domestic Short Hair Mix,Male
Adult,Domestic Short Hair & Tortoiseshell Mix,Female
Young,Domestic Short Hair,Female
Young,Domestic Short Hair,Female
Young,Domestic Short Hair,Female
Adult,Domestic Medium Hair,Male
Senior,Domestic Short Hair,Male
Adult,Domestic Short Hair,Male
Young,Domestic Short Hair,Male
Young,Domestic Short Hair,Male
Senior,Domestic Medium Hair,Male
Adult,Domestic Short Hair,Male
Adult,Domestic Short Hair,Female
Adult,Domestic Long Hair,Male
Adult,Siamese,Male
Adult,Domestic Short Hair,Female
Adult,Domestic Short Hair,Male
Young,Domestic Short Hair,Female
Young,Domestic Short Hair,Female
Senior,Himalayan & Siamese Mix,Female
Adult,Domestic Short Hair,Female
Young,Domestic Short Hair,Female
Young,Domestic Short Hair,Female
Senior,Domestic Long Hair,Female
Adult,Domestic Short Hair,Female
Kitten,Domestic Short Hair,Female
Adult,Domestic Short Hair,Male
Senior,Domestic Short Hair,Female
Young,Domestic Short Hair,Female
Adult,Domestic Short Hair,Male
Senior,Domestic Short Hair,Female
Adult,Domestic Long Hair,Female
Adult,Domestic Long Hair,Male
Adult,Domestic Medium Hair,Male
Adult,Domestic Short Hair,Female
Adult,Domestic Short Hair,Female
Senior,Domestic Short Hair,Male
Senior,Domestic Short Hair,Female
Adult,Domestic Short Hair,Female
Adult,Domestic Short Hair Mix,Male
Adult,Domestic Short Hair Mix,Male
Adult,Domestic Short Hair & Tortoiseshell Mix,Female
Young,Domestic Short Hair,Female
Young,Domestic Short Hair,Female
Young,Domestic Short Hair,Female
Adult,Domestic Medium Hair,Male
Senior,Domestic Short Hair,Male
Adult,Domestic Short Hair,Male
Young,Domestic Short Hair,Male
Young,Domestic Short Hair,Male
Senior,Domestic Medium Hair,Male
Adult,Domestic Short Hair,Male
Adult,Domestic Short Hair,Female
Adult,Domestic Long Hair,Male
Adult,Siamese,Male
Adult,Domestic Short Hair,Female
Adult,Domestic Short Hair,Male
Young,Domestic Short Hair,Female
Young,Domestic Short Hair,Female
Senior,Himalayan & Siamese Mix,Female
Adult,Domestic Short Hair,Female
Young,Domestic Short Hair,Female
Young,Domestic Short Hair,Female
Senior,Domestic Long Hair,Female
Adult,Domestic Short Hair,Female
Kitten,Domestic Short Hair,Female
Adult,Domestic Short Hair,Male
Senior,Domestic Short Hair,Female
Young,Domestic Short Hair,Female
Adult,Domestic Short Hair,Male
Senior,Domestic Short Hair,Female
Adult,Domestic Long Hair,Female
Adult,Domestic Long Hair,Male
Adult,Domestic Medium Hair,Male
Adult,Domestic Short Hair,Female
Adult,Domestic Short Hair,Female
Senior,Domestic Short Hair,Male
Senior,Domestic Short Hair,Female
Adult,Domestic Short Hair,Female
Young,Domestic Short Hair Mix,Male
Adult,Domestic Long Hair,Male
Adult,Domestic Short Hair,Male
Adult,Domestic Short Hair,Male
Adult,Domestic Short Hair,Female
Adult,Domestic Medium Hair,Male
Young,Domestic Short Hair,Male
Adult,Domestic Short Hair,Male
Kitten,Domestic Short Hair,Male
Adult,Domestic Short Hair,Female
Kitten,Domestic Short Hair,Female
Adult,Tiger,Female
Adult,Domestic Medium Hair,Female
Senior,Domestic Short Hair,Female
Senior,Domestic Short Hair,Male
Adult,Domestic Long Hair,Female
Adult,Domestic Short Hair,Male
Adult,Domestic Short Hair,Female
Young,Domestic Short Hair,Female
Kitten,Domestic Short Hair,Male
Kitten,Domestic Short Hair,Male
Adult,Domestic Short Hair,Female
Adult,Domestic Short Hair,Female
Adult,Domestic Short Hair,Female
Kitten,Domestic Short Hair,Female
Young,Domestic Short Hair,Male
Young,Domestic Short Hair,Male
Adult,Domestic Short Hair,Female
Young,Domestic Short Hair,Female
Adult,Tiger,Male
Adult,Tiger & Tabby Mix,Female
Adult,Domestic Short Hair,Male
97,away,miles
97,away,miles
Adult,Domestic Short Hair,Male
Adult,Tiger,Female
Adult,Tiger,Male
Adult,Domestic Short Hair & Tortoiseshell Mix,Female
Adult,Domestic Long Hair & Maine Coon Mix,Female
Adult,Domestic Long Hair Mix,Female
Young,Domestic Short Hair,Male
Adult,Domestic Long Hair,Female
Kitten,Tiger,Male
Senior,Domestic Long Hair,Female
Kitten,Tiger,Male
Senior,Maine Coon,Female
Young,Tiger,Female
Kitten,Domestic Short Hair & Tiger Mix,Female
Senior,Tiger & Tortoiseshell Mix,Female
Young,Domestic Short Hair,Female
Kitten,Tiger,Female
Kitten,Tiger,Female
Adult,Domestic Medium Hair & Tiger Mix,Male
Young,Domestic Short Hair,Male
Kitten,Tortoiseshell,Female
Adult,Domestic Short Hair,Female
Adult,Domestic Short Hair,Female
Adult,Siamese & Himalayan Mix,Female
Adult,Domestic Medium Hair,Male
Kitten,Domestic Short Hair,Male
Young,Tortoiseshell,Female
Young,Domestic Medium Hair Mix,Female
Adult,Tiger & Domestic Short Hair Mix,Female
Young,Tiger Mix,Female
Adult,Domestic Short Hair,Male
Adult,Tiger,Male
Young,Domestic Long Hair Mix,Male
Adult,Domestic Short Hair,Male
Adult,Domestic Short Hair,Male
Young,Domestic Short Hair,Male
Adult,Domestic Short Hair & Tortoiseshell Mix,Female
Adult,Siamese Mix,Female
Adult,Domestic Short Hair,Female
Young,Domestic Short Hair,Female
Young,Domestic Short Hair,Female
Adult,Domestic Medium Hair,Female
Adult,Domestic Short Hair,Female
Adult,Domestic Short Hair Mix,Female
Young,Calico & Domestic Short Hair Mix,Female
Adult,Domestic Short Hair,Female
Adult,Domestic Short Hair & Tuxedo Mix,Female
Young,Tortoiseshell,Female
Adult,Domestic Short Hair Mix,Female
Young,Domestic Short Hair & Calico Mix,Female
Kitten,Tiger,Female
Adult,Domestic Short Hair Mix,Male
Young,Dilute Tortoiseshell,Female
Young,Dilute Tortoiseshell,Female
Young,Dilute Tortoiseshell,Female
Adult,Domestic Short Hair Mix,Female
Young,Domestic Medium Hair,Female
Adult,Tiger Mix,Male
Senior,Tiger,Female
Adult,Persian & Himalayan Mix,Male
Young,Tuxedo,Female
Senior,Domestic Short Hair Mix,Male
Young,Calico & Domestic Short Hair Mix,Female
Adult,Tiger Mix,Female
Adult,Domestic Long Hair,Female
Adult,Domestic Short Hair & Tuxedo Mix,Female
Adult,Domestic Short Hair & Calico Mix,Female
Young,Tiger,Male
Adult,Domestic Medium Hair,Male
Senior,Domestic Medium Hair,Male
Adult,Domestic Long Hair Mix,Female
97,away,miles
Adult,Domestic Short Hair Mix,Female
Adult,Domestic Medium Hair Mix,Female
Young,Domestic Short Hair,Female
Young,Domestic Short Hair,Female
Kitten,Domestic Long Hair Mix,Male
Adult,Domestic Short Hair,Female
Adult,Domestic Short Hair,Male
Young,Domestic Medium Hair & Tiger Mix,Female
Young,Domestic Short Hair & Tuxedo Mix,Female
Adult,Domestic Short Hair,Female
Senior,Domestic Long Hair,Female
Adult,Tiger,Male
Young,Maine Coon Mix,Female
Kitten,Domestic Short Hair Mix,Male
Kitten,Domestic Short Hair,Female
Kitten,Domestic Short Hair,Female
Kitten,Domestic Short Hair,Male
Senior,Dilute Tortoiseshell,Female
Young,Siamese,Male
Senior,Dilute Tortoiseshell,Female
Adult,Domestic Short Hair,Male
Adult,Domestic Short Hair & Tiger Mix,Female
Adult,Domestic Long Hair & Tiger Mix,Male
Young,Tiger,Male
Adult,Tiger & Domestic Short Hair Mix,Male
Adult,Domestic Medium Hair,Female
Senior,Domestic Short Hair & Tiger Mix,Male
Adult,Domestic Short Hair,Female
Young,Domestic Medium Hair Mix,Female
Young,Domestic Medium Hair,Female
Adult,Domestic Short Hair & Tiger Mix,Male
Adult,Domestic Short Hair & Tiger Mix,Female
Senior,Maine Coon & Tiger Mix,Male
Adult,Tiger,Female
Young,Domestic Medium Hair,Female
Young,Domestic Medium Hair,Female
Young,Domestic Short Hair & Calico Mix,Female
Young,Domestic Short Hair,Female
Young,Domestic Short Hair,Male
Adult,Domestic Short Hair,Male
Adult,Domestic Short Hair,Female
Senior,Persian & Himalayan Mix,Female
Adult,Tiger Mix,Male
Young,Domestic Short Hair,Female
Young,Domestic Short Hair,Female
Senior,Tiger Mix,Female
Adult,Domestic Long Hair & Tiger Mix,Female
Adult,Domestic Short Hair & Tiger Mix,Male
Adult,Tortoiseshell Mix,Female
Adult,Siamese Mix,Female
Adult,Domestic Short Hair & Tabby Mix,Female
Adult,Domestic Long Hair & Tiger Mix,Female
Adult,Domestic Short Hair & Tiger Mix,Female
Young,Tiger Mix,Male
Young,Domestic Short Hair & Tuxedo Mix,Male
Adult,Calico,Female
Young,Domestic Short Hair,Female
Adult,Domestic Short Hair & Tiger Mix,Female
Adult,Domestic Short Hair,Female
97,away,miles
Adult,Domestic Long Hair Mix,Female
Adult,Calico,Female
Adult,Domestic Short Hair,Female
Kitten,Tuxedo Mix,Male
Young,Domestic Short Hair,Female
Young,Tortoiseshell Mix,Female
Young,Calico,Female
Adult,Domestic Short Hair & Tuxedo Mix,Female
Senior,Maine Coon Mix,Male
Kitten,Domestic Short Hair & Tiger Mix,Female
Senior,Domestic Long Hair Mix,Male
Adult,Tiger Mix,Female
Adult,Domestic Long Hair & Maine Coon Mix,Male
Young,Domestic Short Hair,Male
Kitten,Domestic Medium Hair,Male
Kitten,Domestic Medium Hair,Male
Kitten,Domestic Short Hair & Tiger Mix,Male
Adult,Domestic Short Hair,Female
Adult,Calico,Female
Adult,Domestic Short Hair,Male
Adult,Tiger & Domestic Short Hair Mix,Female
Young,Tabby Mix,Female
Adult,Domestic Medium Hair & Tiger Mix,Male
Young,Domestic Short Hair & Tiger Mix,Male
Adult,Domestic Short Hair & Tiger Mix,Female
Adult,Domestic Short Hair & Tiger Mix,Male
Senior,Domestic Short Hair & Tiger Mix,Male
Adult,Domestic Short Hair & Tiger Mix,Female
97,away,miles
Kitten,Domestic Medium Hair,Male
Kitten,Domestic Short Hair,Female
Kitten,Tiger,Male
Kitten,Domestic Short Hair,Male
Kitten,Domestic Short Hair,Female
Young,Domestic Short Hair & Tuxedo Mix,Male
Adult,Calico,Female
Young,Domestic Short Hair,Female
Adult,Domestic Short Hair & Tiger Mix,Female
Adult,Domestic Short Hair,Female
97,away,miles
Adult,Domestic Long Hair Mix,Female
Adult,Calico,Female
Adult,Domestic Short Hair,Female
Kitten,Tuxedo Mix,Male
Young,Domestic Short Hair,Female
Young,Tortoiseshell Mix,Female
Young,Calico,Female
Adult,Domestic Short Hair & Tuxedo Mix,Female
Senior,Maine Coon Mix,Male
Kitten,Domestic Short Hair & Tiger Mix,Female
Senior,Domestic Long Hair Mix,Male
Adult,Tiger Mix,Female
Adult,Domestic Long Hair & Maine Coon Mix,Male
Young,Domestic Short Hair,Male
Kitten,Domestic Medium Hair,Male
Kitten,Domestic Medium Hair,Male
Kitten,Domestic Short Hair & Tiger Mix,Male
Adult,Domestic Short Hair,Female
Adult,Calico,Female
Adult,Domestic Short Hair,Male
Adult,Tiger & Domestic Short Hair Mix,Female
Young,Tabby Mix,Female
Adult,Domestic Medium Hair & Tiger Mix,Male
Young,Domestic Short Hair & Tiger Mix,Male
Adult,Domestic Short Hair & Tiger Mix,Female
Adult,Domestic Short Hair & Tiger Mix,Male
Senior,Domestic Short Hair & Tiger Mix,Male
Adult,Domestic Short Hair & Tiger Mix,Female
97,away,miles
Kitten,Domestic Medium Hair,Male
Kitten,Domestic Short Hair,Female
Kitten,Tiger,Male
Kitten,Domestic Short Hair,Male
Kitten,Domestic Short Hair,Female
Adult,Tabby,Female
Young,Domestic Short Hair,Male
Adult,Domestic Short Hair,Female
97,away,miles
Young,Calico,Female
Young,Tiger Mix,Female
97,away,miles
Adult,Domestic Short Hair,Female
Senior,Domestic Short Hair & Tiger Mix,Male
Adult,Domestic Short Hair Mix,Male
Adult,Siamese Mix,Male
Young,Domestic Short Hair,Female
Young,Maine Coon & Tiger Mix,Female
Adult,Domestic Medium Hair,Male
Young,Tiger & Domestic Medium Hair Mix,Female
Senior,Domestic Medium Hair,Female
Adult,Domestic Short Hair,Male
Adult,Domestic Medium Hair,Male
Adult,Domestic Short Hair,Male
Adult,Domestic Short Hair,Female
Adult,Domestic Short Hair & Tiger Mix,Male
Young,Calico,Female
Adult,Domestic Short Hair & Tiger Mix,Male
Young,Domestic Short Hair,Male
97,away,miles
Young,Tabby,Male
Senior,Domestic Medium Hair Mix,Male
Senior,Domestic Long Hair,Male
Young,Domestic Long Hair,Male
Senior,Domestic Long Hair,Male
Adult,Domestic Short Hair,Female
Adult,Domestic Medium Hair,Male
Adult,Domestic Short Hair Mix,Male
Adult,Domestic Medium Hair,Female
Adult,Tiger,Male
Adult,Domestic Short Hair,Male
Adult,Domestic Short Hair,Male
Adult,Domestic Short Hair,Male
Adult,Domestic Medium Hair,Male
Adult,Tiger,Male
Young,Domestic Short Hair Mix,Female
Senior,Dilute Tortoiseshell,Female
Senior,Siamese,Female
Adult,Tiger,Female
Senior,Domestic Long Hair,Female
Young,Siamese Mix,Male
Adult,Tortoiseshell,Female
Young,Domestic Short Hair,Female
Adult,Domestic Medium Hair,Female
Adult,Tiger,Female
Young,Tiger,Male
Adult,Domestic Medium Hair,Female
Adult,Domestic Short Hair,Male
Young,Dilute Calico,Female
Young,Domestic Short Hair Mix,Male
Adult,Tiger,Female
Young,Domestic Short Hair,Male
Adult,Tiger Mix,Male
Adult,Tortoiseshell,Female
Adult,Domestic Short Hair,Female
Adult,Domestic Short Hair & Tiger Mix,Male
Young,Calico,Female
Senior,Tiger,Female
Adult,Domestic Medium Hair,Male
Adult,Domestic Medium Hair,Male
Young,Tortoiseshell,Female
Young,Calico,Female
Young,Domestic Short Hair & Tiger Mix,Female
Kitten,Domestic Short Hair,Female
Kitten,Domestic Medium Hair,Female
Young,Domestic Medium Hair Mix,Male
Adult,Dilute Tortoiseshell,Female
Young,Domestic Short Hair,Female
Adult,Domestic Medium Hair,Female
Adult,Dilute Tortoiseshell,Female
Adult,Domestic Short Hair,Male
Young,Dilute Calico,Female
Adult,Tortoiseshell,Female
Young,Calico,Female
Senior,Domestic Short Hair,Male
Young,Domestic Short Hair Mix,Female
Senior,Dilute Tortoiseshell,Female
Senior,Siamese,Female
Adult,Tiger,Female
Senior,Domestic Long Hair,Female
Young,Siamese Mix,Male
Adult,Tortoiseshell,Female
Young,Domestic Short Hair,Female
Adult,Domestic Medium Hair,Female
Adult,Tiger,Female
Young,Tiger,Male
Adult,Domestic Medium Hair,Female
Adult,Domestic Short Hair,Male
Young,Dilute Calico,Female
Young,Domestic Short Hair Mix,Male
Adult,Tiger,Female
Young,Domestic Short Hair,Male
Adult,Tiger Mix,Male
Adult,Tortoiseshell,Female
Adult,Domestic Short Hair,Female
Adult,Domestic Short Hair & Tiger Mix,Male
Young,Calico,Female
Senior,Tiger,Female
Adult,Domestic Medium Hair,Male
Adult,Domestic Medium Hair,Male
Young,Tortoiseshell,Female
Young,Calico,Female
Young,Domestic Short Hair & Tiger Mix,Female
Kitten,Domestic Short Hair,Female
Kitten,Domestic Medium Hair,Female
Young,Domestic Medium Hair Mix,Male
Adult,Dilute Tortoiseshell,Female
Young,Domestic Short Hair,Female
Adult,Domestic Medium Hair,Female
Adult,Dilute Tortoiseshell,Female
Adult,Domestic Short Hair,Male
Young,Dilute Calico,Female
Adult,Tortoiseshell,Female
Young,Calico,Female
Senior,Domestic Short Hair,Male
Adult,Domestic Long Hair,Male
Senior,Domestic Short Hair,Female
Young,Domestic Short Hair,Female
Young,Domestic Long Hair,Female
Adult,Domestic Short Hair,Male
Young,Domestic Short Hair,Male
Adult,Domestic Short Hair,Female
Young,Domestic Short Hair,Female
Adult,Domestic Short Hair,Male
Adult,Calico,Female
Adult,Domestic Short Hair,Male
Adult,Domestic Short Hair,Male
Young,Domestic Short Hair,Female
Young,Domestic Medium Hair,Female
Adult,Domestic Short Hair,Female
Young,Domestic Short Hair,Male
Young,Domestic Short Hair,Male
Young,Domestic Short Hair,Male
Senior,Domestic Short Hair,Female
Adult,Domestic Short Hair & Tiger Mix,Female
Adult,Domestic Short Hair,Male
Young,Domestic Short Hair,Male
Adult,Domestic Short Hair,Male
Adult,Tortoiseshell,Female
Adult,Domestic Short Hair,Male
Adult,Domestic Short Hair & Tiger Mix,Male
Young,Domestic Short Hair,Male
Senior,Tabby,Female
Young,Domestic Short Hair,Female
Young,Maine Coon,Male
Senior,Domestic Medium Hair,Male
Adult,Domestic Short Hair & Tortoiseshell Mix,Female
Young,Domestic Short Hair,Male
Young,Domestic Short Hair,Female
Young,Domestic Long Hair,Female
Adult,Domestic Short Hair Mix,Female
Young,Dilute Tortoiseshell & Extra-Toes Cat / Hemingway Polydactyl Mix,Female
Young,Domestic Short Hair,Male
Young,Domestic Short Hair,Male
Young,Domestic Short Hair,Male
Adult,Domestic Short Hair,Female
Young,Domestic Short Hair & Tiger Mix,Male
Young,Domestic Short Hair & Tiger Mix,Female
Young,Domestic Medium Hair,Male
Adult,Domestic Short Hair,Male
Adult,Domestic Short Hair,Male
Young,Domestic Short Hair,Male
Adult,Domestic Short Hair,Female
Young,Domestic Short Hair,Male
Adult,Domestic Medium Hair,Male
Adult,Domestic Long Hair,Female
Adult,Tiger,Female
Young,Domestic Short Hair,Male
Young,Tiger,Male
Young,Domestic Short Hair,Male
Young,Domestic Short Hair & Tiger Mix,Male
Young,Domestic Short Hair & Tiger Mix,Female
Young,Domestic Long Hair,Male
Young,Domestic Short Hair,Male
Adult,Domestic Short Hair,Male
Adult,Domestic Short Hair,Male
Adult,Domestic Medium Hair,Female
Young,Domestic Short Hair,Female
Young,Domestic Short Hair,Male
Young,Domestic Short Hair,Male
Adult,Domestic Short Hair,Male
Adult,Domestic Short Hair,Male
Adult,Domestic Short Hair,Male
Adult,Tiger,Male
Senior,Domestic Long Hair,Female
Adult,Domestic Medium Hair,Female
Adult,Domestic Long Hair & Calico Mix,Female
Adult,Domestic Medium Hair,Female
Adult,Domestic Short Hair,Female
Young,Domestic Short Hair,Female
Adult,Domestic Long Hair,Female
Senior,Domestic Short Hair,Female
Young,Tabby,Female
Adult,Domestic Short Hair,Male
Young,Domestic Short Hair,Male
Young,Domestic Short Hair,Male
Kitten,Domestic Short Hair,Female
Adult,Tiger Mix,Female
Adult,Domestic Short Hair,Female
Adult,Domestic Short Hair,Male
Young,Domestic Short Hair,Female
Young,Domestic Long Hair & Calico Mix,Female
Adult,Domestic Short Hair,Male
Adult,Maine Coon,Female
Young,Domestic Short Hair,Female
Adult,Dilute Tortoiseshell,Female
Adult,Domestic Short Hair,Female
Young,Domestic Medium Hair,Male
Adult,Domestic Short Hair,Male
Adult,Domestic Long Hair,Female
Young,Domestic Short Hair & Tortoiseshell Mix,Female
Adult,Domestic Short Hair,Male
Young,Tiger & Domestic Short Hair Mix,Female
Young,Domestic Short Hair,Male
Young,Calico,Female
Young,Maine Coon,Male
Adult,Domestic Short Hair,Male
Adult,Domestic Short Hair,Female
Young,Domestic Short Hair,Male
Adult,Domestic Short Hair,Male
Young,Domestic Long Hair,Female
Senior,Domestic Medium Hair,Male
Adult,Domestic Medium Hair,Female
Young,Dilute Tortoiseshell,Female
Adult,Domestic Short Hair & Siamese Mix,Male
Senior,Domestic Short Hair,Male
Adult,Domestic Short Hair,Male
Young,Domestic Short Hair,Female
Senior,Domestic Short Hair,Male
Adult,Domestic Short Hair,Male
Adult,Domestic Short Hair,Female
Adult,Domestic Short Hair,Female
Young,Domestic Short Hair,Male
Young,Domestic Short Hair,Female
Young,Domestic Medium Hair,Female
Senior,Domestic Short Hair,Female
Senior,Domestic Short Hair,Female
Adult,Domestic Long Hair,Female
Adult,Domestic Short Hair,Female
Adult,Domestic Long Hair,Male
Adult,Domestic Short Hair,Female
Young,Domestic Short Hair & Tiger Mix,Female
Adult,Domestic Short Hair & Tiger Mix,Female
Adult,Domestic Short Hair,Female
Adult,Domestic Short Hair,Male
Adult,Domestic Medium Hair,Female
Young,Domestic Short Hair,Female
Adult,Domestic Short Hair,Female
Adult,Tortoiseshell,Female
Adult,Tabby,Female
Adult,Calico,Female
Senior,Domestic Short Hair,Male
Adult,Calico,Female
Adult,Tuxedo,Male
Adult,Calico,Female
Adult,Himalayan,Male
Adult,Himalayan,Male
Adult,Himalayan,Female
Adult,Himalayan,Female
Young,Domestic Short Hair Mix,Female
Young,Domestic Medium Hair Mix,Female
Adult,Domestic Medium Hair Mix,Female
98,away,miles
Kitten,Domestic Short Hair Mix,Female
Senior,Domestic Short Hair Mix,Male
Kitten,Domestic Short Hair Mix,Male
Kitten,Domestic Short Hair,Female
Kitten,Domestic Short Hair Mix,Female
98,away,miles
Kitten,Domestic Long Hair Mix,Female
Kitten,Domestic Long Hair Mix,Male
Adult,Domestic Short Hair Mix,Female
Kitten,Domestic Short Hair Mix,Male
Young,Domestic Short Hair Mix,Female
Kitten,Domestic Short Hair Mix,Female
Adult,Domestic Short Hair Mix,Male
Kitten,Domestic Short Hair Mix,Male
Kitten,Domestic Short Hair Mix,Female
Kitten,Domestic Short Hair Mix,Female
Adult,Domestic Short Hair Mix,Female
Kitten,Domestic Short Hair Mix,Male
Young,Domestic Short Hair Mix,Male
Adult,Domestic Short Hair Mix,Male
Adult,Domestic Long Hair Mix,Female
Adult,Domestic Short Hair Mix,Male
Adult,Domestic Short Hair Mix,Male
Senior,Domestic Long Hair Mix,Male
98,away,miles
Adult,Domestic Short Hair,Female
Adult,Domestic Short Hair Mix,Female
Kitten,Domestic Short Hair Mix,Male
Adult,Domestic Long Hair Mix,Male
Adult,Domestic Long Hair Mix,Male
Adult,Domestic Long Hair,Female
Kitten,Domestic Long Hair Mix,Male
Kitten,Domestic Short Hair Mix,Male
Kitten,Domestic Short Hair Mix,Female
Kitten,Domestic Short Hair Mix,Female
Kitten,Domestic Short Hair Mix,Female
Adult,Domestic Short Hair,Male
Adult,Domestic Long Hair,Male
Kitten,Domestic Short Hair,Female
Young,Domestic Short Hair,Female
Kitten,Domestic Short Hair,Male
Kitten,Domestic Short Hair,Male
Adult,Domestic Medium Hair,Female
Kitten,Domestic Short Hair,Female
Young,Domestic Short Hair Mix,Male
Adult,Domestic Long Hair,Female
Young,Domestic Short Hair,Male
Young,Domestic Short Hair,Female
98,away,miles
Young,Domestic Short Hair,Female
Senior,Domestic Long Hair,Female
Young,Domestic Short Hair,Female
Adult,Domestic Short Hair,Male
Young,Domestic Short Hair,Male
Young,Domestic Short Hair,Female
Kitten,Domestic Short Hair,Female
Kitten,Domestic Long Hair,Female
Kitten,Domestic Short Hair,Male
Kitten,Domestic Short Hair,Male
Kitten,Domestic Short Hair,Male
Adult,Domestic Long Hair,Female
Kitten,Domestic Short Hair,Male
Kitten,Domestic Short Hair,Female
Kitten,Domestic Short Hair,Male
Young,Domestic Short Hair,Female
Young,Domestic Long Hair,Female
98,away,miles
Young,Domestic Short Hair,Female
Adult,Domestic Short Hair,Female
Young,Domestic Short Hair,Male
Kitten,Domestic Short Hair,Male
Young,Domestic Long Hair,Male
Young,Domestic Short Hair,Female
Kitten,Tortoiseshell Mix,Female
Kitten,Domestic Short Hair & Russian Blue Mix,Female
Kitten,Domestic Short Hair,Male
Young,Maine Coon Mix,Female
Kitten,Domestic Long Hair,Male
Young,Domestic Short Hair,Female
98,away,miles
Kitten,Tortoiseshell,Female
Kitten,Domestic Short Hair,Male
Adult,Maine Coon & Domestic Long Hair Mix,Female
Kitten,Domestic Short Hair,Male
Kitten,Domestic Short Hair,Female
Kitten,Domestic Short Hair,Male
Kitten,Domestic Short Hair,Male
Kitten,Domestic Short Hair,Male
Kitten,Domestic Short Hair,Female
Young,Domestic Short Hair,Female
Adult,Domestic Short Hair,Female
Adult,Domestic Short Hair,Female
Young,Domestic Short Hair,Female
Adult,Domestic Short Hair,Female
Adult,Domestic Short Hair,Female
Young,Domestic Short Hair,Female
Kitten,Domestic Short Hair,Male
Young,Domestic Short Hair,Female
Adult,Domestic Short Hair,Male
Adult,Domestic Short Hair,Female
Adult,Domestic Short Hair,Female
Young,Domestic Short Hair,Male
Kitten,Domestic Short Hair,Male
Young,Domestic Medium Hair,Female
Adult,Domestic Long Hair,Female
Adult,Domestic Short Hair,Male
Adult,Domestic Long Hair,Female
Kitten,Domestic Short Hair,Female
Young,Domestic Short Hair,Female
Kitten,Domestic Short Hair,Female
Adult,Domestic Short Hair,Female
Kitten,Domestic Short Hair,Male
Kitten,Domestic Medium Hair,Male
Kitten,Domestic Short Hair,Female
Adult,Domestic Short Hair,Male
Adult,Domestic Short Hair,Female
Adult,Domestic Short Hair,Male
Adult,Domestic Short Hair,Female
Adult,Domestic Short Hair,Female
Kitten,Domestic Short Hair,Female
Adult,Domestic Long Hair,Female
Kitten,Domestic Short Hair,Male
Adult,Domestic Long Hair,Female
Kitten,Domestic Short Hair,Female
Kitten,Domestic Long Hair,Female
Kitten,Domestic Long Hair,Male
Kitten,Domestic Long Hair,Female
Adult,Domestic Long Hair,Female
Adult,Domestic Short Hair Mix,Male
Adult,Domestic Medium Hair,Female
Kitten,Domestic Short Hair,Female
Adult,Domestic Short Hair,Male
Adult,Domestic Short Hair & Siamese Mix,Female
Senior,Domestic Short Hair,Female
Adult,Domestic Short Hair & Siamese Mix,Female
Young,Domestic Short Hair,Male
Adult,Domestic Long Hair,Female
Adult,Domestic Long Hair & Maine Coon Mix,Female
Adult,Domestic Short Hair,Female
Adult,Domestic Short Hair,Female
Kitten,Domestic Short Hair,Female
Kitten,Domestic Long Hair,Male
Kitten,Domestic Long Hair,Female
Kitten,Domestic Short Hair,Male
Kitten,Domestic Short Hair,Male
Kitten,Domestic Long Hair,Male
Adult,Domestic Long Hair,Male
Kitten,Domestic Short Hair,Female
Kitten,Domestic Long Hair,Female
Young,Domestic Long Hair,Female
Adult,Domestic Short Hair,Female
Adult,Domestic Short Hair,Female
Adult,Domestic Short Hair,Male
Adult,Domestic Short Hair,Male
Young,Domestic Short Hair,Male
Young,Domestic Short Hair,Female
Adult,Domestic Medium Hair,Female
Adult,Domestic Short Hair,Female
Young,Domestic Short Hair,Male
Adult,Domestic Short Hair,Male
Adult,Domestic Short Hair,Male
Young,Domestic Short Hair,Male
Young,Domestic Short Hair,Female
Young,Domestic Long Hair,Female
Adult,Domestic Short Hair,Female
Adult,Domestic Short Hair,Female
Young,Domestic Short Hair,Female
Kitten,Domestic Long Hair,Female
Kitten,Domestic Long Hair,Female
Young,Domestic Short Hair,Male
Young,Domestic Short Hair,Female
Kitten,Domestic Short Hair,Male
Adult,Domestic Short Hair,Female
Young,Domestic Short Hair,Female
Kitten,Domestic Short Hair,Male
Kitten,Domestic Short Hair,Female
Adult,Domestic Short Hair,Male
Young,Domestic Short Hair,Female
Kitten,Domestic Short Hair,Female
Kitten,Domestic Short Hair,Male
Kitten,Domestic Short Hair,Female
Adult,Domestic Short Hair,Male
Kitten,Domestic Short Hair,Male
Kitten,Domestic Short Hair,Male
Young,Domestic Short Hair,Female
Kitten,Domestic Short Hair,Female
Kitten,Domestic Short Hair,Female
Kitten,Domestic Short Hair,Male
Kitten,Domestic Short Hair,Male
Adult,Domestic Short Hair,Male
Senior,Domestic Long Hair Mix,Female
Adult,Domestic Long Hair,Female
Adult,Maine Coon Mix,Male
Adult,Siamese Mix,Male
Adult,Domestic Short Hair Mix,Female
Kitten,Domestic Long Hair,Male
Adult,Domestic Short Hair,Male
Adult,Domestic Short Hair,Female
Senior,Domestic Short Hair,Male
Adult,Domestic Short Hair,Male
Adult,Domestic Short Hair,Male
Adult,Domestic Short Hair,Female
Young,Domestic Short Hair,Female
Adult,Domestic Long Hair & Maine Coon Mix,Female
Kitten,Domestic Short Hair,Male
Kitten,Domestic Short Hair,Female
Kitten,Domestic Short Hair,Male
Young,Domestic Long Hair,Female
Young,Domestic Short Hair,Female
Adult,Domestic Short Hair,Male
Adult,Domestic Short Hair,Male
Young,Tortoiseshell,Female
Kitten,Domestic Short Hair,Male
Adult,Domestic Short Hair,Male
Young,Domestic Long Hair,Female
Adult,Domestic Short Hair,Male
Adult,Domestic Short Hair,Female
Senior,Domestic Long Hair,Female
Kitten,Domestic Short Hair,Male
Adult,Domestic Short Hair,Male
Young,Domestic Short Hair,Female
Young,Domestic Short Hair,Male
Kitten,Domestic Short Hair,Female
Kitten,Domestic Long Hair,Male
Adult,Domestic Short Hair,Female
Senior,Domestic Short Hair,Female
Adult,Domestic Long Hair & Maine Coon Mix,Female
Kitten,Domestic Short Hair,Male
Kitten,Domestic Long Hair & Maine Coon Mix,Male
Young,Domestic Short Hair,Female
Kitten,Domestic Short Hair,Female
Kitten,Domestic Short Hair,Female
Kitten,Domestic Short Hair,Male
Kitten,Domestic Short Hair,Male
Kitten,Domestic Short Hair,Male
Kitten,Domestic Long Hair & Maine Coon Mix,Male
Adult,Domestic Short Hair,Male
Adult,Domestic Short Hair,Female
Adult,Siamese,Female
Adult,Domestic Short Hair,Male
Young,Domestic Short Hair,Female
Adult,Domestic Long Hair,Male
Young,Dilute Calico,Female
Young,Domestic Short Hair,Male
Kitten,Domestic Long Hair,Male
Kitten,Domestic Long Hair,Female
Kitten,Domestic Short Hair,Male
Kitten,Domestic Short Hair,Male
Young,Domestic Short Hair,Female
Kitten,Domestic Short Hair,Female
Senior,Domestic Short Hair,Male
Kitten,Domestic Short Hair,Female
Kitten,Domestic Short Hair,Male
Adult,Domestic Short Hair,Male
Young,Domestic Long Hair,Female
Adult,Domestic Short Hair,Male
Adult,Domestic Short Hair,Female
Senior,Domestic Long Hair,Female
Kitten,Domestic Short Hair,Male
Adult,Domestic Short Hair,Male
Young,Domestic Short Hair,Female
Young,Domestic Short Hair,Male
Kitten,Domestic Short Hair,Female
Kitten,Domestic Long Hair,Male
Adult,Domestic Short Hair,Female
Senior,Domestic Short Hair,Female
Adult,Domestic Long Hair & Maine Coon Mix,Female
Kitten,Domestic Short Hair,Male
Kitten,Domestic Long Hair & Maine Coon Mix,Male
Young,Domestic Short Hair,Female
Kitten,Domestic Short Hair,Female
Kitten,Domestic Short Hair,Female
Kitten,Domestic Short Hair,Male
Kitten,Domestic Short Hair,Male
Kitten,Domestic Short Hair,Male
Kitten,Domestic Long Hair & Maine Coon Mix,Male
Adult,Domestic Short Hair,Male
Adult,Domestic Short Hair,Female
Adult,Siamese,Female
Adult,Domestic Short Hair,Male
Young,Domestic Short Hair,Female
Adult,Domestic Long Hair,Male
Young,Dilute Calico,Female
Young,Domestic Short Hair,Male
Kitten,Domestic Long Hair,Male
Kitten,Domestic Long Hair,Female
Kitten,Domestic Short Hair,Male
Kitten,Domestic Short Hair,Male
Young,Domestic Short Hair,Female
Kitten,Domestic Short Hair,Female
Senior,Domestic Short Hair,Male
Kitten,Domestic Short Hair,Female
Kitten,Domestic Short Hair,Male
Young,Domestic Short Hair,Female
Young,Domestic Medium Hair,Female
Adult,Domestic Short Hair & Siamese Mix,Male
Adult,Tortoiseshell,Female
Kitten,Domestic Short Hair,Female
Kitten,Domestic Short Hair,Female
Kitten,Domestic Short Hair & Tabby Mix,Male
Kitten,Domestic Long Hair,Female
Young,Tabby,Female
Adult,Domestic Medium Hair & Persian Mix,Female
Kitten,Domestic Short Hair,Female
Adult,Domestic Short Hair,Male
Adult,Domestic Short Hair,Female
Kitten,Domestic Short Hair,Male
Kitten,Tabby,Female
Kitten,Tabby,Male
Kitten,Domestic Short Hair,Female
Kitten,Domestic Medium Hair & Torbie Mix,Female
Kitten,Domestic Short Hair,Male
Adult,Domestic Short Hair,Male
Adult,Maine Coon,Male
Adult,Domestic Short Hair,Female
Adult,Domestic Medium Hair,Male
Adult,Domestic Short Hair,Male
Kitten,Domestic Long Hair,Male
Adult,Domestic Short Hair,Female
Kitten,Domestic Short Hair,Female
Kitten,Domestic Long Hair,Female
Kitten,Domestic Short Hair,Male
Kitten,Domestic Long Hair,Female
Kitten,Domestic Short Hair,Female
Senior,Domestic Short Hair,Female
Kitten,Domestic Short Hair,Female
Adult,Domestic Short Hair,Female
Adult,Domestic Short Hair,Male
Adult,Domestic Short Hair,Female
Adult,Domestic Short Hair,Female
Adult,Domestic Short Hair,Male
Adult,Domestic Short Hair,Female
Young,Domestic Short Hair,Female
Adult,Domestic Short Hair,Male
Adult,Domestic Short Hair,Female
Kitten,Domestic Short Hair,Female
Senior,Domestic Short Hair,Male
Adult,Domestic Short Hair,Female
Young,Domestic Short Hair,Female
Young,Domestic Short Hair,Male
Adult,Domestic Long Hair,Female
Adult,Maine Coon,Male
Adult,Domestic Short Hair,Male
Adult,Domestic Short Hair,Male
Adult,American Shorthair,Female
Kitten,American Shorthair,Female
Adult,American Shorthair,Male
Adult,American Shorthair,Female
Senior,Dilute Calico,Female
Adult,Domestic Short Hair,Male
Adult,Domestic Short Hair,Female
Adult,Domestic Short Hair,Female
Adult,Domestic Long Hair,Male
Adult,Domestic Short Hair,Male
Adult,Domestic Long Hair,Male
Adult,Domestic Short Hair,Female
Adult,Domestic Short Hair,Female
Adult,Domestic Short Hair,Female
Adult,Domestic Short Hair,Female
Young,Domestic Short Hair,Female
Adult,Domestic Short Hair,Male
Senior,Domestic Long Hair,Female
Senior,Domestic Short Hair,Female
Senior,Domestic Short Hair,Male
Senior,Domestic Short Hair,Female
Adult,Domestic Short Hair,Female
Adult,Domestic Long Hair,Male
Adult,Domestic Short Hair,Female
Adult,Domestic Short Hair & Tabby Mix,Female
Adult,Domestic Short Hair,Male
Adult,Domestic Short Hair,Male
Adult,Domestic Short Hair,Female
Senior,Domestic Short Hair,Female
Adult,Domestic Short Hair,Female
Young,Domestic Short Hair,Female
Adult,Domestic Short Hair,Male
Adult,Domestic Short Hair,Female
Adult,Domestic Short Hair,Female
Kitten,Domestic Medium Hair,Female
Kitten,Domestic Short Hair,Female
Kitten,Domestic Short Hair,Female
Kitten,Domestic Short Hair,Female
Adult,Domestic Short Hair,Male
Adult,Domestic Long Hair,Male
Young,Domestic Short Hair,Male
Adult,Domestic Short Hair,Female
Adult,Domestic Short Hair,Female
Young,Domestic Long Hair,Male
Kitten,Domestic Medium Hair,Female
Kitten,Domestic Medium Hair,Female
Adult,Calico,Female
Kitten,Domestic Medium Hair,Female
Adult,Domestic Short Hair,Female
Adult,Tortoiseshell,Female
Adult,Domestic Medium Hair,Female
Adult,Maine Coon,Female
Young,Domestic Short Hair,Male
Adult,Domestic Short Hair,Female
Adult,Domestic Long Hair,Female
Young,Tabby,Female
Young,Domestic Long Hair,Male
Young,Domestic Short Hair & Tabby Mix,Female
Adult,Domestic Short Hair,Female
Young,Domestic Short Hair,Male
Senior,Tabby,Male
Young,Domestic Short Hair,Male
Adult,Domestic Short Hair,Female
Young,Tabby,Female
Kitten,Tortoiseshell,Female
Kitten,Domestic Short Hair,Female
Kitten,Domestic Short Hair,Female
Kitten,Domestic Long Hair,Female
Senior,Domestic Short Hair,Female
Adult,Domestic Short Hair,Female
Young,Domestic Short Hair,Female
Adult,Domestic Short Hair,Male
Adult,Domestic Short Hair,Female
Adult,Domestic Short Hair,Female
Kitten,Domestic Medium Hair,Female
Kitten,Domestic Short Hair,Female
Kitten,Domestic Short Hair,Female
Kitten,Domestic Short Hair,Female
Adult,Domestic Short Hair,Male
Adult,Domestic Long Hair,Male
Young,Domestic Short Hair,Male
Adult,Domestic Short Hair,Female
Adult,Domestic Short Hair,Female
Young,Domestic Long Hair,Male
Kitten,Domestic Medium Hair,Female
Kitten,Domestic Medium Hair,Female
Adult,Calico,Female
Kitten,Domestic Medium Hair,Female
Adult,Domestic Short Hair,Female
Adult,Tortoiseshell,Female
Adult,Domestic Medium Hair,Female
Adult,Maine Coon,Female
Young,Domestic Short Hair,Male
Adult,Domestic Short Hair,Female
Adult,Domestic Long Hair,Female
Young,Tabby,Female
Young,Domestic Long Hair,Male
Young,Domestic Short Hair & Tabby Mix,Female
Adult,Domestic Short Hair,Female
Young,Domestic Short Hair,Male
Senior,Tabby,Male
Young,Domestic Short Hair,Male
Adult,Domestic Short Hair,Female
Young,Tabby,Female
Kitten,Tortoiseshell,Female
Kitten,Domestic Short Hair,Female
Kitten,Domestic Short Hair,Female
Kitten,Domestic Long Hair,Female
Adult,Domestic Short Hair,Female
Adult,Domestic Long Hair,Female
Young,Domestic Short Hair,Male
Adult,Domestic Short Hair & Extra-Toes Cat / Hemingway Polydactyl Mix,Female
Adult,Domestic Short Hair Mix,Female
Kitten,Domestic Short Hair Mix,Female
Adult,Domestic Short Hair Mix,Male
Adult,Domestic Short Hair Mix,Male
Young,Calico,Female
Kitten,Domestic Short Hair & Tabby Mix,Male
Kitten,Domestic Short Hair,Male
Kitten,Domestic Short Hair,Female
Kitten,Himalayan & Domestic Medium Hair Mix,Male
Young,Domestic Long Hair Mix,Female
Kitten,Domestic Medium Hair,Male
Kitten,Maine Coon,Male
Young,Domestic Short Hair,Female
Adult,Calico,Female
Young,Domestic Long Hair,Male
Adult,Domestic Short Hair,Female
Young,Domestic Short Hair Mix,Male
Adult,Domestic Long Hair Mix,Male
Young,Domestic Long Hair,Female
Adult,Domestic Short Hair Mix,Female
Kitten,Domestic Short Hair & Tabby Mix,Male
Adult,Domestic Short Hair & Tabby Mix,Female
Kitten,Domestic Long Hair Mix,Male
Adult,Domestic Short Hair,Female
Adult,Tabby Mix,Female
Kitten,Domestic Short Hair,Male
Adult,Tabby Mix,Female
98,away,miles
Kitten,Domestic Short Hair & Extra-Toes Cat / Hemingway Polydactyl Mix,Female
Kitten,Domestic Short Hair,Female
Kitten,Domestic Short Hair,Female
Adult,Domestic Short Hair,Male
Kitten,Domestic Long Hair,Male
Young,Domestic Short Hair,Female
Adult,Domestic Short Hair,Male
Kitten,Domestic Short Hair,Female
Adult,American Shorthair Mix,Female
Kitten,Domestic Short Hair,Female
Kitten,Domestic Short Hair,Female
Kitten,Domestic Short Hair,Male
Adult,Tortoiseshell,Female
Adult,Domestic Short Hair,Male
Kitten,Domestic Short Hair,Female
Kitten,Domestic Short Hair,Male
Kitten,Domestic Medium Hair,Female
Kitten,Domestic Long Hair Mix,Female
Kitten,Domestic Medium Hair,Female
Kitten,Domestic Short Hair,Male
Kitten,Domestic Short Hair,Male
Kitten,Domestic Short Hair,Female
Young,Tabby,Female
Kitten,Domestic Short Hair,Male
Kitten,Domestic Short Hair,Female
Kitten,Domestic Short Hair Mix,Female
Kitten,Domestic Short Hair,Male
Kitten,Domestic Short Hair,Female
Kitten,Domestic Short Hair,Male
Adult,Domestic Medium Hair Mix,Male
Kitten,Domestic Short Hair,Female
Kitten,Domestic Long Hair,Male
Adult,Domestic Short Hair Mix,Female
Kitten,Domestic Short Hair,Male
Kitten,Domestic Long Hair,Female
Young,Domestic Short Hair,Female
Young,Domestic Short Hair,Female
Adult,Domestic Short Hair,Male
Kitten,Domestic Short Hair,Female
Kitten,Domestic Long Hair,Male
Kitten,Domestic Long Hair,Male
Kitten,Domestic Medium Hair,Female
Kitten,Domestic Medium Hair,Female
Kitten,Domestic Long Hair,Female
Kitten,Domestic Short Hair,Female
Young,Domestic Short Hair,Female
Young,Domestic Short Hair,Male
Young,Domestic Short Hair,Female
Kitten,Domestic Short Hair,Female
Kitten,Domestic Short Hair,Female
Adult,Domestic Short Hair,Female
98,away,miles
Adult,Domestic Long Hair,Female
Adult,Domestic Short Hair Mix,Female
Kitten,Domestic Short Hair,Female
Adult,Domestic Short Hair,Female
Adult,Domestic Medium Hair,Female
Adult,Domestic Short Hair,Female
Kitten,Domestic Medium Hair,Male
Kitten,Domestic Short Hair,Female
Adult,Domestic Short Hair Mix,Female
Young,Domestic Short Hair,Female
Young,Domestic Short Hair,Female
Kitten,Domestic Short Hair,Male
Adult,Domestic Short Hair,Female
Kitten,Domestic Short Hair Mix,Female
Kitten,Domestic Short Hair Mix,Female
Kitten,Domestic Short Hair,Male
Kitten,Domestic Short Hair,Female
Kitten,Domestic Short Hair,Female
Adult,Domestic Medium Hair,Female
Adult,Domestic Short Hair,Female
Kitten,Domestic Short Hair,Female
Kitten,Domestic Short Hair,Male
Kitten,Domestic Short Hair Mix,Male
Kitten,Torbie Mix,Female
Kitten,Domestic Short Hair Mix,Female
Kitten,Domestic Short Hair,Female
Adult,Domestic Short Hair,Female
Adult,Domestic Short Hair Mix,Male
Kitten,Domestic Short Hair Mix,Female
Kitten,Domestic Short Hair & Tortoiseshell Mix,Female
Kitten,Domestic Short Hair & Calico Mix,Female
Kitten,Domestic Short Hair & Calico Mix,Female
98,away,miles
Kitten,Domestic Short Hair,Female
Kitten,Domestic Short Hair,Female
Kitten,Domestic Long Hair,Female
Young,Domestic Short Hair Mix,Female
Young,Domestic Short Hair,Male
Young,Domestic Short Hair Mix,Male
Kitten,Domestic Short Hair,Female
Kitten,Domestic Short Hair,Female
Kitten,Domestic Short Hair,Female
Kitten,Domestic Short Hair Mix,Male
Young,Domestic Short Hair,Male
Young,Domestic Short Hair Mix,Male
Young,Domestic Short Hair Mix,Male
Kitten,Domestic Short Hair Mix,Male
Kitten,Domestic Short Hair & Extra-Toes Cat / Hemingway Polydactyl Mix,Male
Kitten,Domestic Long Hair,Female
Young,Domestic Short Hair,Male
Young,Domestic Short Hair,Male
Kitten,Calico,Female
Young,Domestic Long Hair Mix,Female
Young,Domestic Short Hair & American Bobtail Mix,Female
Senior,Domestic Short Hair Mix,Male
Adult,American Shorthair Mix,Male
Kitten,Domestic Short Hair Mix,Male
Kitten,Domestic Short Hair Mix,Male
Kitten,Domestic Short Hair,Female
Kitten,Domestic Short Hair Mix,Female
Adult,Domestic Short Hair & Tabby Mix,Male
Kitten,Domestic Short Hair Mix,Male
Kitten,Domestic Short Hair,Male
Kitten,Domestic Short Hair,Male
Kitten,Domestic Short Hair,Male
Young,American Shorthair Mix,Female
Young,Domestic Short Hair,Female
Young,Domestic Short Hair & American Bobtail Mix,Female
Adult,Domestic Short Hair Mix,Female
Adult,Domestic Short Hair Mix,Female
98,away,miles
Adult,Domestic Short Hair Mix,Male
Adult,Domestic Short Hair Mix,Male
Adult,Tabby Mix,Male
Kitten,Domestic Short Hair,Male
Kitten,Domestic Short Hair,Male
Kitten,Domestic Short Hair,Female
Kitten,Domestic Short Hair,Male
Kitten,Domestic Short Hair,Female
Kitten,Domestic Short Hair,Female
Young,Domestic Short Hair,Female
Kitten,Domestic Short Hair Mix,Female
Kitten,Domestic Short Hair Mix,Female
98,away,miles
Adult,Domestic Short Hair & Siamese Mix,Male
Kitten,Domestic Short Hair Mix,Male
Kitten,Domestic Short Hair Mix,Male
98,away,miles
Kitten,Domestic Short Hair Mix,Female
98,away,miles
Adult,Domestic Short Hair,Female
Adult,Domestic Short Hair & Tabby Mix,Male
98,away,miles
98,away,miles
Adult,Domestic Short Hair & Tabby Mix,Male
Adult,Calico & Domestic Medium Hair Mix,Female
Adult,Domestic Medium Hair Mix,Male
Senior,American Shorthair Mix,Female
Adult,Domestic Short Hair,Female
Adult,American Shorthair,Male
Adult,Domestic Short Hair Mix,Male
Adult,Domestic Long Hair Mix,Male
Young,Domestic Short Hair & Extra-Toes Cat / Hemingway Polydactyl Mix,Male
Young,Domestic Short Hair,Male
Young,American Shorthair,Female
Kitten,Domestic Short Hair & Tabby Mix,Male
Young,American Shorthair,Female
Adult,Tuxedo Mix,Male
Young,Domestic Short Hair Mix,Female
Kitten,Domestic Short Hair Mix,Male
98,away,miles
98,away,miles
98,away,miles
Adult,Domestic Short Hair Mix,Male
98,away,miles
98,away,miles
98,away,miles
98,away,miles
98,away,miles
Young,Domestic Short Hair,Female
98,away,miles
98,away,miles
98,away,miles
98,away,miles
98,away,miles
Young,Domestic Short Hair Mix,Female
Young,Domestic Short Hair,Female
Kitten,Domestic Short Hair Mix,Female
Adult,Calico & Domestic Short Hair Mix,Female
Kitten,Domestic Short Hair Mix,Male
98,away,miles
Kitten,Domestic Short Hair Mix,Male
Adult,Domestic Short Hair Mix,Female
Kitten,Domestic Short Hair,Female
Kitten,Domestic Short Hair Mix,Female
Kitten,Domestic Short Hair Mix,Male
Adult,Domestic Short Hair,Male
Adult,Domestic Short Hair & Tabby Mix,Female
98,away,miles
Adult,Domestic Short Hair & Tabby Mix,Female
Young,Domestic Short Hair & Tabby Mix,Female
Adult,Domestic Short Hair,Female
Kitten,Domestic Short Hair & Tabby Mix,Female
Adult,Domestic Short Hair & Tabby Mix,Male
Kitten,Domestic Short Hair,Female
Kitten,Domestic Long Hair,Female
Kitten,Domestic Short Hair,Female
Kitten,Tabby,Male
Kitten,Domestic Short Hair,Male
Kitten,Domestic Long Hair,Male
Kitten,Domestic Short Hair,Female
Kitten,Tabby,Female
Adult,Domestic Short Hair,Male
Adult,Domestic Short Hair,Female
Adult,Domestic Long Hair,Female
Young,Domestic Short Hair,Female
Adult,Domestic Short Hair,Female
Adult,Domestic Short Hair,Male
Kitten,Extra-Toes Cat / Hemingway Polydactyl & Domestic Short Hair Mix,Male
Kitten,Domestic Medium Hair,Female
Young,Domestic Short Hair & Torbie Mix,Female
Adult,Torbie,Female
Kitten,Domestic Short Hair,Male
Kitten,Domestic Short Hair,Male
Kitten,Domestic Long Hair,Male
Kitten,Extra-Toes Cat / Hemingway Polydactyl & Domestic Short Hair Mix,Female
Young,Domestic Short Hair,Male
98,away,miles
Kitten,Domestic Short Hair,Male
Kitten,Domestic Short Hair,Female
Adult,Domestic Short Hair,Male
Adult,Domestic Short Hair,Male
Adult,Domestic Short Hair,Male
Adult,Domestic Short Hair,Male
Adult,Domestic Short Hair,Male
Adult,Domestic Long Hair & Dilute Calico Mix,Female
Adult,Domestic Short Hair,Male
Young,Domestic Short Hair,Female
Kitten,Domestic Short Hair,Female
Kitten,Domestic Medium Hair,Female
Kitten,Domestic Medium Hair,Female
Kitten,Domestic Short Hair,Female
Adult,Domestic Medium Hair,Female
Kitten,Domestic Short Hair,Female
Kitten,Domestic Short Hair,Female
Kitten,Domestic Short Hair,Female
Senior,Domestic Medium Hair,Female
Adult,Domestic Short Hair,Female
Kitten,Domestic Short Hair,Female
Kitten,Domestic Short Hair,Male
Kitten,Domestic Short Hair,Female
Kitten,Domestic Short Hair,Male
Kitten,Domestic Short Hair,Male
Kitten,Domestic Short Hair,Female
Kitten,Domestic Short Hair,Female
Kitten,Domestic Short Hair,Male
Adult,Domestic Short Hair,Male
Kitten,Domestic Short Hair,Female
Kitten,Domestic Short Hair,Male
Kitten,Domestic Short Hair,Female
98,away,miles
Young,Domestic Short Hair & Tabby Mix,Male
Young,Domestic Short Hair & Tabby Mix,Male
Kitten,Domestic Short Hair,Male
Adult,Domestic Short Hair,Male
Adult,Tuxedo & Domestic Short Hair Mix,Female
Kitten,Extra-Toes Cat / Hemingway Polydactyl,Female
Kitten,Extra-Toes Cat / Hemingway Polydactyl & Tabby Mix,Male
Kitten,Extra-Toes Cat / Hemingway Polydactyl & Domestic Short Hair Mix,Female
Kitten,Domestic Short Hair,Male
Kitten,Domestic Short Hair,Male
Kitten,Domestic Short Hair,Male
Adult,Domestic Short Hair,Female
98,away,miles
Kitten,Domestic Short Hair,Female
Adult,Domestic Short Hair,Female
Kitten,Domestic Short Hair,Male
Kitten,Domestic Short Hair,Male
Young,Domestic Short Hair,Male
Young,Domestic Short Hair,Male
Kitten,Domestic Short Hair,Female
Adult,Domestic Short Hair,Male
Adult,Domestic Short Hair,Female
98,away,miles
98,away,miles
Young,Domestic Short Hair,Male
Adult,Domestic Long Hair,Male
Kitten,Domestic Short Hair,Male
Kitten,Domestic Short Hair,Male
Kitten,Domestic Short Hair,Female
98,away,miles
Adult,Domestic Short Hair,Female
Kitten,Domestic Short Hair,Male
Young,Domestic Short Hair,Female
Adult,Domestic Short Hair,Female
Kitten,Domestic Short Hair,Female
Young,Domestic Short Hair,Female
Kitten,Domestic Short Hair,Female
98,away,miles
Senior,Domestic Short Hair & Dilute Tortoiseshell Mix,Female
Kitten,Domestic Short Hair,Male
Adult,Domestic Short Hair & American Bobtail Mix,Female
Kitten,Domestic Short Hair,Female
Kitten,Domestic Short Hair,Female
Adult,Domestic Short Hair,Male
Adult,Domestic Long Hair,Male
Kitten,Domestic Short Hair,Male
Kitten,Domestic Short Hair,Male
Kitten,Domestic Short Hair,Male
Kitten,Domestic Long Hair,Male
Kitten,Domestic Long Hair & Extra-Toes Cat / Hemingway Polydactyl Mix,Female
Kitten,Domestic Long Hair,Female
Kitten,Domestic Short Hair & Extra-Toes Cat / Hemingway Polydactyl Mix,Male
Kitten,Domestic Long Hair,Female
Kitten,Domestic Short Hair,Female
Kitten,Domestic Short Hair,Female
Adult,Domestic Short Hair,Male
Kitten,Domestic Short Hair,Female
Kitten,Domestic Short Hair,Female
Kitten,Domestic Short Hair,Female
Kitten,Domestic Short Hair,Male
Kitten,Domestic Short Hair,Male
Kitten,Domestic Short Hair,Male
Kitten,Domestic Short Hair,Female
Kitten,Domestic Long Hair,Female
Adult,Domestic Short Hair,Male
Senior,Extra-Toes Cat / Hemingway Polydactyl & Domestic Short Hair Mix,Female
Adult,Domestic Short Hair,Male
Adult,Domestic Short Hair,Male
Kitten,Domestic Long Hair & Tabby Mix,Female
Kitten,Domestic Short Hair,Male
Kitten,Domestic Short Hair,Male
Kitten,Domestic Short Hair,Male
Senior,Domestic Short Hair & Tabby Mix,Female
Adult,Extra-Toes Cat / Hemingway Polydactyl & Domestic Short Hair Mix,Male
Adult,Domestic Short Hair & Tabby Mix,Female
Adult,Domestic Short Hair,Male
Kitten,Domestic Short Hair,Male
Kitten,Domestic Short Hair,Male
98,away,miles
Kitten,Domestic Short Hair Mix,Male
Senior,Extra-Toes Cat / Hemingway Polydactyl & Domestic Short Hair Mix,Male
Kitten,Domestic Short Hair & Tortoiseshell Mix,Female
Adult,Domestic Short Hair Mix,Male
Young,Domestic Short Hair Mix,Male
Kitten,Domestic Short Hair & Tortoiseshell Mix,Female
Kitten,Domestic Short Hair & Tortoiseshell Mix,Female
Kitten,Domestic Short Hair Mix,Male
Young,Domestic Short Hair Mix,Female
98,away,miles
Senior,Domestic Long Hair Mix,Female
98,away,miles
Adult,Domestic Long Hair Mix,Male
98,away,miles
98,away,miles
Young,Domestic Short Hair Mix,Female
Adult,Domestic Long Hair Mix,Female
98,away,miles
98,away,miles
Adult,Domestic Short Hair Mix,Male
Adult,Domestic Short Hair Mix,Male
98,away,miles
Adult,Domestic Long Hair Mix,Male
Adult,Domestic Short Hair Mix,Female
Adult,Domestic Short Hair Mix,Male
Kitten,Domestic Short Hair Mix,Male
Adult,Domestic Short Hair Mix,Female
Kitten,Extra-Toes Cat / Hemingway Polydactyl & Domestic Short Hair Mix,Male
Kitten,Extra-Toes Cat / Hemingway Polydactyl & Domestic Short Hair Mix,Male
Kitten,Domestic Short Hair Mix,Female
Kitten,Domestic Short Hair Mix,Female
Adult,Domestic Short Hair Mix,Male
Kitten,Domestic Short Hair Mix,Male
Young,Domestic Short Hair Mix,Female
Kitten,Domestic Short Hair Mix,Male
Adult,Domestic Short Hair Mix,Female
Adult,Domestic Short Hair Mix,Female
Adult,Domestic Short Hair & Tabby Mix,Male
Adult,Domestic Short Hair Mix,Male
Adult,Domestic Medium Hair & Calico Mix,Female
Kitten,Domestic Short Hair Mix,Male
Kitten,Domestic Short Hair Mix,Male
Kitten,Domestic Short Hair Mix,Male
Adult,Domestic Short Hair Mix,Male
98,away,miles
Kitten,Domestic Short Hair Mix,Male
Kitten,Domestic Short Hair Mix,Female
Kitten,Domestic Short Hair & Tortoiseshell Mix,Female
Kitten,Tabby Mix,Male
Adult,Domestic Short Hair Mix,Female
Adult,Domestic Long Hair Mix,Male
Adult,Domestic Short Hair Mix,Female
Adult,Domestic Short Hair Mix,Male
Adult,Domestic Short Hair Mix,Male
Kitten,Domestic Short Hair & Torbie Mix,Female
Kitten,Domestic Short Hair Mix,Female
Kitten,Domestic Short Hair Mix,Female
Kitten,Domestic Short Hair Mix,Male
Adult,Domestic Medium Hair & Tortoiseshell Mix,Female
Kitten,Domestic Short Hair & Tabby Mix,Female
Adult,Domestic Short Hair & Tabby Mix,Female
98,away,miles
98,away,miles
Young,Extra-Toes Cat / Hemingway Polydactyl & Domestic Short Hair Mix,Male
Kitten,Domestic Short Hair Mix,Male
Adult,Extra-Toes Cat / Hemingway Polydactyl & Domestic Short Hair Mix,Male
Adult,Domestic Short Hair & Calico Mix,Female
Adult,Domestic Short Hair Mix,Female
Adult,Domestic Short Hair & Tabby Mix,Male
Kitten,Extra-Toes Cat / Hemingway Polydactyl & Domestic Short Hair Mix,Female
Kitten,Extra-Toes Cat / Hemingway Polydactyl & Domestic Short Hair Mix,Female
Kitten,Extra-Toes Cat / Hemingway Polydactyl & Domestic Short Hair Mix,Female
Adult,Domestic Short Hair Mix,Male
Kitten,Domestic Short Hair & Tabby Mix,Male
Kitten,Domestic Short Hair & Torbie Mix,Female
98,away,miles
Adult,Domestic Short Hair & Tabby Mix,Male
Adult,Domestic Short Hair & Tabby Mix,Male
Kitten,Domestic Short Hair Mix,Female
Adult,Domestic Short Hair Mix,Female
Young,Domestic Short Hair Mix,Female
Young,Domestic Long Hair Mix,Male
Adult,Domestic Medium Hair,Female
Young,Domestic Short Hair & Tuxedo Mix,Female
Kitten,Domestic Short Hair Mix,Male
Kitten,Domestic Short Hair Mix,Male
Adult,Domestic Short Hair Mix,Female
Adult,Domestic Medium Hair,Male
Adult,Domestic Long Hair Mix,Male
Adult,Domestic Short Hair & Tabby Mix,Male
Adult,Domestic Short Hair & Tabby Mix,Female
98,away,miles
Kitten,Domestic Short Hair Mix,Female
Kitten,Domestic Short Hair Mix,Male
Kitten,Domestic Short Hair Mix,Male
Kitten,Domestic Short Hair Mix,Male
Young,Domestic Short Hair Mix,Female
Adult,Domestic Short Hair & Tabby Mix,Male
Young,Domestic Short Hair Mix,Female
Adult,Domestic Short Hair Mix,Male
Adult,Domestic Long Hair Mix,Female
Kitten,Domestic Short Hair Mix,Female
Adult,Domestic Short Hair Mix,Male
Kitten,Domestic Short Hair Mix,Male
Kitten,Domestic Short Hair Mix,Female
Kitten,Domestic Short Hair Mix,Male
Adult,Domestic Long Hair Mix,Male
Adult,Domestic Short Hair & Tabby Mix,Female
98,away,miles
Adult,Domestic Short Hair Mix,Female
Kitten,Domestic Medium Hair Mix,Male
Kitten,Domestic Medium Hair,Female
Adult,Domestic Short Hair & Extra-Toes Cat / Hemingway Polydactyl Mix,Male
Kitten,Domestic Medium Hair Mix,Male
Kitten,Domestic Short Hair Mix,Male
Kitten,Domestic Short Hair Mix,Female
Kitten,Domestic Short Hair Mix,Female
Kitten,Domestic Long Hair,Female
Young,Extra-Toes Cat / Hemingway Polydactyl & Domestic Short Hair Mix,Male
Kitten,Domestic Short Hair Mix,Female
Young,Domestic Short Hair Mix,Male
Young,Domestic Short Hair Mix,Female
Adult,Domestic Short Hair Mix,Female
Kitten,Domestic Short Hair Mix,Male
Kitten,Domestic Short Hair Mix,Female
Kitten,Domestic Short Hair Mix,Female
98,away,miles
Adult,Domestic Short Hair,Female
Kitten,Domestic Short Hair & Calico Mix,Female
Adult,Domestic Short Hair & Calico Mix,Female
98,away,miles
Senior,Domestic Short Hair Mix,Female
Kitten,Domestic Short Hair & Calico Mix,Female
Kitten,Domestic Short Hair Mix,Male
Kitten,Domestic Short Hair & Tabby Mix,Male
Kitten,Domestic Short Hair & Calico Mix,Female
Kitten,Domestic Short Hair Mix,Male
Kitten,Domestic Short Hair & Dilute Calico Mix,Female
Kitten,Domestic Short Hair Mix,Male
Adult,Tabby Mix,Male
Adult,Domestic Short Hair Mix,Male
98,away,miles
Adult,Domestic Short Hair & Tabby Mix,Female
Kitten,Domestic Short Hair Mix,Male
Kitten,Domestic Short Hair Mix,Male
Kitten,Domestic Short Hair Mix,Female
Adult,Domestic Short Hair,Male
Adult,Domestic Short Hair & Tabby Mix,Male
Adult,Domestic Short Hair Mix,Male
Adult,Domestic Short Hair Mix,Female
98,away,miles
Adult,Domestic Short Hair Mix,Male
Adult,Domestic Short Hair Mix,Female
Adult,Domestic Short Hair Mix,Female
Adult,Domestic Short Hair & Tabby Mix,Female
Young,Domestic Short Hair Mix,Female
98,away,miles
Adult,Domestic Short Hair Mix,Male
Senior,Domestic Short Hair Mix,Female
98,away,miles
98,away,miles
98,away,miles
Adult,Domestic Short Hair,Male
Kitten,Domestic Short Hair Mix,Male
Young,Domestic Short Hair Mix,Male
Young,Domestic Short Hair Mix,Female
Adult,Domestic Short Hair & Tabby Mix,Female
Senior,Domestic Long Hair Mix,Male
Kitten,Domestic Short Hair & Tortoiseshell Mix,Female
Adult,Domestic Short Hair & Tabby Mix,Female
Adult,Domestic Medium Hair Mix,Male
Adult,Domestic Short Hair Mix,Female
Adult,Domestic Short Hair Mix,Female
Senior,Domestic Long Hair Mix,Female
Adult,Domestic Short Hair Mix,Female
Adult,Domestic Long Hair & Sphynx / Hairless Cat Mix,Female
Kitten,Domestic Short Hair & American Shorthair Mix,Male
Kitten,Domestic Short Hair & Tortoiseshell Mix,Female
Kitten,Domestic Short Hair & Dilute Tortoiseshell Mix,Female
Kitten,Domestic Short Hair & Tortoiseshell Mix,Female
Kitten,Domestic Short Hair Mix,Female
Kitten,Domestic Short Hair Mix,Male
Kitten,Domestic Short Hair,Male
Kitten,Domestic Short Hair Mix,Male
Kitten,Domestic Short Hair Mix,Male
Kitten,Domestic Short Hair Mix,Male
Kitten,Domestic Short Hair Mix,Male
Adult,Domestic Short Hair Mix,Male
Adult,Domestic Short Hair & Tabby Mix,Male
Adult,Domestic Short Hair Mix,Male
Senior,Domestic Short Hair Mix,Female
Adult,Domestic Short Hair Mix,Male
Adult,Domestic Short Hair & Siamese Mix,Female
Young,Domestic Short Hair Mix,Female
98,away,miles
Adult,Extra-Toes Cat / Hemingway Polydactyl & Domestic Medium Hair Mix,Female
Adult,Domestic Short Hair Mix,Female
Kitten,Domestic Short Hair & Extra-Toes Cat / Hemingway Polydactyl Mix,Male
Senior,Domestic Short Hair Mix,Female
Adult,Domestic Medium Hair Mix,Female
Kitten,Domestic Short Hair Mix,Male
Kitten,Domestic Short Hair Mix,Male
Kitten,Domestic Short Hair Mix,Female
Kitten,Domestic Short Hair Mix,Male
Kitten,Domestic Short Hair Mix,Male
Kitten,Domestic Short Hair Mix,Female
98,away,miles
Senior,Domestic Short Hair Mix,Female
Adult,Domestic Short Hair Mix,Female
Young,Domestic Short Hair Mix,Female
Kitten,Domestic Long Hair Mix,Male
Kitten,Domestic Long Hair,Male
Kitten,Domestic Short Hair Mix,Male
Kitten,Domestic Short Hair Mix,Female
Adult,Domestic Short Hair Mix,Male
Adult,Extra-Toes Cat / Hemingway Polydactyl & Domestic Short Hair Mix,Female
Kitten,Extra-Toes Cat / Hemingway Polydactyl & Domestic Short Hair Mix,Male
Kitten,Domestic Long Hair Mix,Male
Kitten,Domestic Short Hair Mix,Female
Kitten,Domestic Short Hair Mix,Male
Adult,Domestic Short Hair & Torbie Mix,Female
Kitten,Domestic Short Hair Mix,Male
Adult,Domestic Short Hair Mix,Female
Adult,Domestic Long Hair & Dilute Tortoiseshell Mix,Female
Adult,Domestic Long Hair Mix,Female
Kitten,Domestic Short Hair Mix,Female
Young,Domestic Short Hair Mix,Male
Kitten,Domestic Medium Hair Mix,Female
Kitten,Domestic Short Hair Mix,Female
Young,Domestic Short Hair Mix,Female
Adult,Domestic Short Hair Mix,Male
Senior,Domestic Short Hair,Female
Adult,Domestic Medium Hair & Calico Mix,Female
Adult,Domestic Short Hair Mix,Female
Kitten,Domestic Short Hair,Female
Kitten,Domestic Short Hair Mix,Male
Kitten,Domestic Short Hair Mix,Male
Kitten,Domestic Short Hair Mix,Male
98,away,miles
Kitten,Domestic Medium Hair Mix,Male
Kitten,Domestic Medium Hair Mix,Male
Kitten,Domestic Medium Hair Mix,Male
Kitten,Domestic Long Hair Mix,Female
Kitten,Domestic Long Hair,Female
Kitten,Domestic Medium Hair Mix,Female
Kitten,Domestic Long Hair Mix,Female
Kitten,Domestic Long Hair Mix,Male
Senior,Domestic Short Hair Mix,Female
Kitten,Domestic Long Hair Mix,Female
Kitten,Extra-Toes Cat / Hemingway Polydactyl & Calico Mix,Female
Kitten,Domestic Short Hair & Tuxedo Mix,Female
Adult,Domestic Short Hair Mix,Male
Young,Domestic Short Hair Mix,Male
Adult,Domestic Short Hair & Dilute Tortoiseshell Mix,Female
Senior,Domestic Short Hair Mix,Female
Senior,Domestic Short Hair Mix,Female
Kitten,Domestic Short Hair & Extra-Toes Cat / Hemingway Polydactyl Mix,Male
Adult,British Shorthair & Tabby Mix,Female
Adult,Domestic Short Hair & Tabby Mix,Male
Kitten,Domestic Medium Hair Mix,Male
Kitten,Domestic Medium Hair & Calico Mix,Female
Young,Domestic Short Hair Mix,Female
Adult,Domestic Short Hair Mix,Female
Young,Domestic Short Hair Mix,Female
Adult,Domestic Long Hair & Tabby Mix,Male
Adult,Domestic Short Hair Mix,Male
Kitten,Domestic Short Hair Mix,Male
98,away,miles
Kitten,Domestic Short Hair Mix,Female
Adult,Domestic Short Hair Mix,Female
Kitten,Domestic Medium Hair Mix,Female
Kitten,Domestic Medium Hair Mix,Male
Kitten,Domestic Short Hair Mix,Male
Kitten,Domestic Short Hair Mix,Female
Kitten,Domestic Short Hair Mix,Male
Kitten,Domestic Short Hair Mix,Female
Adult,Extra-Toes Cat / Hemingway Polydactyl & Tabby Mix,Male
Adult,Domestic Short Hair,Female
Kitten,Domestic Short Hair & Tabby Mix,Male
Kitten,Domestic Short Hair Mix,Female
Kitten,Domestic Short Hair Mix,Male
Kitten,Domestic Medium Hair Mix,Female
Adult,Domestic Short Hair Mix,Female
Kitten,Domestic Short Hair & Dilute Calico Mix,Female
Kitten,Domestic Short Hair Mix,Female
Kitten,Domestic Short Hair & Tabby Mix,Male
Adult,Domestic Short Hair Mix,Male
Adult,Domestic Short Hair Mix,Male
Kitten,Domestic Medium Hair Mix,Male
Adult,Domestic Long Hair & Tortoiseshell Mix,Female
Adult,Domestic Short Hair Mix,Female
Kitten,Domestic Long Hair & Calico Mix,Female
Kitten,Domestic Short Hair & Calico Mix,Female
Kitten,Domestic Long Hair Mix,Male
98,away,miles
Adult,Domestic Short Hair & Dilute Tortoiseshell Mix,Female
Kitten,Domestic Long Hair & Torbie Mix,Female
Kitten,Domestic Long Hair Mix,Female
Kitten,Domestic Short Hair Mix,Male
Kitten,Domestic Short Hair Mix,Female
Kitten,Domestic Short Hair Mix,Male
Adult,Domestic Short Hair Mix,Male
Adult,Domestic Short Hair Mix,Male
Kitten,Domestic Long Hair Mix,Male
Young,Domestic Long Hair & Tabby Mix,Male
Kitten,Torbie & Calico Mix,Female
Kitten,Domestic Long Hair & Calico Mix,Female
Adult,Domestic Short Hair Mix,Female
Adult,Domestic Long Hair & Tabby Mix,Female
Adult,Domestic Short Hair & Dilute Calico Mix,Female
Kitten,Domestic Short Hair & Dilute Calico Mix,Female
Kitten,Domestic Short Hair Mix,Female
Kitten,Domestic Short Hair Mix,Female
98,away,miles
Adult,Domestic Long Hair Mix,Male
Kitten,Domestic Medium Hair Mix,Male
Kitten,Domestic Medium Hair Mix,Male
Kitten,Domestic Short Hair Mix,Male
Kitten,Domestic Short Hair Mix,Male
Kitten,Domestic Short Hair Mix,Male
98,away,miles
Kitten,Domestic Short Hair Mix,Female
Young,Domestic Short Hair Mix,Male
Adult,Domestic Short Hair Mix,Male
Young,Domestic Short Hair Mix,Male
Adult,Domestic Short Hair Mix,Female
Adult,Domestic Long Hair & Tortoiseshell Mix,Female
98,away,miles
Kitten,Domestic Short Hair & Tabby Mix,Female
Kitten,Domestic Short Hair & Tabby Mix,Female
Kitten,Domestic Short Hair Mix,Female
Kitten,Domestic Short Hair Mix,Male
Adult,Domestic Short Hair Mix,Male
Adult,Domestic Short Hair Mix,Female
Senior,Domestic Short Hair,Female
98,away,miles
98,away,miles
Young,Domestic Short Hair Mix,Male
Adult,Domestic Medium Hair Mix,Female
Young,Domestic Medium Hair,Female
Young,Domestic Short Hair & Tabby Mix,Female
Adult,Domestic Short Hair Mix,Male
Young,Tabby Mix,Male
Adult,Tabby Mix,Male
98,away,miles
Young,Domestic Short Hair & Tabby Mix,Male
Adult,Domestic Short Hair Mix,Male
98,away,miles
98,away,miles
Adult,Domestic Short Hair Mix,Male
Adult,Domestic Short Hair Mix,Male
Adult,Domestic Short Hair & Dilute Calico Mix,Female
Kitten,Domestic Short Hair Mix,Male
Kitten,Domestic Short Hair Mix,Male
Young,Extra-Toes Cat / Hemingway Polydactyl & Domestic Short Hair Mix,Male
Adult,Domestic Long Hair Mix,Male
Kitten,Domestic Medium Hair Mix,Male
Kitten,Domestic Short Hair Mix,Male
Kitten,Domestic Short Hair Mix,Male
Kitten,Domestic Short Hair Mix,Male
98,away,miles
Kitten,Domestic Short Hair Mix,Female
Young,Domestic Short Hair Mix,Male
Adult,Domestic Short Hair Mix,Male
Young,Domestic Short Hair Mix,Male
Adult,Domestic Short Hair Mix,Female
Adult,Domestic Long Hair & Tortoiseshell Mix,Female
98,away,miles
Kitten,Domestic Short Hair & Tabby Mix,Female
Kitten,Domestic Short Hair & Tabby Mix,Female
Kitten,Domestic Short Hair Mix,Female
Kitten,Domestic Short Hair Mix,Male
Adult,Domestic Short Hair Mix,Male
Adult,Domestic Short Hair Mix,Female
Senior,Domestic Short Hair,Female
98,away,miles
98,away,miles
Young,Domestic Short Hair Mix,Male
Adult,Domestic Medium Hair Mix,Female
Young,Domestic Medium Hair,Female
Young,Domestic Short Hair & Tabby Mix,Female
Adult,Domestic Short Hair Mix,Male
Young,Tabby Mix,Male
Adult,Tabby Mix,Male
98,away,miles
Young,Domestic Short Hair & Tabby Mix,Male
Adult,Domestic Short Hair Mix,Male
98,away,miles
98,away,miles
Adult,Domestic Short Hair Mix,Male
Adult,Domestic Short Hair Mix,Male
Adult,Domestic Short Hair & Dilute Calico Mix,Female
Kitten,Domestic Short Hair Mix,Male
Kitten,Domestic Short Hair Mix,Male
Young,Extra-Toes Cat / Hemingway Polydactyl & Domestic Short Hair Mix,Male
Adult,Domestic Long Hair Mix,Male
Kitten,Domestic Short Hair,Female
Kitten,Domestic Short Hair Mix,Male
Kitten,Domestic Short Hair Mix,Male
Adult,Domestic Short Hair & Domestic Medium Hair Mix,Female
Adult,Domestic Short Hair Mix,Male
Senior,Domestic Long Hair Mix,Female
Adult,Domestic Short Hair Mix,Female
Young,Domestic Short Hair & Calico Mix,Female
Young,Domestic Medium Hair & Tortoiseshell Mix,Female
Adult,Domestic Long Hair Mix,Male
Kitten,Domestic Short Hair Mix,Female
Kitten,Domestic Short Hair Mix,Female
Senior,Domestic Short Hair Mix,Male
Kitten,Domestic Medium Hair Mix,Female
Young,Domestic Short Hair & Dilute Tortoiseshell Mix,Female
Kitten,Domestic Short Hair Mix,Female
Young,Domestic Short Hair & Dilute Calico Mix,Female
Senior,Domestic Long Hair Mix,Male
Senior,Domestic Long Hair Mix,Male
Kitten,Domestic Medium Hair Mix,Female
Kitten,Domestic Short Hair,Male
Kitten,Domestic Short Hair Mix,Male
Senior,Domestic Short Hair Mix,Female
Kitten,Domestic Short Hair Mix,Female
Kitten,Domestic Short Hair Mix,Female
Kitten,Domestic Short Hair Mix,Male
Kitten,Domestic Short Hair Mix,Male
Kitten,Domestic Short Hair Mix,Female
Adult,Domestic Short Hair Mix,Female
Kitten,Domestic Short Hair Mix,Female
Young,Domestic Short Hair Mix,Male
Kitten,Domestic Short Hair Mix,Male
Senior,Domestic Short Hair Mix,Female
Kitten,Domestic Medium Hair Mix,Female
Kitten,Domestic Short Hair Mix,Female
Kitten,Domestic Short Hair Mix,Male
Kitten,Domestic Short Hair Mix,Male
Kitten,Domestic Short Hair Mix,Male
Kitten,Domestic Short Hair Mix,Female
Kitten,Domestic Medium Hair Mix,Male
Kitten,Domestic Long Hair Mix,Female
Kitten,Domestic Medium Hair Mix,Female
Senior,Domestic Short Hair Mix,Male
Kitten,Domestic Medium Hair Mix,Female
Senior,Extra-Toes Cat / Hemingway Polydactyl & Domestic Long Hair Mix,Male
Adult,Domestic Short Hair Mix,Female
Senior,Domestic Short Hair Mix,Male
Adult,Domestic Short Hair Mix,Female
Kitten,Domestic Short Hair Mix,Male
Adult,Domestic Medium Hair,Female
Kitten,Domestic Short Hair Mix,Male
Kitten,Domestic Short Hair Mix,Female
Kitten,Domestic Short Hair Mix,Male
Kitten,Domestic Short Hair,Male
Senior,Domestic Short Hair Mix,Female
Senior,Domestic Short Hair,Female
Kitten,Domestic Short Hair Mix,Female
Kitten,Domestic Short Hair,Female
Kitten,Domestic Short Hair Mix,Male
Kitten,Domestic Short Hair,Female
Kitten,Domestic Short Hair,Male
Kitten,Domestic Medium Hair,Female
Kitten,Domestic Short Hair Mix,Female
Senior,Domestic Short Hair Mix,Male
Adult,Domestic Long Hair Mix,Female
Kitten,Domestic Short Hair Mix,Male
Kitten,Domestic Short Hair Mix,Male
Kitten,Domestic Medium Hair Mix,Male
Kitten,Domestic Medium Hair Mix,Female
Adult,Domestic Short Hair Mix,Female
Kitten,Domestic Short Hair Mix,Male
Kitten,Domestic Short Hair Mix,Male
Kitten,Domestic Short Hair Mix,Female
Adult,Domestic Short Hair Mix,Female
Senior,Domestic Short Hair Mix,Female
Adult,Domestic Short Hair Mix,Male
Kitten,Domestic Short Hair Mix,Female
Kitten,Domestic Short Hair Mix,Male
Kitten,Domestic Short Hair & Tortoiseshell Mix,Female
Kitten,Domestic Short Hair Mix,Male
Kitten,Domestic Short Hair & Tortoiseshell Mix,Female
Kitten,Domestic Short Hair & Calico Mix,Female
Kitten,Domestic Short Hair Mix,Male
Kitten,Domestic Medium Hair Mix,Male
Adult,Domestic Short Hair Mix,Male
Kitten,Domestic Short Hair Mix,Female
Adult,Domestic Short Hair Mix,Male
Adult,Domestic Short Hair Mix,Female
Senior,Domestic Short Hair Mix,Female
Senior,Domestic Short Hair Mix,Female
Young,Domestic Short Hair Mix,Female
Adult,Domestic Short Hair Mix,Male
Adult,Domestic Short Hair Mix,Female
Adult,Domestic Short Hair Mix,Male
Young,Domestic Short Hair Mix,Female
Young,Domestic Short Hair Mix,Male
Young,Domestic Long Hair Mix,Female
Kitten,Domestic Short Hair Mix,Female
Kitten,Domestic Short Hair Mix,Male
Adult,Domestic Short Hair Mix,Male
Adult,Domestic Short Hair Mix,Female
Young,Domestic Short Hair Mix,Female
Kitten,Domestic Short Hair Mix,Male
Kitten,Domestic Short Hair Mix,Male
Kitten,Domestic Short Hair Mix,Male
Kitten,Domestic Short Hair,Male
Senior,Tortoiseshell Mix,Female
Adult,Domestic Long Hair Mix,Female
Adult,Domestic Short Hair Mix,Male
Kitten,Domestic Long Hair Mix,Female
Kitten,Domestic Long Hair Mix,Female
Adult,Domestic Short Hair Mix,Male
Kitten,Domestic Short Hair Mix,Male
98,away,miles
Kitten,Domestic Short Hair,Female
Kitten,Domestic Short Hair Mix,Female
Kitten,Domestic Short Hair Mix,Male
Kitten,Domestic Short Hair,Female
Adult,Domestic Short Hair Mix,Male
Kitten,Domestic Long Hair Mix,Male
Young,Domestic Short Hair Mix,Male
Young,Domestic Short Hair & Tabby Mix,Male
Kitten,Domestic Short Hair Mix,Female
Kitten,Domestic Short Hair Mix,Male
Kitten,Domestic Short Hair Mix,Male
Adult,Domestic Short Hair Mix,Male
Adult,Domestic Short Hair & Extra-Toes Cat / Hemingway Polydactyl Mix,Male
Adult,Domestic Short Hair Mix,Female
Adult,Domestic Short Hair Mix,Female
Adult,Domestic Short Hair Mix,Female
Kitten,Domestic Short Hair Mix,Male
98,away,miles
Kitten,Domestic Short Hair Mix,Female
Kitten,Domestic Short Hair Mix,Female
Senior,Domestic Short Hair Mix,Male
Adult,Domestic Short Hair Mix,Female
Adult,Domestic Short Hair Mix,Female
Adult,Domestic Short Hair Mix,Male
Adult,Domestic Long Hair Mix,Female
98,away,miles
Young,Domestic Long Hair & Tortoiseshell Mix,Female
98,away,miles
Adult,Domestic Short Hair,Male
Adult,Domestic Short Hair Mix,Male
Kitten,Domestic Short Hair Mix,Male
Kitten,Domestic Short Hair Mix,Male
Kitten,Domestic Short Hair Mix,Female
Kitten,Domestic Short Hair Mix,Male
Kitten,Domestic Short Hair Mix,Female
Kitten,Domestic Short Hair Mix,Male
Kitten,Domestic Short Hair Mix,Female
Kitten,Domestic Short Hair Mix,Male
Adult,Domestic Short Hair Mix,Female
Adult,Domestic Medium Hair Mix,Male
Kitten,Domestic Short Hair Mix,Male
Kitten,Domestic Short Hair Mix,Male
Adult,Domestic Short Hair Mix,Male
Kitten,Domestic Short Hair Mix,Female
Kitten,Domestic Short Hair Mix,Male
Adult,Domestic Short Hair Mix,Male
Adult,Domestic Short Hair,Female
Adult,Domestic Short Hair Mix,Female
Adult,Domestic Short Hair Mix,Female
Adult,Domestic Short Hair & Dilute Tortoiseshell Mix,Female
Adult,Domestic Short Hair Mix,Female
Kitten,Domestic Short Hair Mix,Female
Kitten,Domestic Short Hair Mix,Female
Kitten,Domestic Short Hair Mix,Female
Kitten,Domestic Short Hair Mix,Female
Kitten,Domestic Short Hair & Dilute Calico Mix,Female
Young,Domestic Short Hair & Calico Mix,Female
Kitten,Domestic Medium Hair Mix,Female
Adult,Domestic Short Hair Mix,Female
Kitten,Domestic Short Hair Mix,Male
Kitten,Domestic Short Hair Mix,Female
Kitten,Domestic Medium Hair Mix,Female
Kitten,Domestic Medium Hair Mix,Female
Kitten,Domestic Short Hair Mix,Male
Kitten,Domestic Short Hair Mix,Male
Kitten,Domestic Short Hair Mix,Male
Kitten,Domestic Short Hair Mix,Female
Kitten,Domestic Short Hair Mix,Female
Kitten,Domestic Short Hair Mix,Female
Kitten,Domestic Short Hair Mix,Female
Kitten,Domestic Short Hair,Male
98,away,miles
Adult,Domestic Long Hair & Tabby Mix,Male
Senior,Domestic Short Hair Mix,Female
Adult,Extra-Toes Cat / Hemingway Polydactyl & Tabby Mix,Female
Young,Domestic Short Hair Mix,Male
98,away,miles
Adult,Domestic Medium Hair Mix,Male
Adult,Domestic Short Hair Mix,Male
Young,Domestic Short Hair Mix,Female
98,away,miles
Kitten,Domestic Medium Hair Mix,Male
Kitten,Domestic Short Hair Mix,Male
Adult,Domestic Short Hair,Female
Kitten,Domestic Medium Hair Mix,Male
Kitten,Domestic Short Hair,Male
Adult,Domestic Medium Hair & Dilute Tortoiseshell Mix,Female
98,away,miles
Adult,Domestic Short Hair Mix,Female
98,away,miles
Kitten,Domestic Short Hair Mix,Female
Kitten,Domestic Short Hair Mix,Female
Kitten,Domestic Short Hair,Male
Adult,Domestic Short Hair Mix,Female
Young,Domestic Short Hair & American Bobtail Mix,Male
Adult,Domestic Medium Hair Mix,Female
Adult,Domestic Short Hair Mix,Female
Adult,Domestic Short Hair Mix,Male
Adult,Extra-Toes Cat / Hemingway Polydactyl Mix,Female
Adult,Extra-Toes Cat / Hemingway Polydactyl Mix,Male
Kitten,Domestic Short Hair Mix,Male
Kitten,Domestic Short Hair & Torbie Mix,Female
Kitten,Domestic Short Hair,Female
Young,Domestic Short Hair Mix,Female
Young,Domestic Short Hair Mix,Female
Young,Domestic Long Hair Mix,Female
98,away,miles
Senior,Domestic Long Hair Mix,Male
Adult,Domestic Short Hair Mix,Female
Kitten,Domestic Short Hair,Female
Kitten,Domestic Short Hair Mix,Male
Kitten,Domestic Short Hair Mix,Female
Adult,Domestic Short Hair & Extra-Toes Cat / Hemingway Polydactyl Mix,Female
Adult,Domestic Short Hair,Male
Adult,Domestic Short Hair Mix,Female
Adult,Domestic Short Hair Mix,Female
Kitten,Domestic Short Hair Mix,Female
Kitten,Domestic Short Hair,Male
Kitten,Domestic Short Hair Mix,Male
Kitten,Domestic Short Hair Mix,Female
Kitten,Domestic Short Hair Mix,Female
Kitten,Domestic Short Hair Mix,Female
Kitten,Domestic Short Hair,Male
Kitten,Domestic Short Hair Mix,Female
Kitten,Domestic Short Hair Mix,Male
Kitten,Domestic Short Hair Mix,Male
Kitten,Domestic Short Hair & Calico Mix,Female
Kitten,Domestic Short Hair & Calico Mix,Female
Kitten,Domestic Short Hair & Calico Mix,Female
Kitten,Domestic Short Hair Mix,Male
Kitten,Domestic Short Hair Mix,Female
Kitten,Domestic Short Hair Mix,Male
Adult,Domestic Long Hair,Male
Adult,Domestic Long Hair Mix,Male
Kitten,Domestic Short Hair,Female
Young,Domestic Short Hair Mix,Female
Young,Domestic Short Hair,Male
Kitten,Domestic Short Hair Mix,Male
Kitten,Domestic Short Hair & Siamese Mix,Male
Kitten,Domestic Short Hair Mix,Male
Kitten,Domestic Short Hair Mix,Male
Kitten,Domestic Short Hair Mix,Male
Kitten,Domestic Short Hair Mix,Male
Kitten,Domestic Short Hair Mix,Female
Kitten,Domestic Short Hair Mix,Male
Kitten,Domestic Short Hair & Extra-Toes Cat / Hemingway Polydactyl Mix,Male
Adult,Domestic Short Hair,Male
Senior,Domestic Short Hair & Calico Mix,Female
Kitten,Domestic Short Hair & Tabby Mix,Male
Adult,Domestic Short Hair Mix,Male
Adult,Domestic Short Hair Mix,Female
Young,Domestic Long Hair Mix,Male
Adult,Domestic Short Hair Mix,Male
Young,Domestic Short Hair Mix,Female
Kitten,Domestic Short Hair Mix,Female
Senior,Domestic Short Hair Mix,Male
Adult,Domestic Short Hair Mix,Male
Senior,Domestic Short Hair Mix,Female
Adult,Domestic Short Hair,Female
Kitten,Domestic Short Hair Mix,Male
Kitten,Domestic Short Hair Mix,Female
98,away,miles
98,away,miles
98,away,miles
98,away,miles
98,away,miles
98,away,miles
98,away,miles
98,away,miles
Young,Domestic Short Hair Mix,Male
Young,Domestic Short Hair Mix,Male
Young,Domestic Short Hair,Male
98,away,miles
Young,Domestic Short Hair,Female
Young,Domestic Short Hair,Female
98,away,miles
Adult,Domestic Short Hair,Female
Kitten,Domestic Short Hair,Female
Kitten,Domestic Short Hair,Female
Adult,Domestic Short Hair & Tortoiseshell Mix,Female
Adult,Domestic Short Hair Mix,Female
Kitten,Domestic Short Hair,Female
Kitten,Domestic Short Hair,Male
Kitten,Domestic Short Hair Mix,Female
Adult,Domestic Long Hair Mix,Female
Senior,Domestic Long Hair & Calico Mix,Female
Young,Domestic Short Hair Mix,Female
Young,Domestic Short Hair Mix,Female
Adult,Domestic Long Hair Mix,Female
Adult,Domestic Long Hair Mix,Female
Kitten,Domestic Short Hair Mix,Male
Kitten,Domestic Short Hair Mix,Male
Adult,Domestic Short Hair Mix,Male
Adult,Domestic Short Hair & Tabby Mix,Male
Young,Domestic Short Hair & Calico Mix,Female
Adult,Domestic Long Hair,Male
Adult,Domestic Short Hair Mix,Male
Kitten,Domestic Short Hair Mix,Female
Kitten,Domestic Short Hair Mix,Male
Kitten,Domestic Short Hair & Tabby Mix,Female
Kitten,Domestic Short Hair,Male
Kitten,Domestic Short Hair Mix,Female
Kitten,Domestic Short Hair Mix,Male
Kitten,Domestic Short Hair & Calico Mix,Female
Kitten,Domestic Short Hair Mix,Male
Kitten,Domestic Short Hair Mix,Male
98,away,miles
Kitten,Domestic Short Hair,Male
98,away,miles
Kitten,Domestic Short Hair Mix,Male
Kitten,Domestic Short Hair Mix,Female
Kitten,Domestic Short Hair & Tabby Mix,Female
Young,Domestic Short Hair,Male
Adult,Domestic Long Hair Mix,Female
Adult,Extra-Toes Cat / Hemingway Polydactyl & Domestic Long Hair Mix,Female
98,away,miles
Adult,Domestic Short Hair Mix,Male
Young,Domestic Short Hair Mix,Female
Adult,Domestic Short Hair Mix,Female
Adult,Domestic Short Hair Mix,Female
Adult,Domestic Long Hair Mix,Male
Senior,Domestic Short Hair Mix,Female
Adult,Domestic Short Hair Mix,Male
Kitten,Domestic Medium Hair Mix,Female
Kitten,Domestic Short Hair & Tabby Mix,Male
98,away,miles
98,away,miles
Kitten,Domestic Short Hair Mix,Male
Kitten,Dilute Calico Mix,Female
Kitten,Domestic Short Hair Mix,Male
Kitten,Domestic Short Hair,Male
Kitten,Domestic Short Hair,Male
98,away,miles
Senior,Domestic Short Hair,Male
Adult,Domestic Short Hair Mix,Female
98,away,miles
Kitten,Domestic Short Hair,Male
Young,Domestic Short Hair,Male
Young,Domestic Short Hair,Male
Young,Domestic Short Hair Mix,Female
Kitten,Domestic Short Hair & Tabby Mix,Female
Kitten,Domestic Medium Hair Mix,Female
Adult,Domestic Short Hair Mix,Female
Adult,Domestic Short Hair Mix,Female
Kitten,Domestic Short Hair Mix,Female
Young,Domestic Short Hair Mix,Female
Young,Domestic Short Hair Mix,Female
Kitten,Domestic Short Hair Mix,Male
Kitten,Domestic Short Hair,Female
Kitten,Domestic Short Hair & Tabby Mix,Female
Kitten,Domestic Short Hair & Tabby Mix,Male
98,away,miles
Kitten,Domestic Short Hair & Tabby Mix,Male
Senior,Domestic Long Hair & Calico Mix,Female
Adult,Domestic Short Hair Mix,Male
Young,Domestic Medium Hair,Male
Adult,Domestic Short Hair Mix,Male
Kitten,Domestic Short Hair Mix,Male
Kitten,Domestic Short Hair & Dilute Calico Mix,Female
Adult,Domestic Short Hair & Tabby Mix,Female
Adult,Domestic Short Hair & Dilute Calico Mix,Female
Kitten,Domestic Medium Hair Mix,Male
Kitten,Domestic Short Hair,Male
Kitten,Domestic Short Hair & Tabby Mix,Male
Adult,Domestic Short Hair & Tabby Mix,Female
Kitten,Domestic Short Hair Mix,Female
Kitten,Domestic Short Hair Mix,Male
Kitten,Domestic Short Hair Mix,Male
Kitten,Domestic Short Hair Mix,Male
Kitten,Domestic Short Hair,Female
Kitten,Domestic Short Hair Mix,Female
Senior,Domestic Short Hair & Dilute Calico Mix,Female
Adult,Domestic Short Hair & Dilute Calico Mix,Female
Kitten,Domestic Short Hair,Male
Young,Domestic Short Hair Mix,Female
Kitten,Domestic Short Hair & Tabby Mix,Male
Adult,Domestic Short Hair & Dilute Calico Mix,Female
Senior,Domestic Short Hair & Tabby Mix,Female
Kitten,Domestic Short Hair Mix,Female
Kitten,Domestic Short Hair Mix,Female
Kitten,Domestic Short Hair & Tabby Mix,Male
Young,Domestic Short Hair & Tabby Mix,Female
Young,Domestic Short Hair & Tabby Mix,Female
98,away,miles
Kitten,Domestic Short Hair & Tabby Mix,Female
Kitten,Domestic Long Hair Mix,Male
98,away,miles
Senior,Domestic Medium Hair Mix,Female
Kitten,Domestic Short Hair,Male
Kitten,Domestic Short Hair Mix,Female
Senior,Domestic Short Hair,Female
Adult,Domestic Short Hair & Tortoiseshell Mix,Female
Adult,Domestic Long Hair & Dilute Tortoiseshell Mix,Female
Senior,Extra-Toes Cat / Hemingway Polydactyl & Tabby Mix,Male
98,away,miles
Adult,Domestic Short Hair & Tabby Mix,Female
Adult,Domestic Short Hair Mix,Male
Kitten,Domestic Short Hair Mix,Male
98,away,miles
Kitten,Domestic Long Hair & Tabby Mix,Female
Kitten,Domestic Long Hair & Tabby Mix,Female
Kitten,Extra-Toes Cat / Hemingway Polydactyl Mix,Male
Kitten,Extra-Toes Cat / Hemingway Polydactyl Mix,Female
Adult,Domestic Short Hair & Siamese Mix,Female
Adult,Domestic Short Hair & Tortoiseshell Mix,Female
Adult,Domestic Short Hair Mix,Female
Young,Domestic Medium Hair Mix,Male
Kitten,Domestic Short Hair Mix,Male
Kitten,Domestic Short Hair Mix,Female
Kitten,Domestic Short Hair Mix,Female
Kitten,Domestic Short Hair Mix,Female
Kitten,Domestic Short Hair Mix,Female
Kitten,Domestic Short Hair & Tortoiseshell Mix,Female
Young,Domestic Short Hair & Tabby Mix,Female
Kitten,Domestic Short Hair Mix,Female
Adult,Domestic Short Hair & Calico Mix,Female
Young,Extra-Toes Cat / Hemingway Polydactyl Mix,Male
Kitten,Domestic Short Hair Mix,Female
Kitten,Domestic Short Hair & Tortoiseshell Mix,Female
Adult,Domestic Long Hair & Tabby Mix,Female
Adult,Domestic Long Hair Mix,Male
Adult,Tabby & Torbie Mix,Female
Adult,Domestic Short Hair Mix,Male
Kitten,Domestic Short Hair Mix,Male
Kitten,Domestic Short Hair & Tortoiseshell Mix,Female
98,away,miles
Senior,Domestic Medium Hair & Tabby Mix,Male
Senior,Domestic Short Hair Mix,Female
Adult,Domestic Short Hair & Tabby Mix,Male
98,away,miles
Young,Domestic Short Hair & Tabby Mix,Female
Adult,Domestic Short Hair & Tabby Mix,Female
Senior,Extra-Toes Cat / Hemingway Polydactyl Mix,Male
Adult,Domestic Short Hair Mix,Female
Senior,Domestic Short Hair Mix,Female
Adult,Domestic Short Hair,Male
Adult,Domestic Long Hair Mix,Female
Adult,Domestic Short Hair,Female
Adult,Domestic Short Hair Mix,Male
Adult,Domestic Short Hair Mix,Female
Adult,Domestic Short Hair & Tabby Mix,Female
Adult,Domestic Short Hair & Tabby Mix,Male
Senior,Domestic Medium Hair & Tabby Mix,Male
Young,Domestic Short Hair & Tabby Mix,Female
Adult,Domestic Long Hair & Tabby Mix,Female
Senior,Domestic Short Hair Mix,Male
Young,Domestic Short Hair & Calico Mix,Female
Adult,Domestic Medium Hair Mix,Male
Adult,Domestic Long Hair & Tabby Mix,Male
Young,Domestic Short Hair Mix,Female
Adult,Domestic Short Hair,Female
Adult,Domestic Short Hair & Dilute Tortoiseshell Mix,Female
98,away,miles
Kitten,Domestic Medium Hair Mix,Male
Young,Domestic Short Hair Mix,Female
Young,Domestic Short Hair & Tabby Mix,Female
Young,Domestic Short Hair & Tabby Mix,Female
Young,Domestic Short Hair & Dilute Tortoiseshell Mix,Female
Kitten,Domestic Short Hair,Male
Adult,Domestic Short Hair Mix,Female
Kitten,Domestic Short Hair Mix,Male
Kitten,Domestic Short Hair Mix,Female
Kitten,Domestic Short Hair Mix,Female
Kitten,Domestic Short Hair Mix,Male
Kitten,Domestic Short Hair Mix,Female
Adult,Domestic Short Hair Mix,Female
Adult,Domestic Short Hair & Tortoiseshell Mix,Female
Young,Domestic Short Hair Mix,Male
98,away,miles
Adult,Domestic Short Hair Mix,Female
Adult,Extra-Toes Cat / Hemingway Polydactyl Mix,Male
Adult,Domestic Short Hair Mix,Female
Adult,Domestic Short Hair & Dilute Tortoiseshell Mix,Female
Adult,Domestic Short Hair Mix,Male
Kitten,Domestic Long Hair,Female
Adult,Domestic Long Hair Mix,Male
Kitten,Domestic Short Hair Mix,Male
Kitten,Domestic Long Hair & Siamese Mix,Male
98,away,miles
Kitten,Domestic Short Hair Mix,Male
98,away,miles
Kitten,Domestic Short Hair Mix,Male
Adult,Domestic Short Hair & Tabby Mix,Female
Young,Domestic Short Hair & Tortoiseshell Mix,Female
Senior,Domestic Long Hair Mix,Female
Kitten,Domestic Medium Hair Mix,Female
Kitten,Domestic Short Hair & Tabby Mix,Male
Kitten,Domestic Medium Hair Mix,Male
Kitten,Domestic Short Hair Mix,Female
Kitten,Domestic Short Hair & Tabby Mix,Female
Kitten,Domestic Short Hair Mix,Female
Kitten,Domestic Medium Hair Mix,Male
Kitten,Domestic Short Hair Mix,Male
Kitten,Domestic Short Hair Mix,Female
Kitten,Domestic Medium Hair,Male
Kitten,Domestic Short Hair,Male
Kitten,Domestic Medium Hair Mix,Female
Adult,Domestic Short Hair Mix,Male
Kitten,Domestic Short Hair Mix,Female
Kitten,Domestic Short Hair & Calico Mix,Female
Kitten,Extra-Toes Cat / Hemingway Polydactyl Mix,Male
Kitten,Domestic Short Hair & Calico Mix,Female
Kitten,Domestic Short Hair & Calico Mix,Female
Kitten,Domestic Short Hair Mix,Male
Adult,Domestic Short Hair Mix,Female
Kitten,Domestic Short Hair Mix,Male
Kitten,Domestic Medium Hair Mix,Male
Kitten,Domestic Short Hair,Female
Kitten,Domestic Short Hair & Tabby Mix,Male
Adult,Domestic Short Hair & Tabby Mix,Female
Adult,Domestic Short Hair Mix,Male
Kitten,Domestic Short Hair Mix,Male
Adult,Domestic Short Hair Mix,Male
Senior,Domestic Short Hair Mix,Male
Adult,Domestic Short Hair,Female
Adult,Domestic Short Hair Mix,Female
Adult,Domestic Short Hair & Tabby Mix,Female
Adult,Domestic Short Hair & Calico Mix,Female
Adult,Domestic Short Hair & Tortoiseshell Mix,Female
Adult,Domestic Short Hair Mix,Female
Adult,Domestic Short Hair & Tortoiseshell Mix,Female
Adult,Domestic Medium Hair,Female
Adult,Domestic Short Hair Mix,Female
Adult,Domestic Short Hair Mix,Female
Kitten,Domestic Short Hair & Tabby Mix,Male
Young,Domestic Short Hair Mix,Male
Adult,Domestic Short Hair Mix,Female
Adult,Domestic Long Hair Mix,Male
Kitten,Domestic Short Hair & Tabby Mix,Female
Kitten,Domestic Short Hair Mix,Male
Kitten,Domestic Short Hair & Tabby Mix,Female
Kitten,Domestic Short Hair Mix,Female
Kitten,Domestic Long Hair Mix,Male
Kitten,Domestic Short Hair Mix,Female
Kitten,Domestic Short Hair,Male
Kitten,Domestic Short Hair Mix,Female
Kitten,Domestic Short Hair Mix,Male
Kitten,Domestic Short Hair Mix,Male
Adult,Domestic Short Hair Mix,Male
Kitten,Domestic Medium Hair Mix,Male
Kitten,Domestic Short Hair Mix,Male
Kitten,Domestic Short Hair & Tabby Mix,Male
Adult,Domestic Short Hair & Calico Mix,Female
Kitten,Domestic Short Hair Mix,Female
Adult,Domestic Short Hair,Female
Kitten,Domestic Short Hair & Tabby Mix,Female
Adult,Domestic Short Hair & Tabby Mix,Female
Kitten,Domestic Short Hair Mix,Female
Adult,Domestic Short Hair & Tabby Mix,Female
Kitten,Domestic Short Hair Mix,Female
Adult,Domestic Short Hair Mix,Male
Adult,Domestic Medium Hair Mix,Male
Adult,Domestic Medium Hair,Female
Adult,Domestic Short Hair & Tabby Mix,Female
Adult,Domestic Short Hair Mix,Female
Adult,Domestic Short Hair & Tabby Mix,Male
Adult,Domestic Short Hair & Siamese Mix,Male
Adult,Domestic Medium Hair Mix,Female
Kitten,Domestic Short Hair,Female
Kitten,Domestic Short Hair Mix,Male
Kitten,Domestic Short Hair,Female
Kitten,Domestic Short Hair Mix,Female
Adult,Domestic Short Hair Mix,Male
Kitten,Domestic Short Hair & Tortoiseshell Mix,Female
Kitten,Domestic Short Hair Mix,Male
Kitten,Domestic Short Hair Mix,Female
Kitten,Domestic Short Hair & Tabby Mix,Female
Kitten,Domestic Short Hair & Tabby Mix,Male
Adult,Domestic Long Hair Mix,Male
Adult,Domestic Medium Hair & Dilute Tortoiseshell Mix,Female
Kitten,Domestic Short Hair Mix,Male
Kitten,Domestic Short Hair & Siamese Mix,Female
Kitten,Domestic Short Hair & Siamese Mix,Male
Kitten,Domestic Short Hair & Siamese Mix,Male
Kitten,Domestic Short Hair & Tortoiseshell Mix,Female
Adult,Domestic Medium Hair & Tabby Mix,Female
Adult,Domestic Short Hair & Tabby Mix,Female
Kitten,Domestic Short Hair Mix,Male
Kitten,Domestic Short Hair Mix,Male
Kitten,Domestic Short Hair Mix,Male
Kitten,Domestic Short Hair & Tortoiseshell Mix,Female
Young,Domestic Short Hair & Tabby Mix,Male
Kitten,Domestic Short Hair & Tortoiseshell Mix,Female
Kitten,Domestic Short Hair Mix,Male
Kitten,Domestic Short Hair Mix,Male
Kitten,Domestic Short Hair Mix,Female
Kitten,Domestic Short Hair Mix,Female
Kitten,Domestic Short Hair & Tabby Mix,Male
Kitten,Domestic Short Hair Mix,Female
Kitten,Domestic Short Hair Mix,Female
Adult,Domestic Short Hair & Calico Mix,Female
Kitten,Domestic Short Hair Mix,Male
Kitten,Domestic Short Hair,Male
Adult,Domestic Short Hair & Tabby Mix,Male
Adult,Domestic Short Hair Mix,Male
Adult,Domestic Short Hair Mix,Female
Adult,Domestic Short Hair Mix,Male
Senior,Domestic Long Hair & Tabby Mix,Male
Young,Domestic Short Hair & Tabby Mix,Female
Adult,Domestic Short Hair & Calico Mix,Female
Adult,Domestic Short Hair & Tortoiseshell Mix,Female
Senior,Domestic Medium Hair & Tortoiseshell Mix,Female
Young,Domestic Short Hair Mix,Female
Senior,Domestic Long Hair Mix,Male
Adult,Domestic Short Hair Mix,Male
Adult,Domestic Short Hair Mix,Female
Young,Domestic Short Hair Mix,Female
Young,Domestic Short Hair Mix,Female
Adult,Domestic Short Hair & Tabby Mix,Male
Young,Domestic Short Hair Mix,Female
Young,Domestic Short Hair Mix,Female
Adult,Domestic Short Hair Mix,Female
Adult,Extra-Toes Cat / Hemingway Polydactyl & Domestic Short Hair Mix,Male
Adult,Extra-Toes Cat / Hemingway Polydactyl & Tortoiseshell Mix,Female
Adult,Domestic Short Hair & Tabby Mix,Male
Adult,Domestic Short Hair & Tabby Mix,Female
Adult,Domestic Short Hair Mix,Female
Young,Domestic Long Hair & Domestic Medium Hair Mix,Male
Adult,Domestic Short Hair Mix,Male
Young,Domestic Short Hair & Tabby Mix,Female
Adult,Domestic Short Hair & Calico Mix,Female
Adult,Domestic Short Hair Mix,Female
Kitten,Domestic Short Hair Mix,Male
Young,Domestic Short Hair & Tabby Mix,Female
Young,Domestic Short Hair & Dilute Calico Mix,Female
Young,Domestic Short Hair Mix,Female
Kitten,Domestic Long Hair Mix,Female
Kitten,Domestic Short Hair Mix,Female
Kitten,Domestic Short Hair & Tabby Mix,Female
Young,Domestic Short Hair & Tabby Mix,Male
Kitten,Domestic Short Hair & Tabby Mix,Male
Kitten,Domestic Short Hair & Tabby Mix,Female
Kitten,Domestic Short Hair & Tabby Mix,Male
Kitten,Domestic Short Hair Mix,Female
Kitten,Domestic Short Hair Mix,Male
Kitten,Domestic Short Hair & Tabby Mix,Male
Kitten,Domestic Short Hair & Tortoiseshell Mix,Female
Kitten,Domestic Short Hair & Tabby Mix,Male
Adult,Domestic Short Hair & Tortoiseshell Mix,Female
Adult,Domestic Short Hair Mix,Female
Adult,Domestic Short Hair & Dilute Calico Mix,Female
Kitten,Domestic Short Hair Mix,Male
Adult,Domestic Short Hair & Tabby Mix,Male
Kitten,Domestic Short Hair & Tabby Mix,Male
Adult,Domestic Short Hair Mix,Male
Adult,Domestic Short Hair & Tabby Mix,Male
Adult,Domestic Short Hair & Tabby Mix,Male
Adult,Extra-Toes Cat / Hemingway Polydactyl & Tabby Mix,Female
Young,Domestic Short Hair & Tabby Mix,Male
Young,Domestic Short Hair & Tabby Mix,Female
Young,Domestic Short Hair & Tabby Mix,Male
Young,Domestic Short Hair & Tabby Mix,Female
Kitten,Domestic Medium Hair & Tabby Mix,Female
Adult,Domestic Short Hair Mix,Female
Adult,Domestic Short Hair Mix,Female
Adult,Domestic Short Hair,Female
Adult,Domestic Short Hair Mix,Female
Adult,Domestic Short Hair Mix,Female
Kitten,Domestic Medium Hair & Tabby Mix,Female
Kitten,Domestic Medium Hair & Tabby Mix,Male
Kitten,Domestic Medium Hair & Tabby Mix,Female
Kitten,Domestic Medium Hair & Tabby Mix,Male
Adult,Domestic Short Hair Mix,Female
Kitten,Domestic Short Hair Mix,Male
Kitten,Domestic Medium Hair Mix,Female
Kitten,Domestic Short Hair Mix,Male
Kitten,Domestic Long Hair & Tabby Mix,Female
Kitten,Domestic Long Hair & Tabby Mix,Female
Kitten,Domestic Short Hair & Tabby Mix,Female
Young,Domestic Short Hair & Dilute Calico Mix,Female
Adult,Domestic Long Hair & Tabby Mix,Female
Young,Domestic Medium Hair Mix,Female
Adult,Domestic Medium Hair Mix,Male
Kitten,Domestic Short Hair & Tabby Mix,Male
Kitten,Domestic Short Hair Mix,Male
Kitten,Domestic Short Hair Mix,Male
Kitten,Domestic Short Hair & Torbie Mix,Female
Kitten,Domestic Short Hair & Tabby Mix,Male
Kitten,Domestic Short Hair & Tortoiseshell Mix,Female
Kitten,Domestic Short Hair Mix,Male
Kitten,Domestic Short Hair Mix,Male
Kitten,Domestic Medium Hair & Calico Mix,Female
Kitten,Domestic Medium Hair & Dilute Calico Mix,Female
Kitten,Domestic Medium Hair & Tabby Mix,Male
Kitten,Extra-Toes Cat / Hemingway Polydactyl & Tabby Mix,Male
Young,Domestic Short Hair & Tabby Mix,Male
Young,Domestic Short Hair & Tabby Mix,Female
Young,Domestic Short Hair & Tabby Mix,Male
Young,Domestic Short Hair & Tabby Mix,Male
Kitten,Domestic Short Hair Mix,Male
Kitten,Domestic Medium Hair Mix,Male
Young,Domestic Short Hair Mix,Female
Adult,Domestic Short Hair & Tabby Mix,Female
Adult,Extra-Toes Cat / Hemingway Polydactyl & Domestic Medium Hair Mix,Male
Kitten,Domestic Short Hair & Calico Mix,Female
Kitten,Domestic Short Hair & Tabby Mix,Male
Kitten,Domestic Short Hair Mix,Female
Kitten,Domestic Short Hair Mix,Male
Kitten,Domestic Short Hair & Tabby Mix,Female
Kitten,Domestic Long Hair & Tabby Mix,Male
Adult,Domestic Short Hair & Tabby Mix,Male
Kitten,Tabby Mix,Male
Adult,Domestic Medium Hair & Tabby Mix,Male
Adult,Domestic Short Hair & Tabby Mix,Male
Adult,Domestic Short Hair Mix,Male
Adult,Domestic Short Hair Mix,Male
Young,Domestic Medium Hair & Tabby Mix,Female
Kitten,Domestic Medium Hair Mix,Female
Kitten,Domestic Medium Hair Mix,Male
Adult,Domestic Medium Hair Mix,Female
Senior,Domestic Short Hair Mix,Male
Kitten,Domestic Short Hair & Tabby Mix,Female
Young,Domestic Short Hair Mix,Male
Kitten,Domestic Medium Hair & Calico Mix,Female
Kitten,Domestic Medium Hair & Calico Mix,Female
Kitten,Domestic Medium Hair & Calico Mix,Female
Kitten,Domestic Medium Hair & Calico Mix,Female
Kitten,Domestic Medium Hair & Calico Mix,Female
Adult,Domestic Short Hair Mix,Female
Kitten,Domestic Short Hair Mix,Female
Kitten,Domestic Medium Hair & Calico Mix,Female
Kitten,Domestic Short Hair & Tabby Mix,Female
Kitten,Domestic Short Hair & Tabby Mix,Male
Adult,Domestic Short Hair & Tabby Mix,Female
Young,Domestic Short Hair & Tabby Mix,Female
Kitten,Domestic Short Hair & Tabby Mix,Female
Young,Domestic Short Hair & Tabby Mix,Female
Adult,Domestic Short Hair Mix,Female
Kitten,Domestic Short Hair & Tabby Mix,Female
Kitten,Domestic Short Hair & Tabby Mix,Female
Adult,Extra-Toes Cat / Hemingway Polydactyl,Male
Kitten,Domestic Short Hair & Tabby Mix,Male
Kitten,Domestic Short Hair & Tabby Mix,Male
Kitten,Domestic Short Hair & Tabby Mix,Male
Kitten,Domestic Short Hair & Tabby Mix,Male
Young,Domestic Short Hair Mix,Female
Kitten,Domestic Short Hair & Tabby Mix,Female
Adult,Domestic Short Hair Mix,Female
Adult,Domestic Short Hair Mix,Female
Adult,Domestic Short Hair,Male
Senior,Extra-Toes Cat / Hemingway Polydactyl & Domestic Long Hair Mix,Male
Adult,Domestic Long Hair Mix,Female
Adult,Domestic Short Hair & Tabby Mix,Female
Kitten,Domestic Long Hair & Dilute Calico Mix,Female
Kitten,Domestic Medium Hair & Tabby Mix,Male
Kitten,Domestic Short Hair & Tabby Mix,Female
Senior,Domestic Short Hair Mix,Male
Adult,Domestic Short Hair Mix,Male
Young,Siamese Mix,Female
Adult,Siamese Mix,Female
Adult,Siamese Mix,Male
Adult,Domestic Medium Hair & Tabby Mix,Male
Adult,Domestic Short Hair Mix,Female
Senior,Domestic Short Hair & Tabby Mix,Male
Adult,Domestic Long Hair & Tabby Mix,Male
Adult,Domestic Short Hair & Tabby Mix,Male
Adult,Domestic Short Hair Mix,Female
Adult,Domestic Short Hair Mix,Female
Adult,Domestic Long Hair Mix,Male
Adult,Domestic Short Hair Mix,Male
Young,Domestic Short Hair Mix,Female
Adult,Domestic Long Hair Mix,Female
Adult,Domestic Long Hair Mix,Male
Kitten,Domestic Short Hair Mix,Female
Young,Domestic Short Hair Mix,Male
