Age,Breed,Gender
Adult,Dachshund Mix,Female
Young,Dachshund & Beagle Mix,Male
Young,Dachshund & Beagle Mix,Male
Young,Australian Cattle Dog / Blue Heeler,Female
Young,Labrador Retriever Mix,Female
Adult,Jindo Mix,Female
Young,Giant Schnauzer & Terrier Mix,Female
Young,Chihuahua,Male
Adult,German Shepherd Dog,Male
Young,Border Collie Mix,Female
Adult,Chihuahua,Male
Adult,Chihuahua,Male
Young,German Shepherd Dog,Female
Young,Labrador Retriever Mix,Female
Adult,Pug,Female
Young,German Shepherd Dog,Male
Adult,Dachshund Mix,Female
Puppy,Labrador Retriever & Collie Mix,Female
Puppy,Labrador Retriever & Shepherd Mix,Female
Puppy,Labrador Retriever & Collie Mix,Female
Puppy,Labrador Retriever & Shepherd Mix,Female
Young,Wheaten Terrier & Spaniel Mix,Female
Adult,Chihuahua Mix,Male
Puppy,Australian Cattle Dog / Blue Heeler,Female
Young,Husky,Male
Young,Standard Poodle,Female
Puppy,Australian Cattle Dog / Blue Heeler,Female
Young,Border Collie,Female
Young,German Shepherd Dog,Male
Adult,Chihuahua Mix,Female
Puppy,Schnauzer & German Shepherd Dog Mix,Female
Young,German Shepherd Dog Mix,Female
Adult,Chihuahua Mix,Female
Young,German Shepherd Dog Mix,Male
Young,German Shepherd Dog Mix,Female
Young,German Shepherd Dog Mix,Male
Young,German Shepherd Dog & Pit Bull Terrier Mix,Male
Puppy,Schnauzer & German Shepherd Dog Mix,Female
Young,German Shepherd Dog & Pit Bull Terrier Mix,Male
Young,Terrier & Wire Fox Terrier Mix,Female
Adult,Dachshund Mix,Female
Young,Dachshund & Beagle Mix,Male
Young,Dachshund & Beagle Mix,Male
Young,Australian Cattle Dog / Blue Heeler,Female
Young,Labrador Retriever Mix,Female
Adult,Jindo Mix,Female
Young,Giant Schnauzer & Terrier Mix,Female
Young,Chihuahua,Male
Adult,German Shepherd Dog,Male
Young,Border Collie Mix,Female
Adult,Chihuahua,Male
Adult,Chihuahua,Male
Young,German Shepherd Dog,Female
Young,Labrador Retriever Mix,Female
Adult,Pug,Female
Young,German Shepherd Dog,Male
Adult,Dachshund Mix,Female
Puppy,Labrador Retriever & Collie Mix,Female
Puppy,Labrador Retriever & Shepherd Mix,Female
Puppy,Labrador Retriever & Collie Mix,Female
Puppy,Labrador Retriever & Shepherd Mix,Female
Young,Wheaten Terrier & Spaniel Mix,Female
Adult,Chihuahua Mix,Male
Puppy,Australian Cattle Dog / Blue Heeler,Female
Young,Husky,Male
Young,Standard Poodle,Female
Puppy,Australian Cattle Dog / Blue Heeler,Female
Young,Border Collie,Female
Young,German Shepherd Dog,Male
Adult,Chihuahua Mix,Female
Puppy,Schnauzer & German Shepherd Dog Mix,Female
Young,German Shepherd Dog Mix,Female
Adult,Chihuahua Mix,Female
Young,German Shepherd Dog Mix,Male
Young,German Shepherd Dog Mix,Female
Young,German Shepherd Dog Mix,Male
Young,German Shepherd Dog & Pit Bull Terrier Mix,Male
Puppy,Schnauzer & German Shepherd Dog Mix,Female
Young,German Shepherd Dog & Pit Bull Terrier Mix,Male
Young,Terrier & Wire Fox Terrier Mix,Female
Adult,Dachshund Mix,Female
Young,Dachshund & Beagle Mix,Male
Young,Dachshund & Beagle Mix,Male
Young,Australian Cattle Dog / Blue Heeler,Female
Young,Labrador Retriever Mix,Female
Adult,Jindo Mix,Female
Young,Giant Schnauzer & Terrier Mix,Female
Young,Chihuahua,Male
Adult,German Shepherd Dog,Male
Young,Border Collie Mix,Female
Adult,Chihuahua,Male
Adult,Chihuahua,Male
Young,German Shepherd Dog,Female
Young,Labrador Retriever Mix,Female
Adult,Pug,Female
Young,German Shepherd Dog,Male
Adult,Dachshund Mix,Female
Puppy,Labrador Retriever & Collie Mix,Female
Puppy,Labrador Retriever & Shepherd Mix,Female
Puppy,Labrador Retriever & Collie Mix,Female
Puppy,Labrador Retriever & Shepherd Mix,Female
Young,Wheaten Terrier & Spaniel Mix,Female
Adult,Chihuahua Mix,Male
Puppy,Australian Cattle Dog / Blue Heeler,Female
Young,Husky,Male
Young,Standard Poodle,Female
Puppy,Australian Cattle Dog / Blue Heeler,Female
Young,Border Collie,Female
Young,German Shepherd Dog,Male
Adult,Chihuahua Mix,Female
Puppy,Schnauzer & German Shepherd Dog Mix,Female
Young,German Shepherd Dog Mix,Female
Adult,Chihuahua Mix,Female
Young,German Shepherd Dog Mix,Male
Young,German Shepherd Dog Mix,Female
Young,German Shepherd Dog Mix,Male
Young,German Shepherd Dog & Pit Bull Terrier Mix,Male
Puppy,Schnauzer & German Shepherd Dog Mix,Female
Young,German Shepherd Dog & Pit Bull Terrier Mix,Male
Young,Terrier & Wire Fox Terrier Mix,Female
Adult,Dachshund Mix,Female
Young,Dachshund & Beagle Mix,Male
Young,Dachshund & Beagle Mix,Male
Young,Australian Cattle Dog / Blue Heeler,Female
Young,Labrador Retriever Mix,Female
Adult,Jindo Mix,Female
Young,Giant Schnauzer & Terrier Mix,Female
Young,Chihuahua,Male
Adult,German Shepherd Dog,Male
Young,Border Collie Mix,Female
Adult,Chihuahua,Male
Adult,Chihuahua,Male
Young,German Shepherd Dog,Female
Young,Labrador Retriever Mix,Female
Adult,Pug,Female
Young,German Shepherd Dog,Male
Adult,Dachshund Mix,Female
Puppy,Labrador Retriever & Collie Mix,Female
Puppy,Labrador Retriever & Shepherd Mix,Female
Puppy,Labrador Retriever & Collie Mix,Female
Puppy,Labrador Retriever & Shepherd Mix,Female
Young,Wheaten Terrier & Spaniel Mix,Female
Adult,Chihuahua Mix,Male
Puppy,Australian Cattle Dog / Blue Heeler,Female
Young,Husky,Male
Young,Standard Poodle,Female
Puppy,Australian Cattle Dog / Blue Heeler,Female
Young,Border Collie,Female
Young,German Shepherd Dog,Male
Adult,Chihuahua Mix,Female
Puppy,Schnauzer & German Shepherd Dog Mix,Female
Young,German Shepherd Dog Mix,Female
Adult,Chihuahua Mix,Female
Young,German Shepherd Dog Mix,Male
Young,German Shepherd Dog Mix,Female
Young,German Shepherd Dog Mix,Male
Young,German Shepherd Dog & Pit Bull Terrier Mix,Male
Puppy,Schnauzer & German Shepherd Dog Mix,Female
Young,German Shepherd Dog & Pit Bull Terrier Mix,Male
Young,Terrier & Wire Fox Terrier Mix,Female
Adult,Dachshund Mix,Female
Young,Dachshund & Beagle Mix,Male
Young,Dachshund & Beagle Mix,Male
Young,Australian Cattle Dog / Blue Heeler,Female
Young,Labrador Retriever Mix,Female
Adult,Jindo Mix,Female
Young,Giant Schnauzer & Terrier Mix,Female
Young,Chihuahua,Male
Adult,German Shepherd Dog,Male
Young,Border Collie Mix,Female
Adult,Chihuahua,Male
Adult,Chihuahua,Male
Young,German Shepherd Dog,Female
Young,Labrador Retriever Mix,Female
Adult,Pug,Female
Young,German Shepherd Dog,Male
Adult,Dachshund Mix,Female
Puppy,Labrador Retriever & Collie Mix,Female
Puppy,Labrador Retriever & Shepherd Mix,Female
Puppy,Labrador Retriever & Collie Mix,Female
Puppy,Labrador Retriever & Shepherd Mix,Female
Young,Wheaten Terrier & Spaniel Mix,Female
Adult,Chihuahua Mix,Male
Puppy,Australian Cattle Dog / Blue Heeler,Female
Young,Husky,Male
Young,Standard Poodle,Female
Puppy,Australian Cattle Dog / Blue Heeler,Female
Young,Border Collie,Female
Young,German Shepherd Dog,Male
Adult,Chihuahua Mix,Female
Puppy,Schnauzer & German Shepherd Dog Mix,Female
Young,German Shepherd Dog Mix,Female
Adult,Chihuahua Mix,Female
Young,German Shepherd Dog Mix,Male
Young,German Shepherd Dog Mix,Female
Young,German Shepherd Dog Mix,Male
Young,German Shepherd Dog & Pit Bull Terrier Mix,Male
Puppy,Schnauzer & German Shepherd Dog Mix,Female
Young,German Shepherd Dog & Pit Bull Terrier Mix,Male
Young,Terrier & Wire Fox Terrier Mix,Female
52,away,miles
52,away,miles
Adult,Shepherd Mix,Female
Adult,Terrier Mix,Male
Adult,Terrier Mix,Male
Young,Shepherd Mix,Female
Adult,Mixed Breed,Female
Senior,Terrier,Male
Senior,Terrier,Male
Senior,Beagle Mix,Male
Senior,Terrier Mix,Female
Adult,Terrier Mix,Female
Young,Terrier Mix,Male
Adult,Terrier,Male
Adult,Hound Mix,Male
Adult,Labrador Retriever,Male
Adult,Terrier Mix,Male
Young,Terrier,Male
Adult,Black Labrador Retriever,Male
Young,Boxer Mix,Female
Adult,Retriever Mix,Female
Adult,Chocolate Labrador Retriever,Female
Adult,Black Labrador Retriever,Male
Adult,Coonhound,Female
Adult,Akita,Male
Adult,Anatolian Shepherd,Male
Adult,Yellow Labrador Retriever Mix,Male
Adult,Hound Mix,Female
Adult,Black Labrador Retriever Mix,Male
Adult,Mastiff Mix,Male
Senior,Staffordshire Bull Terrier Mix,Female
Adult,Hound,Male
Adult,Terrier Mix,Male
Puppy,Terrier Mix,Male
Adult,Black Labrador Retriever,Male
Young,American Staffordshire Terrier Mix,Male
Young,Shepherd & Italian Greyhound Mix,Male
Adult,Labrador Retriever & Boxer Mix,Male
Adult,Labrador Retriever & Boxer Mix,Male
Adult,Shepherd & Siberian Husky Mix,Male
Young,Boxer Mix,Female
Adult,Siberian Husky,Male
Adult,Pomeranian & Pekingese Mix,Male
Adult,Labrador Retriever Mix,Female
Adult,Black Labrador Retriever Mix,Male
Adult,Pit Bull Terrier Mix,Female
Adult,Golden Retriever & Labrador Retriever Mix,Male
Adult,Siberian Husky,Female
Adult,Labrador Retriever,Male
Young,Pit Bull Terrier Mix,Female
Adult,Saint Bernard,Male
Adult,Beagle,Male
Young,Boxer Mix,Male
Adult,German Shorthaired Pointer,Male
Adult,Shepherd & Beagle Mix,Female
Young,Pit Bull Terrier Mix,Female
Adult,Labrador Retriever & Rottweiler Mix,Male
Young,Pharaoh Hound & Husky Mix,Male
Adult,Labrador Retriever & Chow Chow Mix,Female
Young,Pharaoh Hound,Female
Adult,Chihuahua & Terrier Mix,Male
Adult,Labrador Retriever,Female
Young,Hound & Boxer Mix,Male
Adult,Labrador Retriever,Female
Young,Hound Mix,Female
Adult,Pug & Beagle Mix,Male
Adult,German Shepherd Dog,Male
Adult,Greater Swiss Mountain Dog Mix,Male
Adult,Labrador Retriever Mix,Female
Adult,Labrador Retriever Mix,Female
Adult,Pit Bull Terrier,Female
Senior,Alaskan Malamute & Shepherd Mix,Female
Young,Beagle Mix,Male
Senior,Beagle,Male
Young,Labrador Retriever & Pit Bull Terrier Mix,Female
Young,Pit Bull Terrier Mix,Female
Adult,Pit Bull Terrier,Male
Young,Labrador Retriever,Male
Adult,Labrador Retriever,Male
Young,Labrador Retriever,Male
Young,Anatolian Shepherd Mix,Male
Young,Pit Bull Terrier,Male
Young,Anatolian Shepherd Mix,Male
Young,Anatolian Shepherd Mix,Male
Adult,Labrador Retriever Mix,Male
Adult,Chihuahua,Female
Adult,Labrador Retriever & Chow Chow Mix,Female
Adult,Great Pyrenees & Terrier Mix,Female
Adult,Chihuahua,Male
Young,Chihuahua,Male
Young,Labrador Retriever,Male
Adult,American Staffordshire Terrier,Female
Young,English Setter & Border Collie Mix,Male
Adult,Labrador Retriever & Hound Mix,Male
Young,Boxer & Pit Bull Terrier Mix,Male
Adult,Shepherd,Male
Adult,Labrador Retriever Mix,Male
Young,Labrador Retriever,Male
Young,Staffordshire Bull Terrier Mix,Female
Young,Labrador Retriever & Pit Bull Terrier Mix,Male
Adult,Husky,Female
Adult,Boxer,Male
Adult,Corgi Mix,Male
Young,Beagle,Male
Adult,Labrador Retriever Mix,Male
Young,Pit Bull Terrier,Male
Young,Labrador Retriever,Male
Senior,Dachshund,Female
Adult,Redbone Coonhound Mix,Male
Adult,Hound,Male
Adult,Terrier & Chihuahua Mix,Male
Adult,Scottish Terrier Mix,Male
Adult,German Shepherd Dog & Border Collie Mix,Male
Adult,Labrador Retriever & Rhodesian Ridgeback Mix,Male
Adult,Norwegian Elkhound,Male
Adult,Coonhound,Female
Adult,Boxer,Female
Adult,Shepherd,Male
Adult,Havanese,Male
Adult,Havanese,Male
Adult,Labrador Retriever & Shepherd Mix,Male
Adult,Labrador Retriever Mix,Female
Adult,Havanese,Male
Young,Hound,Female
Senior,Shih Tzu,Female
Adult,Great Dane,Female
Senior,Pomeranian,Female
Adult,Golden Retriever,Male
Young,Labrador Retriever Mix,Male
Young,Labrador Retriever Mix,Male
Adult,Beagle,Male
Senior,Shepherd,Male
Young,Dachshund,Female
Adult,Shepherd,Female
Young,Dachshund,Male
Young,Dachshund,Female
Adult,Labrador Retriever,Female
Adult,German Shepherd Dog & Husky Mix,Male
Adult,Siberian Husky,Male
Adult,Coonhound,Male
Adult,Shiba Inu Mix,Female
Adult,Pit Bull Terrier,Male
Adult,Saint Bernard,Male
Adult,German Shepherd Dog,Male
Adult,Rhodesian Ridgeback,Male
Senior,Pit Bull Terrier,Male
Young,Shepherd,Female
Adult,Chow Chow & Labrador Retriever Mix,Male
Adult,Terrier & Pit Bull Terrier Mix,Male
Adult,Australian Shepherd,Female
Young,Toy Fox Terrier,Male
Adult,Terrier & Labrador Retriever Mix,Female
Adult,Australian Shepherd & Labrador Retriever Mix,Female
Young,Labrador Retriever,Female
Young,Hound,Female
Young,Labrador Retriever,Female
Young,Coonhound & Labrador Retriever Mix,Female
Adult,Scottish Terrier,Female
Senior,Black Mouth Cur,Female
Adult,Shepherd,Female
Adult,Border Collie & Schipperke Mix,Female
Adult,Pit Bull Terrier Mix,Male
Young,Labrador Retriever & Irish Wolfhound Mix,Male
Adult,Shepherd & Hound Mix,Male
Adult,Shepherd & Hound Mix,Male
Adult,American Staffordshire Terrier & Pit Bull Terrier Mix,Male
Adult,Husky,Female
Young,Terrier & Pit Bull Terrier Mix,Male
Young,Husky Mix,Female
Adult,Chocolate Labrador Retriever,Male
Adult,Pit Bull Terrier,Male
Adult,Shepherd,Male
Adult,Boxer & Labrador Retriever Mix,Female
Adult,Australian Shepherd,Male
Adult,Rottweiler,Male
Young,Boxer,Male
Adult,Chihuahua Mix,Female
Adult,Beagle,Male
Adult,Pekingese & Poodle Mix,Male
Young,Great Dane & Hound Mix,Male
Adult,Cairn Terrier,Female
Adult,Terrier Mix,Female
Young,Terrier & Border Terrier Mix,Male
Adult,Labrador Retriever,Male
Young,Shepherd,Male
Adult,Labrador Retriever & Siberian Husky Mix,Male
Adult,Labrador Retriever,Female
Adult,Labrador Retriever,Male
Young,Husky,Male
Young,Husky,Female
Adult,Beagle & Shepherd Mix,Male
Adult,Labrador Retriever,Female
Young,Labrador Retriever,Male
Young,Labrador Retriever,Male
Adult,Hound Mix,Female
Adult,Husky,Female
Young,Coonhound,Female
Adult,Labrador Retriever & Golden Retriever Mix,Male
Adult,Terrier,Male
Adult,Chihuahua,Female
Adult,Labrador Retriever,Male
Adult,Beagle & Hound Mix,Male
Adult,Retriever,Female
Adult,German Shepherd Dog,Female
Young,Coonhound,Female
Young,Jack Russell Terrier,Male
Adult,Pomeranian,Male
Adult,Retriever & Shepherd Mix,Female
Adult,Labrador Retriever & Hound Mix,Male
Adult,Dachshund,Male
Adult,Norwegian Elkhound,Male
Senior,Shih Tzu,Female
Adult,Labrador Retriever,Male
Adult,Labrador Retriever,Female
Adult,Hound Mix,Male
53,away,miles
Adult,Chow Chow & Shepherd Mix,Female
Senior,Shih Tzu,Male
Adult,Labrador Retriever,Female
Adult,Pomeranian,Male
Young,Jack Russell Terrier,Female
Adult,Eskimo Dog,Male
Adult,Hound,Male
Adult,Labrador Retriever,Male
Adult,Scottish Terrier,Male
Adult,Chihuahua,Male
Adult,Labrador Retriever,Male
Young,Saint Bernard,Male
Adult,Labrador Retriever,Female
Young,Labrador Retriever,Female
Senior,Chow Chow & Shepherd Mix,Male
Young,Chihuahua,Male
Adult,Labrador Retriever & Shepherd Mix,Female
Young,Border Terrier,Male
Young,Dachshund,Male
Adult,American Bulldog & Boxer Mix,Female
Adult,Beagle & Hound Mix,Male
Young,Jack Russell Terrier,Male
Adult,Weimaraner,Male
Adult,Beagle,Male
Adult,Pit Bull Terrier & Husky Mix,Male
Adult,Weimaraner,Male
Adult,Labrador Retriever & Pit Bull Terrier Mix,Female
Senior,Beagle,Female
Young,Pit Bull Terrier,Male
Adult,Pit Bull Terrier,Male
Adult,Black Mouth Cur,Male
Adult,Pit Bull Terrier,Female
Adult,Toy Fox Terrier Mix,Male
Young,Jack Russell Terrier,Female
Adult,Beagle & Shepherd Mix,Male
Senior,Beagle,Male
Adult,Bichon Frise,Female
Adult,Akita,Female
Adult,Manchester Terrier,Male
Adult,Wirehaired Pointing Griffon,Male
Adult,Labrador Retriever,Male
Adult,Boxer & Hound Mix,Female
Adult,Pit Bull Terrier & American Bulldog Mix,Female
Senior,Labrador Retriever & Newfoundland Dog Mix,Male
Adult,Rat Terrier,Male
Young,Corgi & Jack Russell Terrier Mix,Male
Adult,Miniature Pinscher,Male
Adult,Bluetick Coonhound,Male
Senior,Siberian Husky,Male
Adult,Jack Russell Terrier Mix,Female
Young,Labrador Retriever,Female
Adult,Yorkshire Terrier,Male
Adult,Beagle & Labrador Retriever Mix,Male
Young,Cairn Terrier,Male
Adult,Pit Bull Terrier,Male
Adult,Labrador Retriever & German Shepherd Dog Mix,Male
Young,Pharaoh Hound Mix,Male
Young,Pit Bull Terrier & Labrador Retriever Mix,Female
Adult,Black Russian Terrier,Male
Adult,Boxer,Male
Young,Boxer,Male
Adult,Hound,Female
Adult,Siberian Husky & Labrador Retriever Mix,Female
Adult,Dandie Dinmont Terrier,Male
Adult,Pekingese,Male
Adult,Coonhound,Male
Adult,Chihuahua,Male
Adult,Shepherd & Rottweiler Mix,Female
Young,Collie & Shepherd Mix,Male
Adult,Cocker Spaniel,Female
Adult,Pit Bull Terrier,Male
Young,Pit Bull Terrier,Male
Adult,Saint Bernard,Female
Adult,Pug Mix,Female
Adult,Bloodhound,Female
Adult,Beagle,Male
Young,Shepherd,Female
Adult,Labrador Retriever & German Shepherd Dog Mix,Female
Adult,Australian Shepherd & Chow Chow Mix,Male
Adult,Shih Tzu,Male
Adult,Chihuahua,Female
Adult,Labrador Retriever,Male
Young,Terrier & Pit Bull Terrier Mix,Male
Adult,Pit Bull Terrier,Female
Adult,Hound,Male
Adult,Pointer & Labrador Retriever Mix,Female
Adult,Siberian Husky,Female
Adult,English Setter,Male
Adult,Greyhound & Shepherd Mix,Female
Adult,Jack Russell Terrier,Female
Young,Terrier,Male
Adult,Chihuahua,Male
Adult,Pug & Beagle Mix,Male
Adult,Siberian Husky,Male
Adult,Labrador Retriever,Male
Adult,Labrador Retriever & Hound Mix,Male
Adult,Australian Cattle Dog / Blue Heeler Mix,Female
Adult,Border Collie Mix,Female
Young,Labrador Retriever,Female
Adult,Pomeranian,Female
Adult,Labrador Retriever & Boxer Mix,Male
Adult,Beagle,Male
Adult,Dachshund,Female
Adult,Chesapeake Bay Retriever,Male
Adult,Beagle,Female
Young,Labrador Retriever,Male
Adult,Pit Bull Terrier,Male
Adult,Beagle,Female
Adult,Pomeranian,Male
Young,Shepherd & Husky Mix,Female
Adult,Bloodhound,Female
Senior,Miniature Pinscher,Male
Adult,Poodle,Male
Young,Pomeranian Mix,Male
Young,Boston Terrier Mix,Female
Adult,German Shepherd Dog Mix,Female
Adult,Pit Bull Terrier Mix,Female
Adult,Siberian Husky Mix,Male
Young,Beagle,Male
Senior,Schipperke,Male
Senior,German Shepherd Dog Mix,Male
Adult,Thai Ridgeback Mix,Male
Young,Shepherd & Boxer Mix,Female
Senior,Hound,Female
Young,Australian Cattle Dog / Blue Heeler Mix,Female
Adult,Doberman Pinscher & Boxer Mix,Male
Adult,Pit Bull Terrier & Boston Terrier Mix,Female
Young,Labrador Retriever & Pit Bull Terrier Mix,Female
Adult,Labrador Retriever & Hound Mix,Male
Adult,Labrador Retriever & Hound Mix,Male
Adult,Hound,Male
Adult,Australian Cattle Dog / Blue Heeler,Male
Adult,Siberian Husky & German Shepherd Dog Mix,Female
Adult,Bloodhound,Female
Adult,German Shepherd Dog & Retriever Mix,Female
Adult,Australian Shepherd,Male
Senior,Siberian Husky Mix,Female
Adult,Boxer & German Shepherd Dog Mix,Male
Young,Labrador Retriever,Male
Adult,Shepherd & Shar-Pei Mix,Male
Adult,American Staffordshire Terrier Mix,Female
Adult,Labrador Retriever,Female
Young,Beagle,Male
Adult,Labrador Retriever,Female
Young,Japanese Chin,Male
Adult,American Bulldog,Male
Young,Labrador Retriever & Australian Shepherd Mix,Male
Adult,Scottish Terrier,Female
Adult,Scottish Terrier,Male
Adult,English Springer Spaniel & Terrier Mix,Male
Young,Shepherd,Female
Adult,Siberian Husky,Male
Senior,Rottweiler,Male
Adult,Pit Bull Terrier,Female
Adult,Siberian Husky,Male
Adult,American Bulldog & Pit Bull Terrier Mix,Female
Senior,Golden Retriever,Male
Senior,Brittany Spaniel,Female
Senior,Shepherd & Husky Mix,Male
Young,Labrador Retriever & Pit Bull Terrier Mix,Male
Young,Labrador Retriever & Shepherd Mix,Female
Senior,Maltese & Shih Tzu Mix,Male
Young,Siberian Husky & Shepherd Mix,Male
Adult,Jack Russell Terrier & Beagle Mix,Male
Senior,American Bulldog,Female
Adult,Pit Bull Terrier Mix,Female
Adult,Brittany Spaniel,Male
Adult,Labrador Retriever,Male
Adult,Pit Bull Terrier,Female
Adult,Plott Hound,Male
Adult,Beagle,Male
Adult,Bloodhound,Male
Young,Labrador Retriever & Pit Bull Terrier Mix,Female
Adult,Labrador Retriever,Female
Adult,Schipperke,Male
Young,Rhodesian Ridgeback Mix,Male
Young,Beagle & Basset Hound Mix,Male
Adult,Pit Bull Terrier,Female
Young,Pit Bull Terrier,Female
Adult,Beagle,Female
Adult,German Shepherd Dog Mix,Male
Young,Siberian Husky & Shepherd Mix,Male
Senior,Cairn Terrier,Female
Adult,Labrador Retriever,Female
Adult,Bluetick Coonhound,Female
Young,Shepherd Mix,Male
Adult,Australian Cattle Dog / Blue Heeler Mix,Male
Young,Terrier & Pit Bull Terrier Mix,Male
Adult,Pug & Pit Bull Terrier Mix,Female
Young,Coonhound & Bluetick Coonhound Mix,Male
Adult,Boxer,Male
Young,Boston Terrier & Dachshund Mix,Female
Young,Labrador Retriever,Female
Adult,Pit Bull Terrier,Female
Adult,Pit Bull Terrier,Female
Adult,Dachshund,Male
Adult,German Shepherd Dog & Husky Mix,Male
Senior,German Shepherd Dog,Female
Adult,American Eskimo Dog,Male
Young,Terrier & Rat Terrier Mix,Male
Adult,Pit Bull Terrier,Male
Young,Labrador Retriever,Male
Adult,Australian Shepherd Mix,Female
Adult,Labrador Retriever Mix,Male
Adult,Labrador Retriever Mix,Female
Young,Shepherd Mix,Female
Senior,Siberian Husky,Female
Young,Poodle,Female
Adult,Terrier & Fox Terrier Mix,Male
Young,Chihuahua Mix,Male
Adult,Doberman Pinscher & Labrador Retriever Mix,Female
Young,Chihuahua,Male
Young,Labrador Retriever & Poodle Mix,Male
Young,Dachshund,Male
Young,Coonhound,Female
Young,Retriever Mix,Male
Adult,Chow Chow,Female
Adult,Retriever & Hound Mix,Male
Adult,Pekingese,Male
Senior,Siberian Husky,Male
Adult,Golden Retriever,Male
Adult,Labrador Retriever & Pit Bull Terrier Mix,Female
Adult,Pit Bull Terrier Mix,Female
Adult,Retriever & Labrador Retriever Mix,Female
Adult,Pit Bull Terrier,Female
Adult,Siberian Husky & German Shepherd Dog Mix,Male
Adult,Jack Russell Terrier Mix,Male
Adult,Beagle,Male
Senior,Pit Bull Terrier,Male
Young,Retriever,Male
Adult,Retriever & Beagle Mix,Female
Adult,Dachshund Mix,Female
Adult,Dachshund Mix,Male
Adult,Labrador Retriever Mix,Female
Adult,Labrador Retriever Mix,Male
Young,German Shepherd Dog Mix,Male
Adult,Pit Bull Terrier,Male
Adult,Beagle,Female
Adult,Beagle & Hound Mix,Male
Adult,Siberian Husky,Female
Adult,Pomeranian Mix,Male
Young,Retriever & Shepherd Mix,Female
Young,Brittany Spaniel & Retriever Mix,Male
Young,Golden Retriever,Male
Young,English Coonhound,Female
Adult,Papillon & Shetland Sheepdog / Sheltie Mix,Male
Adult,Plott Hound Mix,Male
Young,Retriever,Female
Young,Plott Hound Mix,Male
Adult,Pit Bull Terrier,Male
Senior,Boxer Mix,Male
Young,Pit Bull Terrier & Husky Mix,Male
Young,Husky,Female
Young,Hound Mix,Male
Adult,Hound,Male
Adult,Pomeranian & American Eskimo Dog Mix,Female
Adult,Labrador Retriever & Pit Bull Terrier Mix,Female
Adult,Beagle Mix,Male
Young,English Coonhound,Male
Young,Pit Bull Terrier,Male
Adult,Labrador Retriever Mix,Male
Adult,Husky Mix,Female
Young,Beagle & Dachshund Mix,Female
Adult,Hound,Male
Adult,Shepherd & Pit Bull Terrier Mix,Female
Young,Boxer & Pit Bull Terrier Mix,Female
Adult,Bluetick Coonhound,Male
Adult,Husky & Shepherd Mix,Male
Young,Bullmastiff & American Bulldog Mix,Male
Adult,Beagle Mix,Female
Senior,Australian Shepherd & Retriever Mix,Female
Senior,Spaniel & Australian Shepherd Mix,Male
Adult,Beagle Mix,Male
Young,Labrador Retriever Mix,Male
Adult,Beagle,Female
Young,Siberian Husky,Male
Young,Pit Bull Terrier,Female
Adult,Boxer & Labrador Retriever Mix,Male
Adult,Australian Shepherd,Male
Adult,Terrier & American Staffordshire Terrier Mix,Female
Young,Retriever & Shepherd Mix,Male
Young,Husky & Shepherd Mix,Female
Young,Shepherd Mix,Female
Adult,Siberian Husky,Female
Young,Rottweiler & Pit Bull Terrier Mix,Female
Adult,Cardigan Welsh Corgi & Australian Cattle Dog / Blue Heeler Mix,Male
Young,Hound,Male
Adult,Labrador Retriever & Chow Chow Mix,Male
Senior,German Shepherd Dog,Female
Young,Pit Bull Terrier,Male
Adult,Chihuahua & Pekingese Mix,Male
Adult,Chihuahua & Pekingese Mix,Male
Young,Pit Bull Terrier,Male
Adult,Hound & Labrador Retriever Mix,Female
Adult,Pit Bull Terrier Mix,Female
Adult,Pit Bull Terrier,Male
Adult,German Wirehaired Pointer,Male
Young,Husky,Female
Senior,Alaskan Malamute Mix,Female
Young,Retriever & Terrier Mix,Male
Adult,Husky,Female
Adult,German Shepherd Dog Mix,Female
Adult,Terrier,Male
Adult,Siberian Husky,Female
Adult,Cocker Spaniel,Female
Young,Boxer,Male
Young,Labrador Retriever & Pit Bull Terrier Mix,Male
Adult,Collie,Male
Young,Coonhound Mix,Male
Senior,Cocker Spaniel & Beagle Mix,Male
Adult,Hound Mix,Male
Young,Labrador Retriever,Female
Young,Australian Shepherd & Golden Retriever Mix,Male
Young,Rottweiler Mix,Male
Young,Plott Hound,Female
Adult,Siberian Husky Mix,Male
Adult,Airedale Terrier Mix,Male
Senior,Fox Terrier Mix,Male
Senior,Shetland Sheepdog / Sheltie,Female
Adult,Shepherd Mix,Female
Adult,Shepherd Mix,Male
Adult,Black Mouth Cur & Labrador Retriever Mix,Female
Senior,German Shepherd Dog,Female
Young,Pit Bull Terrier & Collie Mix,Male
Young,Basset Hound & Labrador Retriever Mix,Male
Senior,Chow Chow & Golden Retriever Mix,Male
Adult,Labrador Retriever Mix,Male
Young,Pit Bull Terrier Mix,Female
Senior,Australian Cattle Dog / Blue Heeler Mix,Female
Adult,Labrador Retriever,Male
Adult,Shepherd Mix,Male
Adult,Shepherd Mix,Female
Adult,Chihuahua,Female
Adult,German Wirehaired Pointer,Female
Adult,Siberian Husky Mix,Female
Young,Cairn Terrier & Schnauzer Mix,Female
Adult,Rat Terrier & Chihuahua Mix,Female
Adult,Dachshund,Male
Adult,Siberian Husky,Female
Adult,Labrador Retriever & Pit Bull Terrier Mix,Female
Adult,Siberian Husky Mix,Female
Young,Beagle & Shepherd Mix,Male
Young,Labrador Retriever & Pit Bull Terrier Mix,Male
Adult,Pointer Mix,Female
Adult,Pekingese,Male
Adult,Chihuahua & Papillon Mix,Male
Adult,Hound Mix,Female
Adult,Australian Cattle Dog / Blue Heeler,Male
Adult,Beagle,Male
Adult,Cocker Spaniel,Male
Young,Boxer & Airedale Terrier Mix,Male
Young,Shepherd,Male
Adult,German Shepherd Dog,Female
Young,Miniature Pinscher & Terrier Mix,Female
Young,Beagle,Male
Adult,German Shepherd Dog,Male
Adult,German Shorthaired Pointer,Male
Adult,Hound & Terrier Mix,Female
Adult,Tibetan Terrier & Terrier Mix,Female
Young,Chihuahua,Male
Young,Husky & German Shepherd Dog Mix,Male
Senior,Husky & Retriever Mix,Female
Adult,Pug & Terrier Mix,Female
Adult,Doberman Pinscher & Pit Bull Terrier Mix,Female
Adult,Beagle & Basset Hound Mix,Male
Senior,Pekingese Mix,Male
Adult,Pointer Mix,Male
Adult,Shepherd Mix,Male
Adult,German Shepherd Dog Mix,Male
Senior,Terrier & Chihuahua Mix,Male
Young,Pit Bull Terrier & Border Collie Mix,Male
Young,Beagle,Male
Adult,Shepherd Mix,Female
Adult,Shepherd Mix,Male
Young,Retriever & Shepherd Mix,Female
Senior,Pit Bull Terrier,Female
Adult,Boxer Mix,Male
Adult,Boxer & Pit Bull Terrier Mix,Male
Young,Shepherd Mix,Female
Young,Hound & Labrador Retriever Mix,Male
Puppy,Shepherd,Male
Young,Plott Hound Mix,Female
Young,Beagle,Female
Adult,Husky Mix,Male
Senior,Dachshund,Male
Adult,Labrador Retriever,Female
Adult,Pit Bull Terrier,Female
Adult,Spaniel & Retriever Mix,Female
Young,Pit Bull Terrier,Female
Young,Shepherd,Male
Senior,Siberian Husky & Shepherd Mix,Male
Adult,Coonhound Mix,Male
Adult,Airedale Terrier & Labrador Retriever Mix,Male
Adult,Retriever,Male
Young,Hound,Female
Young,American Bulldog,Male
Senior,Schnauzer,Female
Adult,Beagle & Spaniel Mix,Female
Adult,Dachshund,Male
Young,Pit Bull Terrier & Labrador Retriever Mix,Male
Young,Belgian Shepherd / Malinois Mix,Male
Adult,Dachshund,Male
Adult,Pit Bull Terrier,Male
Adult,Coonhound,Female
Adult,Poodle,Male
Young,Black and Tan Coonhound & Coonhound Mix,Male
Adult,Husky Mix,Female
Senior,Labrador Retriever & Poodle Mix,Male
Adult,Miniature Pinscher,Male
Young,Beagle,Male
Young,Retriever,Male
Senior,Pit Bull Terrier,Female
Young,Pit Bull Terrier Mix,Male
Adult,Rottweiler,Female
Senior,Golden Retriever,Male
Adult,Shepherd,Female
Adult,Pointer & Labrador Retriever Mix,Male
Adult,Labrador Retriever & Shepherd Mix,Male
Senior,Siberian Husky,Male
Adult,Labrador Retriever,Male
Adult,Shepherd Mix,Male
Adult,Pomeranian,Female
Adult,Beagle & Shepherd Mix,Female
Adult,Pit Bull Terrier,Male
Puppy,Pit Bull Terrier Mix,Male
Young,Pit Bull Terrier,Female
Adult,Poodle,Female
Adult,Hound,Female
Young,Husky & Shepherd Mix,Male
Puppy,Siberian Husky & Shepherd Mix,Female
Young,Husky,Female
Young,Pit Bull Terrier,Male
Adult,Beagle,Female
Senior,Husky,Female
Senior,Husky,Male
Adult,Terrier & Pit Bull Terrier Mix,Male
Young,Australian Cattle Dog / Blue Heeler Mix,Female
Puppy,Mixed Breed,Male
Puppy,Chihuahua Mix,Male
Puppy,Mixed Breed,Female
Puppy,Mixed Breed,Female
53,away,miles
Adult,Mixed Breed,Male
Puppy,Shepherd & Great Pyrenees Mix,Female
Puppy,Shepherd Mix,Male
Puppy,Great Pyrenees & Anatolian Shepherd Mix,Female
Puppy,Mixed Breed,Male
53,away,miles
53,away,miles
Young,Labrador Retriever Mix,Male
Young,Labrador Retriever & Shepherd Mix,Male
Young,Labrador Retriever & Great Pyrenees Mix,Female
Puppy,Labrador Retriever Mix,Female
53,away,miles
53,away,miles
53,away,miles
Puppy,Chihuahua & Pomsky Mix,Female
Young,Maltese Mix,Female
Young,Australian Cattle Dog / Blue Heeler,Male
Young,German Shepherd Dog,Female
Young,Mountain Cur Mix,Female
Adult,Border Collie Mix,Female
Puppy,Labrador Retriever Mix,Male
Puppy,Mountain Cur Mix,Female
Adult,Shepherd & Canaan Dog Mix,Male
Adult,Mixed Breed,Male
Puppy,Beagle,Female
Adult,American Bulldog Mix,Male
Puppy,Portuguese Water Dog Mix,Female
Adult,Shiba Inu,Female
Young,Jack Russell Terrier Mix,Female
53,away,miles
53,away,miles
Young,Shih Tzu Mix,Male
53,away,miles
Young,Chihuahua Mix,Female
Puppy,Chihuahua Mix,Male
Young,Husky Mix,Male
Young,Husky Mix,Male
Young,Catahoula Leopard Dog & Setter Mix,Male
Adult,Chihuahua,Male
Adult,Shih Tzu & French Bulldog Mix,Female
Puppy,Chihuahua & Shih Tzu Mix,Female
Young,Poodle Mix,Female
Puppy,Mixed Breed,Male
Puppy,Great Dane & Bloodhound Mix,Female
Young,Border Collie,Male
Adult,German Shepherd Dog,Female
Young,Border Collie & Australian Shepherd Mix,Female
Young,Rat Terrier & Chihuahua Mix,Female
Young,Border Collie & Australian Shepherd Mix,Male
Puppy,Beagle & Brittany Spaniel Mix,Female
Young,Australian Shepherd,Female
Young,Labrador Retriever & Great Pyrenees Mix,Female
Young,Staffordshire Bull Terrier,Male
Young,Australian Cattle Dog / Blue Heeler,Male
Puppy,Shepherd & Rottweiler Mix,Female
Young,Labrador Retriever & Pit Bull Terrier Mix,Male
Young,Husky Mix,Male
Young,Dachshund (Long Haired),Female
Adult,Aussiedoodle,Male
Young,Rat Terrier,Male
Young,Shepherd Mix,Male
Young,Labrador Retriever & Husky Mix,Female
Adult,Australian Shepherd & Collie Mix,Female
Puppy,Labrador Retriever & Great Pyrenees Mix,Female
Puppy,Chihuahua & Shih Tzu Mix,Female
Puppy,Great Dane & Bloodhound Mix,Male
Puppy,Great Dane & Bloodhound Mix,Female
Puppy,Poodle Mix,Male
Young,American Staffordshire Terrier Mix,Female
Puppy,Mixed Breed,Female
Adult,Great Dane,Female
Puppy,Great Dane & Bloodhound Mix,Male
Puppy,Mixed Breed,Male
Puppy,Great Dane & Bloodhound Mix,Male
Puppy,Great Dane & Bloodhound Mix,Female
Puppy,Great Dane & Bloodhound Mix,Male
Puppy,Mixed Breed,Female
Adult,Boxer Mix,Male
Young,Terrier Mix,Male
Young,Mixed Breed,Male
Young,Cattle Dog & Border Collie Mix,Male
Young,Cattle Dog & Border Collie Mix,Male
Young,Great Pyrenees & Labrador Retriever Mix,Female
Puppy,Rottweiler & Labrador Retriever Mix,Male
Puppy,Rottweiler & Labrador Retriever Mix,Male
Adult,Shepherd Mix,Female
Young,Dachshund (Long Haired),Male
Young,Border Collie Mix,Male
Young,Labrador Retriever Mix,Male
Young,Shepherd Mix,Male
Young,Hound & Labrador Retriever Mix,Male
Puppy,Chihuahua,Male
Young,Shih Tzu,Female
Young,Australian Shepherd & Standard Poodle Mix,Male
Puppy,Labrador Retriever & Shepherd Mix,Male
Young,Australian Cattle Dog / Blue Heeler & Hound Mix,Male
Young,Australian Cattle Dog / Blue Heeler & Hound Mix,Female
Young,Hound,Female
Puppy,Terrier,Male
Young,Poodle & Maltese Mix,Female
Puppy,Pit Bull Terrier,Female
Young,Great Pyrenees & Hound Mix,Female
Puppy,Pit Bull Terrier,Male
Young,Rottweiler & Boxer Mix,Male
Young,Rottweiler & Boxer Mix,Female
Puppy,Maltese & Poodle (Toy) Mix,Male
Young,Great Pyrenees & Labrador Retriever Mix,Male
Puppy,Chihuahua & Dachshund Mix,Male
Young,Boxer & Jack Russell Terrier Mix,Male
Puppy,Hound & Husky Mix,Male
Young,Great Pyrenees & Labrador Retriever Mix,Male
Puppy,American Staffordshire Terrier,Female
Puppy,Chihuahua & Dachshund Mix,Female
Puppy,Maltese,Female
Puppy,Chiweenie,Female
Puppy,Maltese,Male
Adult,Chocolate Labrador Retriever,Female
Young,Jack Russell Terrier & Beagle Mix,Female
Puppy,Chihuahua,Male
Puppy,Labrador Retriever & Terrier Mix,Male
Young,Cane Corso Mix,Female
Puppy,Chihuahua,Male
Puppy,Chihuahua,Male
Puppy,Mastiff & German Shepherd Dog Mix,Male
Puppy,Mastiff & Australian Shepherd Mix,Male
53,away,miles
53,away,miles
Puppy,Mastiff & Australian Shepherd Mix,Female
Puppy,Mastiff & Australian Shepherd Mix,Male
Young,Basenji,Male
Puppy,Husky & German Shepherd Dog Mix,Male
Young,Poodle & Pomeranian Mix,Male
Young,Shepherd & Husky Mix,Male
Puppy,Beagle,Male
Puppy,Beagle,Male
Adult,Mixed Breed,Female
Puppy,Labrador Retriever,Male
Young,Great Pyrenees,Male
Puppy,Labrador Retriever & Terrier Mix,Male
Young,Staffordshire Bull Terrier,Female
Young,Labrador Retriever,Male
Puppy,Beagle,Male
Young,Poodle & Yorkshire Terrier Mix,Male
Adult,Rottweiler,Female
Puppy,Beagle,Female
Puppy,German Shepherd Dog,Male
Young,Shepherd & Husky Mix,Female
Young,Labrador Retriever,Male
Young,Labrador Retriever,Male
Puppy,Beagle,Female
Young,Labrador Retriever,Male
Young,Shepherd & Husky Mix,Female
Young,Labrador Retriever,Female
Young,Labrador Retriever,Female
Young,Shepherd & Husky Mix,Female
Puppy,Beagle,Male
Puppy,Great Pyrenees,Female
Puppy,Great Pyrenees,Female
Puppy,Great Pyrenees,Female
Young,Labrador Retriever,Male
Young,Great Pyrenees,Male
Young,Staffordshire Bull Terrier,Female
Young,Great Pyrenees,Male
Puppy,Labrador Retriever & Great Pyrenees Mix,Male
Young,Pomeranian & Golden Retriever Mix,Female
53,away,miles
53,away,miles
Adult,Maltipoo & Poodle Mix,Male
Puppy,Yorkshire Terrier & Chihuahua Mix,Female
Puppy,Cattle Dog & Saint Bernard Mix,Female
Puppy,Labrador Retriever & Great Pyrenees Mix,Male
Puppy,Labrador Retriever & Terrier Mix,Male
Puppy,Labrador Retriever & Terrier Mix,Female
Puppy,Labrador Retriever & Great Pyrenees Mix,Male
Puppy,Labrador Retriever & Great Pyrenees Mix,Male
Puppy,Labrador Retriever & Terrier Mix,Male
Adult,Whippet,Male
Puppy,Labrador Retriever & Great Pyrenees Mix,Male
Puppy,Labrador Retriever & Great Pyrenees Mix,Female
Puppy,Labrador Retriever & Great Pyrenees Mix,Female
Puppy,Great Pyrenees,Female
Puppy,Great Pyrenees,Female
Puppy,Labrador Retriever & Great Pyrenees Mix,Male
Puppy,Husky & German Shepherd Dog Mix,Male
Puppy,Great Pyrenees,Female
Young,American Staffordshire Terrier,Female
Puppy,German Shepherd Dog & Australian Shepherd Mix,Male
Puppy,Husky & German Shepherd Dog Mix,Female
Puppy,Australian Shepherd & Hound Mix,Male
Puppy,Husky & German Shepherd Dog Mix,Male
Puppy,Husky & German Shepherd Dog Mix,Female
Young,Bull Terrier,Male
Young,Beagle & Terrier Mix,Female
Puppy,Husky Mix,Female
Puppy,German Shepherd Dog & Husky Mix,Male
Puppy,German Shepherd Dog & Husky Mix,Male
Adult,Australian Shepherd,Male
Puppy,German Shepherd Dog & Saint Bernard Mix,Male
Puppy,Australian Shepherd & Hound Mix,Male
Puppy,Mixed Breed,Male
Young,Boxer & Jack Russell Terrier Mix,Male
Young,Staffordshire Bull Terrier Mix,Male
Puppy,Great Dane,Female
Young,Mastiff,Male
53,away,miles
Young,Mountain Cur,Male
Puppy,Australian Shepherd & Hound Mix,Female
Puppy,Great Pyrenees & Shepherd Mix,Male
Adult,Terrier Mix,Male
Puppy,Great Pyrenees & Shepherd Mix,Male
Young,Hound Mix,Female
Puppy,Pit Bull Terrier,Male
Puppy,Dachshund,Female
Young,Australian Shepherd,Male
Puppy,Great Pyrenees & Shepherd Mix,Female
Puppy,Australian Shepherd & Hound Mix,Female
Puppy,Pit Bull Terrier Mix,Male
Puppy,Shepherd & Akita Mix,Female
Puppy,Husky,Female
Puppy,Husky,Female
Puppy,Labrador Retriever Mix,Male
Puppy,Labrador Retriever Mix,Female
Puppy,Boxer & Shepherd Mix,Female
Puppy,Flat-Coated Retriever & Labrador Retriever Mix,Male
Puppy,Bloodhound & Labrador Retriever Mix,Male
Puppy,Labrador Retriever Mix,Female
Young,Australian Cattle Dog / Blue Heeler Mix,Female
Puppy,Boxer Mix,Female
Young,Labrador Retriever & American Bulldog Mix,Female
Puppy,Staffordshire Bull Terrier,Male
Puppy,Australian Shepherd & Golden Retriever Mix,Female
Puppy,Bloodhound & Labrador Retriever Mix,Female
Puppy,Labrador Retriever Mix,Female
Puppy,Alaskan Malamute Mix,Female
Puppy,Alaskan Malamute Mix,Male
Puppy,Shepherd & Alaskan Malamute Mix,Female
Puppy,Shepherd Mix,Female
Puppy,Australian Cattle Dog / Blue Heeler Mix,Male
Puppy,Alaskan Malamute Mix,Male
Puppy,Alaskan Malamute Mix,Male
Puppy,Shepherd Mix,Male
Puppy,Rhodesian Ridgeback,Male
Adult,Husky Mix,Female
Young,Shepherd Mix,Male
Adult,Australian Shepherd,Male
Young,Labrador Retriever Mix,Female
Puppy,Cocker Spaniel,Male
Adult,Siberian Husky,Female
Puppy,Great Pyrenees & Catahoula Leopard Dog Mix,Female
Young,Australian Cattle Dog / Blue Heeler & German Shepherd Dog Mix,Male
Puppy,Great Pyrenees & Bernese Mountain Dog Mix,Male
Puppy,Great Pyrenees & Bernese Mountain Dog Mix,Female
Puppy,Great Pyrenees & Bernese Mountain Dog Mix,Female
Young,Terrier Mix,Female
Puppy,Chihuahua & Dachshund Mix,Female
Puppy,Labrador Retriever Mix,Male
Puppy,Labrador Retriever Mix,Female
Adult,Chihuahua Mix,Male
Puppy,Basenji Mix,Female
Young,Chiweenie Mix,Female
Young,Border Collie Mix,Female
Puppy,Chihuahua Mix,Male
Young,Jack Russell Terrier & Beagle Mix,Female
Young,American Staffordshire Terrier Mix,Male
Puppy,Labrador Retriever,Female
Puppy,Labrador Retriever,Male
Puppy,Labrador Retriever,Female
Puppy,Labrador Retriever,Female
Puppy,Labrador Retriever,Female
Puppy,Labrador Retriever,Female
Puppy,Labrador Retriever,Male
Young,Mixed Breed,Female
Adult,Boxer Mix,Male
Young,American Bulldog Mix,Male
Puppy,Mountain Cur,Female
Puppy,Mountain Cur,Female
Young,Husky,Male
Puppy,Mountain Cur,Female
Young,Plott Hound Mix,Female
Puppy,Mountain Cur,Female
Puppy,Mountain Cur Mix,Male
Young,Mountain Cur Mix,Female
Young,Australian Shepherd & Catahoula Leopard Dog Mix,Male
Puppy,Shepherd & Husky Mix,Male
Young,Border Collie,Female
Puppy,Mountain Cur,Female
Puppy,Mountain Cur,Male
Puppy,Mountain Cur,Female
Puppy,Mountain Cur,Female
53,away,miles
Puppy,Mastiff,Male
Puppy,Great Dane & Labrador Retriever Mix,Female
Puppy,Miniature Pinscher & Chihuahua Mix,Male
Adult,Pomeranian & Beagle Mix,Female
Puppy,Boxer,Female
Young,Labrador Retriever,Female
Young,Vizsla,Male
Young,Plott Hound Mix,Female
Young,Chihuahua & Miniature Pinscher Mix,Female
Puppy,Chihuahua & Pit Bull Terrier Mix,Female
Puppy,Great Dane,Male
Puppy,Mountain Cur & Shiba Inu Mix,Female
Adult,Terrier Mix,Male
Young,Chihuahua Mix,Female
Adult,Terrier & Chihuahua Mix,Female
Young,Corgi & Terrier Mix,Female
Puppy,Great Dane & Doberman Pinscher Mix,Male
Young,Catahoula Leopard Dog,Male
Young,Terrier,Male
Adult,Bull Terrier,Male
Puppy,Labrador Retriever & Boxer Mix,Female
Adult,Treeing Walker Coonhound,Male
Puppy,Labrador Retriever & Pit Bull Terrier Mix,Male
Young,Plott Hound,Male
Young,Great Dane,Female
Puppy,Catahoula Leopard Dog & Labrador Retriever Mix,Female
Adult,Pit Bull Terrier,Female
53,away,miles
53,away,miles
53,away,miles
Puppy,Black Mouth Cur,Male
Puppy,Hound,Female
Adult,Border Collie & Australian Cattle Dog / Blue Heeler Mix,Male
Adult,Australian Shepherd,Male
Adult,Chihuahua,Male
Young,Terrier & Basenji Mix,Male
Puppy,Hound & Shepherd Mix,Female
Puppy,Chihuahua,Male
Adult,Rottweiler Mix,Male
Young,Great Dane,Female
Adult,Coonhound,Male
Puppy,German Shepherd Dog & Shepherd Mix,Male
Adult,Miniature Pinscher,Male
Adult,Scottish Terrier & Chihuahua Mix,Female
Puppy,Labrador Retriever & Boxer Mix,Male
Puppy,Weimaraner & Great Dane Mix,Male
Puppy,Cane Corso & Boxer Mix,Female
Young,Boxer & Terrier Mix,Male
Puppy,Wirehaired Terrier,Male
Puppy,Wirehaired Terrier,Male
Puppy,Wirehaired Terrier,Male
Puppy,Rat Terrier & Chihuahua Mix,Female
Puppy,Beagle,Female
Puppy,Labrador Retriever & Boxer Mix,Female
Adult,Husky & Chow Chow Mix,Female
Puppy,Labrador Retriever & Boxer Mix,Male
Adult,Shih Tzu,Male
53,away,miles
Young,Miniature Pinscher,Female
Young,Labrador Retriever & Boxer Mix,Female
Young,Hound,Female
Adult,American Staffordshire Terrier & Rat Terrier Mix,Male
Young,Terrier Mix,Female
53,away,miles
Adult,Shih Tzu,Female
Puppy,Basenji Mix,Male
Young,Anatolian Shepherd & Great Pyrenees Mix,Female
Puppy,Catahoula Leopard Dog Mix,Female
Young,Chocolate Labrador Retriever & Terrier Mix,Female
Young,Vizsla & Terrier Mix,Male
Puppy,Terrier & Miniature Schnauzer Mix,Male
Puppy,Beagle Mix,Male
Adult,Black Mouth Cur & Rhodesian Ridgeback Mix,Male
Young,Shepherd & Black Mouth Cur Mix,Female
Adult,American Staffordshire Terrier & Terrier Mix,Female
Puppy,Weimaraner & Terrier Mix,Female
Young,Cattle Dog & Border Collie Mix,Female
Young,Cattle Dog & Border Collie Mix,Female
Puppy,Patterdale Terrier / Fell Terrier Mix,Male
Adult,Chihuahua & Pug Mix,Male
Puppy,Shiba Inu & Terrier Mix,Female
Young,Pit Bull Terrier & Terrier Mix,Female
Young,American Staffordshire Terrier & Terrier Mix,Male
Young,Basset Hound & English Bulldog Mix,Male
Puppy,Plott Hound & Boxer Mix,Male
Young,Cattle Dog & Shepherd Mix,Female
53,away,miles
Puppy,Pit Bull Terrier Mix,Female
Adult,Pomeranian Mix,Female
Puppy,Spaniel Mix,Male
Puppy,Black Labrador Retriever Mix,Male
53,away,miles
Puppy,German Shepherd Dog & Australian Shepherd Mix,Female
Puppy,Chihuahua Mix,Female
Young,Catahoula Leopard Dog,Male
Young,Corgi & Australian Cattle Dog / Blue Heeler Mix,Male
Adult,Chihuahua & Chiweenie Mix,Male
53,away,miles
Senior,Chow Chow,Female
Adult,Terrier Mix,Female
Senior,Chow Chow,Female
Adult,Flat-Coated Retriever & Border Collie Mix,Female
Adult,Rat Terrier Mix,Male
53,away,miles
Young,Catahoula Leopard Dog & Border Collie Mix,Male
Puppy,Labrador Retriever & Pit Bull Terrier Mix,Female
Adult,Dachshund & Chihuahua Mix,Female
Young,Terrier Mix,Female
Young,Australian Cattle Dog / Blue Heeler Mix,Male
Adult,Catahoula Leopard Dog,Female
Puppy,Hound Mix,Female
Young,Shepherd & Rottweiler Mix,Male
Puppy,Hound Mix,Female
Puppy,Black Labrador Retriever Mix,Female
Puppy,Great Pyrenees Mix,Female
Puppy,Shepherd & Hound Mix,Female
Puppy,Black Labrador Retriever Mix,Female
Puppy,Labrador Retriever & Great Dane Mix,Male
Young,Husky & Terrier Mix,Male
Adult,Catahoula Leopard Dog & Shepherd Mix,Male
Young,Beagle & Hound Mix,Male
Young,Labrador Retriever & Poodle Mix,Female
Young,Australian Cattle Dog / Blue Heeler Mix,Female
Adult,Boxer & Pit Bull Terrier Mix,Female
Adult,Labrador Retriever Mix,Female
Young,Catahoula Leopard Dog & Australian Cattle Dog / Blue Heeler Mix,Female
Young,Labrador Retriever Mix,Male
Young,Great Dane & Labrador Retriever Mix,Female
Puppy,Labrador Retriever & Collie Mix,Male
Puppy,Labrador Retriever & Hound Mix,Female
Puppy,Australian Shepherd & Hound Mix,Male
Senior,Chihuahua Mix,Male
Adult,Terrier & Wirehaired Terrier Mix,Female
Adult,Australian Shepherd Mix,Female
Puppy,Labrador Retriever & Dachshund Mix,Female
Adult,Great Pyrenees & Anatolian Shepherd Mix,Male
Adult,Catahoula Leopard Dog & English Bulldog Mix,Female
Adult,Boxer & Labrador Retriever Mix,Male
Adult,Catahoula Leopard Dog & Labrador Retriever Mix,Female
Puppy,Yellow Labrador Retriever & Labrador Retriever Mix,Female
Puppy,Catahoula Leopard Dog,Female
Adult,Catahoula Leopard Dog & Staffordshire Bull Terrier Mix,Male
Young,Catahoula Leopard Dog & Border Collie Mix,Male
Senior,Terrier Mix,Female
Adult,Australian Cattle Dog / Blue Heeler Mix,Male
Adult,Catahoula Leopard Dog & Basset Hound Mix,Female
Puppy,Australian Cattle Dog / Blue Heeler Mix,Female
Puppy,Hound Mix,Female
Puppy,Pointer Mix,Male
Puppy,Catahoula Leopard Dog Mix,Female
Young,Australian Cattle Dog / Blue Heeler & Catahoula Leopard Dog Mix,Female
Young,Catahoula Leopard Dog Mix,Male
Puppy,Australian Cattle Dog / Blue Heeler,Female
Adult,Chihuahua & Rat Terrier Mix,Male
Young,Catahoula Leopard Dog Mix,Male
Young,Australian Cattle Dog / Blue Heeler,Female
Young,Shih Tzu Mix,Female
Adult,Poodle & Cattle Dog Mix,Male
Puppy,Hound & Weimaraner Mix,Male
Adult,Black Labrador Retriever & Flat-Coated Retriever Mix,Male
Young,Terrier,Female
Puppy,Labrador Retriever Mix,Female
Puppy,German Shepherd Dog & Pointer Mix,Female
Puppy,German Shepherd Dog & Pointer Mix,Female
Puppy,German Shepherd Dog & Pointer Mix,Male
Puppy,German Shepherd Dog & Pointer Mix,Female
Puppy,German Shepherd Dog & Pointer Mix,Male
Puppy,German Shepherd Dog & Pointer Mix,Female
Young,Australian Kelpie & Labrador Retriever Mix,Male
53,away,miles
Puppy,Australian Kelpie & Hound Mix,Male
53,away,miles
Puppy,Labrador Retriever Mix,Female
Puppy,Labrador Retriever Mix,Male
Puppy,Corgi & Pit Bull Terrier Mix,Male
Young,Labrador Retriever Mix,Male
Adult,Labrador Retriever Mix,Female
Puppy,Black Mouth Cur Mix,Male
Puppy,Yellow Labrador Retriever Mix,Female
Adult,Great Pyrenees,Female
55,away,miles
55,away,miles
Puppy,Catahoula Leopard Dog Mix,Female
Senior,Pit Bull Terrier & Dalmatian Mix,Male
Puppy,Collie Mix,Female
Puppy,Hound Mix,Female
Puppy,Hound Mix,Female
Puppy,Labrador Retriever Mix,Female
Puppy,Labrador Retriever Mix,Male
Puppy,Labrador Retriever & Shepherd Mix,Male
Adult,Black Mouth Cur & Boxer Mix,Female
Puppy,Great Pyrenees Mix,Female
Puppy,Border Collie & Shepherd Mix,Female
Puppy,Labrador Retriever Mix,Female
Puppy,German Wirehaired Pointer & Terrier Mix,Female
Puppy,Labrador Retriever & Pointer Mix,Female
Young,Great Pyrenees,Female
Adult,Labrador Retriever & Hound Mix,Female
Young,Labrador Retriever & Collie Mix,Male
55,away,miles
55,away,miles
55,away,miles
55,away,miles
55,away,miles
55,away,miles
55,away,miles
55,away,miles
55,away,miles
55,away,miles
55,away,miles
55,away,miles
55,away,miles
55,away,miles
55,away,miles
Young,Chihuahua Mix,Male
Puppy,Chihuahua & Jack Russell Terrier Mix,Female
55,away,miles
55,away,miles
55,away,miles
55,away,miles
55,away,miles
55,away,miles
55,away,miles
55,away,miles
55,away,miles
55,away,miles
55,away,miles
55,away,miles
55,away,miles
55,away,miles
55,away,miles
55,away,miles
55,away,miles
55,away,miles
55,away,miles
55,away,miles
55,away,miles
55,away,miles
55,away,miles
55,away,miles
55,away,miles
55,away,miles
55,away,miles
55,away,miles
55,away,miles
55,away,miles
55,away,miles
55,away,miles
55,away,miles
55,away,miles
55,away,miles
55,away,miles
55,away,miles
55,away,miles
55,away,miles
55,away,miles
55,away,miles
55,away,miles
55,away,miles
55,away,miles
Puppy,Rottweiler Mix,Male
55,away,miles
Puppy,Pug Mix,Female
Puppy,Pug,Male
55,away,miles
55,away,miles
55,away,miles
55,away,miles
55,away,miles
55,away,miles
55,away,miles
55,away,miles
55,away,miles
55,away,miles
55,away,miles
55,away,miles
55,away,miles
55,away,miles
55,away,miles
55,away,miles
55,away,miles
55,away,miles
55,away,miles
55,away,miles
55,away,miles
55,away,miles
55,away,miles
55,away,miles
55,away,miles
55,away,miles
55,away,miles
55,away,miles
55,away,miles
55,away,miles
Puppy,Australian Cattle Dog / Blue Heeler Mix,Female
55,away,miles
55,away,miles
55,away,miles
55,away,miles
55,away,miles
Adult,German Shepherd Dog & Labrador Retriever Mix,Male
Puppy,Pit Bull Terrier Mix,Female
55,away,miles
55,away,miles
55,away,miles
55,away,miles
55,away,miles
55,away,miles
Young,German Shepherd Dog Mix,Female
55,away,miles
55,away,miles
Young,Rottweiler,Female
55,away,miles
55,away,miles
55,away,miles
55,away,miles
55,away,miles
55,away,miles
Young,German Shepherd Dog Mix,Male
55,away,miles
Young,Husky & German Shepherd Dog Mix,Male
55,away,miles
55,away,miles
55,away,miles
55,away,miles
55,away,miles
55,away,miles
55,away,miles
55,away,miles
Young,Husky Mix,Female
55,away,miles
Puppy,German Shepherd Dog Mix,Female
55,away,miles
55,away,miles
Puppy,Rottweiler Mix,Female
Adult,Pug Mix,Male
55,away,miles
55,away,miles
Puppy,Labrador Retriever Mix,Female
Puppy,American Bulldog & Labrador Retriever Mix,Male
55,away,miles
55,away,miles
55,away,miles
55,away,miles
55,away,miles
Senior,Dachshund Mix,Male
Puppy,Labrador Retriever,Female
Puppy,Shepherd Mix,Male
Puppy,Shepherd Mix,Male
Senior,Golden Retriever Mix,Male
Adult,Boxer Mix,Female
Puppy,Boxer Mix,Male
Puppy,Labrador Retriever & Hound Mix,Female
Puppy,Labrador Retriever & Hound Mix,Female
Puppy,Boxer Mix,Male
Puppy,Boxer Mix,Male
Puppy,Labrador Retriever & Hound Mix,Female
Puppy,Boxer Mix,Female
Puppy,Boxer Mix,Female
Puppy,Labrador Retriever & Spaniel Mix,Female
Puppy,Labrador Retriever Mix,Male
Puppy,Labrador Retriever & Hound Mix,Female
Puppy,Husky & Labrador Retriever Mix,Male
Adult,Chihuahua Mix,Male
Young,Australian Shepherd & Golden Retriever Mix,Male
Young,Australian Shepherd & Golden Retriever Mix,Female
Puppy,Australian Shepherd & Golden Retriever Mix,Female
Puppy,Australian Shepherd & Golden Retriever Mix,Female
Puppy,Australian Shepherd & Golden Retriever Mix,Female
Puppy,Labrador Retriever Mix,Female
Adult,Boxer Mix,Female
Young,Coonhound Mix,Male
Senior,Pomeranian,Female
Puppy,Catahoula Leopard Dog Mix,Male
Puppy,Labrador Retriever & Spaniel Mix,Male
Puppy,Labrador Retriever & Hound Mix,Female
Puppy,Dachshund & Wirehaired Terrier Mix,Female
Puppy,Labrador Retriever & Hound Mix,Female
Puppy,Chihuahua & Poodle Mix,Female
Puppy,Chihuahua & Poodle Mix,Male
Puppy,Labrador Retriever & Pointer Mix,Female
Puppy,Beagle & Pug Mix,Female
Puppy,Beagle & Pug Mix,Male
Young,Labrador Retriever Mix,Male
Young,Chihuahua Mix,Male
Young,Beagle & Dachshund Mix,Female
Puppy,Jack Russell Terrier & Yorkshire Terrier Mix,Male
Puppy,Jack Russell Terrier & Yorkshire Terrier Mix,Male
Puppy,Boxer & Hound Mix,Male
Puppy,Boxer & Hound Mix,Female
Puppy,Boxer & Hound Mix,Female
Puppy,Boxer & Hound Mix,Female
Puppy,Labrador Retriever Mix,Male
Puppy,Labrador Retriever Mix,Female
Adult,Rottweiler & Shepherd Mix,Male
Young,Chihuahua Mix,Male
Puppy,Terrier Mix,Female
Puppy,Labrador Retriever & Beagle Mix,Male
Young,Lancashire Heeler Mix,Male
Young,Border Collie & Chow Chow Mix,Male
Young,Terrier Mix,Male
Young,Shetland Sheepdog / Sheltie & Collie Mix,Female
Puppy,Hound & Shepherd Mix,Male
Puppy,Labrador Retriever & Hound Mix,Female
Puppy,Terrier & Shepherd Mix,Male
Puppy,Labrador Retriever Mix,Male
Puppy,Spaniel & Border Collie Mix,Male
Puppy,Black Mouth Cur & Hound Mix,Female
Puppy,Black Mouth Cur Mix,Female
Puppy,Hound Mix,Male
Puppy,Hound Mix,Female
Puppy,Labrador Retriever & Golden Retriever Mix,Female
Puppy,Shepherd & Chow Chow Mix,Female
Puppy,Labrador Retriever & Golden Retriever Mix,Male
Puppy,Shepherd & Chow Chow Mix,Male
Puppy,Shepherd & Chow Chow Mix,Male
Puppy,Labrador Retriever & Golden Retriever Mix,Male
Puppy,Boxer & Terrier Mix,Male
Puppy,Corgi & Labrador Retriever Mix,Male
Puppy,Labrador Retriever Mix,Female
Puppy,Labrador Retriever & Black Mouth Cur Mix,Female
Puppy,Labrador Retriever & Black Mouth Cur Mix,Female
Puppy,Labrador Retriever & Black Mouth Cur Mix,Male
Young,Labrador Retriever Mix,Female
Puppy,Shepherd Mix,Male
Puppy,Husky & Retriever Mix,Male
Puppy,Labrador Retriever Mix,Female
Puppy,Labrador Retriever Mix,Female
Puppy,Shepherd Mix,Male
Puppy,Labrador Retriever Mix,Male
Young,Dutch Shepherd Mix,Female
Puppy,Boxer & Labrador Retriever Mix,Male
Young,Labrador Retriever Mix,Female
Adult,French Bulldog & Pug Mix,Male
Young,Chihuahua Mix,Female
Young,Husky,Male
Adult,Siberian Husky,Male
Young,Chiweenie,Female
Adult,American Staffordshire Terrier,Female
Adult,American Staffordshire Terrier,Male
Adult,Mixed Breed,Female
Adult,Mixed Breed,Female
Young,American Staffordshire Terrier Mix,Female
Adult,American Staffordshire Terrier,Male
Young,American Staffordshire Terrier Mix,Male
Young,Hound,Male
Adult,American Staffordshire Terrier Mix,Male
Adult,American Staffordshire Terrier,Male
Adult,Terrier,Female
Senior,Hound,Female
Senior,Pug,Female
Adult,Staffordshire Bull Terrier Mix,Male
Young,Pit Bull Terrier Mix,Female
Adult,Beagle,Male
Adult,Beagle,Male
Adult,American Staffordshire Terrier,Male
Adult,Black and Tan Coonhound,Male
Young,Mixed Breed,Female
Young,Terrier Mix,Female
Adult,Labrador Retriever,Female
Adult,Chocolate Labrador Retriever Mix,Male
Adult,American Staffordshire Terrier Mix,Male
Senior,Beagle Mix,Female
Adult,Labrador Retriever Mix,Female
Young,American Bully,Male
Senior,Beagle Mix,Female
Adult,American Staffordshire Terrier Mix,Female
Adult,Bluetick Coonhound,Male
Young,Pit Bull Terrier Mix,Female
Senior,Boston Terrier,Male
Young,German Shepherd Dog Mix,Female
Adult,Afghan Hound,Male
Adult,German Shepherd Dog,Male
Puppy,Chihuahua,Male
Senior,German Shepherd Dog,Female
56,away,miles
Senior,Pit Bull Terrier Mix,Male
Young,American Staffordshire Terrier Mix,Male
Adult,Schnauzer Mix,Male
Senior,Flat-Coated Retriever Mix,Female
Adult,Labrador Retriever Mix,Male
56,away,miles
Young,Foxhound,Male
Adult,Husky & Pit Bull Terrier Mix,Female
Young,Pit Bull Terrier Mix,Female
Adult,American Bulldog Mix,Male
Senior,German Shepherd Dog,Male
Senior,Mixed Breed,Male
Senior,Chihuahua,Female
Adult,Labrador Retriever Mix,Female
Puppy,Chihuahua & American Staffordshire Terrier Mix,Female
Senior,Yorkshire Terrier Mix,Female
Young,Pit Bull Terrier Mix,Female
Adult,Beagle,Male
Adult,Beagle,Male
Adult,American Staffordshire Terrier,Male
Adult,Black and Tan Coonhound,Male
Young,Mixed Breed,Female
Young,Terrier Mix,Female
Adult,Labrador Retriever,Female
Adult,Chocolate Labrador Retriever Mix,Male
Adult,American Staffordshire Terrier Mix,Male
Senior,Beagle Mix,Female
Adult,Labrador Retriever Mix,Female
Young,American Bully,Male
Senior,Beagle Mix,Female
Adult,American Staffordshire Terrier Mix,Female
Adult,Bluetick Coonhound,Male
Young,Pit Bull Terrier Mix,Female
Senior,Boston Terrier,Male
Young,German Shepherd Dog Mix,Female
Adult,Afghan Hound,Male
Adult,German Shepherd Dog,Male
Puppy,Chihuahua,Male
Senior,German Shepherd Dog,Female
56,away,miles
Senior,Pit Bull Terrier Mix,Male
Young,American Staffordshire Terrier Mix,Male
Adult,Schnauzer Mix,Male
Senior,Flat-Coated Retriever Mix,Female
Adult,Labrador Retriever Mix,Male
56,away,miles
Young,Foxhound,Male
Adult,Husky & Pit Bull Terrier Mix,Female
Young,Pit Bull Terrier Mix,Female
Adult,American Bulldog Mix,Male
Senior,German Shepherd Dog,Male
Senior,Mixed Breed,Male
Senior,Chihuahua,Female
Adult,Labrador Retriever Mix,Female
Puppy,Chihuahua & American Staffordshire Terrier Mix,Female
Senior,Yorkshire Terrier Mix,Female
Young,Pit Bull Terrier Mix,Female
Adult,Beagle,Male
Adult,Beagle,Male
Adult,American Staffordshire Terrier,Male
Adult,Black and Tan Coonhound,Male
Young,Mixed Breed,Female
Young,Terrier Mix,Female
Adult,Labrador Retriever,Female
Adult,Chocolate Labrador Retriever Mix,Male
Adult,American Staffordshire Terrier Mix,Male
Senior,Beagle Mix,Female
Adult,Labrador Retriever Mix,Female
Young,American Bully,Male
Senior,Beagle Mix,Female
Adult,American Staffordshire Terrier Mix,Female
Adult,Bluetick Coonhound,Male
Young,Pit Bull Terrier Mix,Female
Senior,Boston Terrier,Male
Young,German Shepherd Dog Mix,Female
Adult,Afghan Hound,Male
Adult,German Shepherd Dog,Male
Puppy,Chihuahua,Male
Senior,German Shepherd Dog,Female
56,away,miles
Senior,Pit Bull Terrier Mix,Male
Young,American Staffordshire Terrier Mix,Male
Adult,Schnauzer Mix,Male
Senior,Flat-Coated Retriever Mix,Female
Adult,Labrador Retriever Mix,Male
56,away,miles
Young,Foxhound,Male
Adult,Husky & Pit Bull Terrier Mix,Female
Young,Pit Bull Terrier Mix,Female
Adult,American Bulldog Mix,Male
Senior,German Shepherd Dog,Male
Senior,Mixed Breed,Male
Senior,Chihuahua,Female
Adult,Labrador Retriever Mix,Female
Puppy,Chihuahua & American Staffordshire Terrier Mix,Female
Senior,Yorkshire Terrier Mix,Female
Young,Chocolate Labrador Retriever Mix,Male
Young,German Shepherd Dog,Male
Adult,Boxer,Male
Adult,Shepherd & Labrador Retriever Mix,Male
Senior,Pharaoh Hound,Male
Adult,Labrador Retriever & Boxer Mix,Female
Young,Hound Mix,Female
Young,Black Labrador Retriever Mix,Male
Adult,Husky & Shepherd Mix,Male
Adult,Great Dane Mix,Male
Adult,Golden Retriever & Black Labrador Retriever Mix,Male
Young,Pharaoh Hound Mix,Male
Adult,Terrier Mix,Male
Senior,Dachshund,Male
Adult,Black Labrador Retriever,Male
Adult,Beagle,Male
Adult,Saint Bernard,Male
Senior,Labrador Retriever & Hound Mix,Male
Adult,Redbone Coonhound & Chocolate Labrador Retriever Mix,Male
Adult,Hound Mix,Female
Senior,Chow Chow,Female
Senior,Chocolate Labrador Retriever & Hound Mix,Male
Senior,Basset Hound & Beagle Mix,Male
Adult,Yorkshire Terrier & Poodle Mix,Male
Adult,American Bulldog Mix,Male
Adult,Chihuahua & Pug Mix,Male
Adult,German Shepherd Dog,Male
Young,Border Collie & Pointer Mix,Male
Adult,Boxer,Male
Adult,Chocolate Labrador Retriever,Female
Adult,Yellow Labrador Retriever & Irish Wolfhound Mix,Male
Young,Husky & Collie Mix,Male
Adult,Mastiff Mix,Male
Adult,Husky & American Bulldog Mix,Male
Young,Chihuahua & Pug Mix,Female
Senior,Poodle Mix,Female
Adult,Terrier,Male
Adult,Beagle & Basset Hound Mix,Male
Senior,Bullmastiff & Boxer Mix,Male
Adult,Boston Terrier Mix,Female
Senior,Bullmastiff & Boxer Mix,Male
Adult,Boxer Mix,Male
Adult,Treeing Walker Coonhound,Female
Young,Shepherd Mix,Female
Young,Dachshund Mix,Female
Young,Staffordshire Bull Terrier Mix,Male
Adult,Hound,Female
Adult,Boxer Mix,Male
Adult,Redbone Coonhound,Male
Adult,Yellow Labrador Retriever Mix,Female
Adult,American Bulldog & Rottweiler Mix,Male
Adult,Border Collie & Labrador Retriever Mix,Female
Adult,Airedale Terrier,Male
Adult,American Staffordshire Terrier & Dalmatian Mix,Female
Adult,Cattle Dog,Male
Young,Black Labrador Retriever & Pit Bull Terrier Mix,Male
Young,Saint Bernard,Male
Young,Pit Bull Terrier,Female
Adult,Boxer,Male
Adult,Pit Bull Terrier & Labrador Retriever Mix,Female
Senior,Labrador Retriever & Setter Mix,Female
Young,Labrador Retriever & Pit Bull Terrier Mix,Male
Adult,Labrador Retriever Mix,Male
Young,Miniature Pinscher,Male
Young,Treeing Walker Coonhound & English Setter Mix,Male
Adult,Border Collie Mix,Male
Adult,Miniature Pinscher & Chihuahua Mix,Male
Adult,American Bulldog Mix,Male
Adult,Basset Hound,Male
Young,Terrier Mix,Female
Adult,Black Labrador Retriever Mix,Female
Adult,German Shepherd Dog Mix,Male
Adult,Pit Bull Terrier Mix,Male
Adult,Border Collie Mix,Male
Adult,Pit Bull Terrier Mix,Male
Young,Treeing Walker Coonhound & English Setter Mix,Female
Adult,Beagle,Male
Adult,Hound Mix,Female
Adult,Boxer Mix,Female
Adult,Husky,Female
Adult,Boxer Mix,Female
Adult,Husky,Female
Young,Basset Hound Mix,Female
Young,Boxer Mix,Female
Puppy,Treeing Walker Coonhound & English Setter Mix,Male
Adult,Treeing Walker Coonhound Mix,Female
Young,Plott Hound,Female
Adult,German Shepherd Dog Mix,Female
Adult,Maltese Mix,Male
Senior,Cocker Spaniel,Male
Adult,Yellow Labrador Retriever Mix,Male
Adult,Black Labrador Retriever & Rottweiler Mix,Male
Adult,Black Labrador Retriever Mix,Female
Adult,Maltese Mix,Male
Adult,American Bulldog Mix,Male
Young,American Bulldog & Black Labrador Retriever Mix,Female
Adult,Beagle Mix,Male
Senior,Irish Setter Mix,Female
Adult,Mastiff & Pit Bull Terrier Mix,Female
Adult,Pit Bull Terrier Mix,Female
Young,Beagle Mix,Male
Adult,Bluetick Coonhound Mix,Female
Adult,Shepherd Mix,Male
Young,Pit Bull Terrier & Pug Mix,Male
Young,Husky Mix,Female
Adult,Boxer & Pit Bull Terrier Mix,Female
Adult,Pomeranian Mix,Male
Adult,Pekingese & Pomeranian Mix,Male
Senior,Labrador Retriever Mix,Male
Young,Pit Bull Terrier Mix,Female
Adult,Weimaraner,Female
Young,Mastiff & Rottweiler Mix,Female
Young,Boxer Mix,Female
Young,Golden Retriever Mix,Male
Adult,Labrador Retriever Mix,Male
Puppy,German Shepherd Dog & Husky Mix,Female
Young,Boxer Mix,Male
Adult,Labrador Retriever Mix,Female
Young,Labrador Retriever Mix,Male
Young,Husky & Labrador Retriever Mix,Male
Adult,Boxer Mix,Female
Adult,Husky,Female
Young,Basset Hound Mix,Female
Young,Boxer Mix,Female
Puppy,Treeing Walker Coonhound & English Setter Mix,Male
Adult,Treeing Walker Coonhound Mix,Female
Young,Plott Hound,Female
Adult,German Shepherd Dog Mix,Female
Adult,Maltese Mix,Male
Senior,Cocker Spaniel,Male
Adult,Yellow Labrador Retriever Mix,Male
Adult,Black Labrador Retriever & Rottweiler Mix,Male
Adult,Black Labrador Retriever Mix,Female
Adult,Maltese Mix,Male
Adult,American Bulldog Mix,Male
Young,American Bulldog & Black Labrador Retriever Mix,Female
Adult,Beagle Mix,Male
Senior,Irish Setter Mix,Female
Adult,Mastiff & Pit Bull Terrier Mix,Female
Adult,Pit Bull Terrier Mix,Female
Young,Beagle Mix,Male
Adult,Bluetick Coonhound Mix,Female
Adult,Shepherd Mix,Male
Young,Pit Bull Terrier & Pug Mix,Male
Young,Husky Mix,Female
Adult,Boxer & Pit Bull Terrier Mix,Female
Adult,Pomeranian Mix,Male
Adult,Pekingese & Pomeranian Mix,Male
Senior,Labrador Retriever Mix,Male
Young,Pit Bull Terrier Mix,Female
Adult,Weimaraner,Female
Young,Mastiff & Rottweiler Mix,Female
Young,Boxer Mix,Female
Young,Golden Retriever Mix,Male
Adult,Labrador Retriever Mix,Male
Puppy,German Shepherd Dog & Husky Mix,Female
Young,Boxer Mix,Male
Adult,Labrador Retriever Mix,Female
Young,Labrador Retriever Mix,Male
Young,Husky & Labrador Retriever Mix,Male
Adult,Beagle,Male
Adult,Tibetan Terrier,Male
Adult,Boston Terrier & Terrier Mix,Female
Senior,Chocolate Labrador Retriever & Spaniel Mix,Male
Adult,Great Dane & Great Pyrenees Mix,Male
Adult,Basset Hound & Beagle Mix,Female
Young,Retriever & Beagle Mix,Female
Adult,Yellow Labrador Retriever & Golden Retriever Mix,Male
Young,Carolina Dog & Terrier Mix,Female
Young,Carolina Dog & Terrier Mix,Female
Young,Labrador Retriever & American Bulldog Mix,Female
Adult,Beagle,Female
Adult,Chihuahua & Jack Russell Terrier Mix,Male
Adult,Chihuahua & Feist Mix,Male
Adult,Shepherd & Doberman Pinscher Mix,Male
Adult,Chihuahua,Female
Young,Labrador Retriever & Carolina Dog Mix,Female
Adult,Hound & Labrador Retriever Mix,Female
Young,Shepherd & Terrier Mix,Male
Young,Shepherd & Terrier Mix,Male
Young,Tibetan Terrier,Male
Young,Terrier,Male
Senior,Terrier & Labrador Retriever Mix,Male
Adult,Chihuahua,Male
Adult,Husky Mix,Female
Young,German Shepherd Dog Mix,Male
Adult,German Shepherd Dog Mix,Female
Young,Dachshund & Terrier Mix,Male
Puppy,Great Dane & Doberman Pinscher Mix,Female
Puppy,Great Dane & Doberman Pinscher Mix,Female
Adult,Chihuahua Mix,Female
Young,German Shepherd Dog & Belgian Shepherd / Malinois Mix,Male
Adult,Schnauzer & Shih Tzu Mix,Female
Young,Terrier & Labrador Retriever Mix,Male
Adult,Terrier Mix,Female
Young,Husky,Female
Adult,Pointer & Terrier Mix,Female
Adult,Jack Russell Terrier & Rat Terrier Mix,Male
Adult,Chihuahua Mix,Female
Adult,Chihuahua & Jack Russell Terrier Mix,Male
Young,Chihuahua & Jack Russell Terrier Mix,Male
Young,Chihuahua & Wirehaired Terrier Mix,Female
Young,Chihuahua & Dachshund Mix,Male
Adult,Terrier Mix,Male
Adult,Terrier Mix,Female
Young,Terrier & American Bulldog Mix,Male
Adult,Jack Russell Terrier Mix,Female
Adult,French Bulldog,Female
Young,Basset Hound & Beagle Mix,Male
Adult,Wirehaired Terrier Mix,Male
Adult,Shepherd & Labrador Retriever Mix,Male
Young,Terrier & Cattle Dog Mix,Male
Young,Terrier & Pit Bull Terrier Mix,Female
Adult,Alaskan Malamute & Husky Mix,Male
Adult,German Shepherd Dog Mix,Female
Adult,Terrier & Beagle Mix,Male
Adult,German Shepherd Dog Mix,Female
Young,Pomeranian & Terrier Mix,Male
Adult,Cairn Terrier Mix,Female
Adult,Pit Bull Terrier,Female
Adult,German Spitz & Shepherd Mix,Male
Adult,Chihuahua & Pomeranian Mix,Male
Adult,German Shepherd Dog Mix,Male
Young,Rat Terrier Mix,Male
Adult,Chihuahua & Terrier Mix,Male
Adult,Miniature Pinscher & Rat Terrier Mix,Female
Adult,Doberman Pinscher & Shar-Pei Mix,Female
Young,Shepherd & Husky Mix,Female
Senior,Jack Russell Terrier Mix,Male
Senior,Jack Russell Terrier & Chihuahua Mix,Male
Adult,Terrier & Labrador Retriever Mix,Male
Adult,Pit Bull Terrier Mix,Female
Adult,American Bulldog Mix,Male
Young,Mixed Breed,Female
Young,German Shepherd Dog & Labrador Retriever Mix,Male
Adult,Rottweiler & Shepherd Mix,Male
Young,Black Mouth Cur & Labrador Retriever Mix,Female
Adult,Beagle,Male
Adult,Plott Hound & Labrador Retriever Mix,Female
Adult,Pit Bull Terrier & Labrador Retriever Mix,Female
Senior,Jack Russell Terrier & Border Collie Mix,Male
Adult,Plott Hound & Dutch Shepherd Mix,Male
Adult,Treeing Walker Coonhound,Male
Adult,Yellow Labrador Retriever Mix,Female
Senior,Labrador Retriever Mix,Male
Adult,Australian Cattle Dog / Blue Heeler & Cattle Dog Mix,Male
Adult,Labrador Retriever,Female
Adult,Husky Mix,Female
Senior,Alaskan Malamute & Shepherd Mix,Male
Adult,Treeing Walker Coonhound & English Coonhound Mix,Female
Young,Australian Cattle Dog / Blue Heeler & Beagle Mix,Male
Senior,Black Labrador Retriever,Male
Adult,Rottweiler Mix,Female
Adult,Black Labrador Retriever Mix,Male
Adult,Yellow Labrador Retriever & Basenji Mix,Female
Adult,Boston Terrier Mix,Male
Adult,Shetland Sheepdog / Sheltie Mix,Female
Senior,Treeing Walker Coonhound Mix,Male
Young,Pit Bull Terrier Mix,Male
Young,Great Pyrenees Mix,Male
Adult,Great Pyrenees,Female
Adult,Great Pyrenees,Male
Adult,Great Pyrenees Mix,Female
Adult,Great Pyrenees,Female
Young,Great Pyrenees,Male
Young,Great Pyrenees,Female
Young,Great Pyrenees,Female
Adult,Great Pyrenees,Female
Adult,Great Pyrenees,Male
Adult,Great Pyrenees,Female
Adult,Great Pyrenees,Male
Adult,Great Pyrenees,Male
Young,Great Pyrenees,Female
Young,Akbash,Female
Adult,Great Pyrenees,Male
Adult,Great Pyrenees,Female
Puppy,Great Pyrenees,Male
Adult,Great Pyrenees,Female
Adult,Great Pyrenees,Female
Adult,Great Pyrenees,Female
Adult,Great Pyrenees,Male
Adult,Great Pyrenees,Female
Adult,Great Pyrenees,Female
Adult,Great Pyrenees,Male
Adult,Great Pyrenees Mix,Female
Adult,Collie & Husky Mix,Male
Adult,Great Pyrenees,Male
Adult,Great Pyrenees Mix,Female
Adult,Great Pyrenees Mix,Female
Young,Great Pyrenees & Collie Mix,Female
Young,Great Pyrenees & Labrador Retriever Mix,Female
Adult,Great Pyrenees & Anatolian Shepherd Mix,Male
Young,Great Pyrenees,Female
Adult,Great Pyrenees,Male
Adult,Great Pyrenees,Male
Young,Great Pyrenees,Female
Young,Fila Brasileiro & Cane Corso Mix,Male
Puppy,Terrier Mix,Female
Puppy,Australian Cattle Dog / Blue Heeler Mix,Male
Young,Spitz Mix,Male
Young,Labrador Retriever & Collie Mix,Female
Adult,Chihuahua Mix,Male
Puppy,Labrador Retriever Mix,Male
Puppy,Labrador Retriever Mix,Male
Senior,Catahoula Leopard Dog & Shepherd Mix,Female
Puppy,Pit Bull Terrier Mix,Male
Puppy,Labrador Retriever Mix,Female
Puppy,Labrador Retriever Mix,Male
Adult,Belgian Shepherd / Tervuren & German Shepherd Dog Mix,Male
61,away,miles
Puppy,Shepherd Mix,Female
Puppy,Labrador Retriever Mix,Female
Puppy,Chihuahua Mix,Male
Adult,Boxer & Labrador Retriever Mix,Male
Young,Pit Bull Terrier & Staffordshire Bull Terrier Mix,Female
Adult,Pug & Pekingese Mix,Male
Young,White German Shepherd & Border Collie Mix,Male
Adult,Feist & Rat Terrier Mix,Female
Young,Hound & Labrador Retriever Mix,Male
Puppy,German Shepherd Dog Mix,Female
Young,Black Mouth Cur & Boxer Mix,Female
Adult,Border Collie Mix,Female
Puppy,Black Labrador Retriever & Australian Cattle Dog / Blue Heeler Mix,Male
Young,Catahoula Leopard Dog & Labrador Retriever Mix,Female
64,away,miles
Puppy,Beagle Mix,Female
Puppy,Border Collie & Labrador Retriever Mix,Female
Puppy,Border Collie & Labrador Retriever Mix,Male
Adult,Great Pyrenees & Shepherd Mix,Female
Puppy,Shih Tzu & Chihuahua Mix,Male
Puppy,Shih Tzu & Chihuahua Mix,Female
Puppy,Shih Tzu & Chihuahua Mix,Female
Puppy,Pit Bull Terrier Mix,Female
Puppy,Mixed Breed,Female
Puppy,Mixed Breed,Female
Puppy,Mixed Breed,Female
Puppy,Terrier Mix,Male
Puppy,Terrier Mix,Female
Puppy,Labrador Retriever & Australian Shepherd Mix,Male
Puppy,Labrador Retriever Mix,Female
Adult,Yorkshire Terrier & Poodle Mix,Female
Puppy,Hound Mix,Female
Puppy,Boxer Mix,Female
Puppy,Dachshund & Chihuahua Mix,Female
Young,Feist Mix,Female
Adult,Rat Terrier Mix,Female
Puppy,Hound Mix,Female
Puppy,Labrador Retriever Mix,Female
Puppy,Australian Cattle Dog / Blue Heeler Mix,Female
Young,Spitz Mix,Female
Adult,White German Shepherd & Cattle Dog Mix,Female
Puppy,Labrador Retriever & Terrier Mix,Male
Young,Beagle Mix,Female
Puppy,Great Pyrenees & Border Collie Mix,Male
Young,Labrador Retriever Mix,Female
Puppy,German Shepherd Dog,Female
Puppy,German Shepherd Dog,Female
Young,Pointer Mix,Female
Puppy,Labrador Retriever & Hound Mix,Male
Puppy,Dachshund & Shiba Inu Mix,Female
Puppy,German Shepherd Dog & Catahoula Leopard Dog Mix,Male
Puppy,Collie & Shepherd Mix,Male
Puppy,Labrador Retriever & German Shepherd Dog Mix,Female
Puppy,Australian Shepherd Mix,Male
Puppy,Labrador Retriever & Shepherd Mix,Male
Puppy,Labrador Retriever Mix,Female
Puppy,Chow Chow Mix,Female
Puppy,Jack Russell Terrier & Hound Mix,Male
Adult,Pit Bull Terrier Mix,Male
Young,Labrador Retriever & Pit Bull Terrier Mix,Male
Adult,Mixed Breed,Female
Adult,Basset Hound Mix,Female
Adult,Labrador Retriever & English Setter Mix,Female
Adult,Pit Bull Terrier,Female
Adult,Mixed Breed,Male
Young,Husky Mix,Male
Young,Labrador Retriever Mix,Female
Adult,French Bulldog,Male
Adult,Pit Bull Terrier Mix,Male
Adult,Mixed Breed,Male
Young,Labrador Retriever Mix,Male
Young,Mixed Breed,Female
Adult,Australian Shepherd Mix,Female
Young,Labrador Retriever & Pit Bull Terrier Mix,Male
Young,Labrador Retriever & English Setter Mix,Female
Young,Mixed Breed,Male
Young,Labrador Retriever Mix,Female
Young,Labrador Retriever & Husky Mix,Female
Adult,Labrador Retriever & Pit Bull Terrier Mix,Female
Young,Labrador Retriever Mix,Male
Adult,Jack Russell Terrier Mix,Male
Adult,Husky & Labrador Retriever Mix,Male
Young,Labrador Retriever Mix,Male
Adult,Havanese Mix,Male
Adult,Boston Terrier,Male
Adult,Mastiff Mix,Male
Young,Labrador Retriever Mix,Female
Young,Labrador Retriever Mix,Female
Young,Labrador Retriever Mix,Female
Young,Mixed Breed,Male
Puppy,Bulldog Mix,Female
Puppy,Bulldog Mix,Female
Young,Mixed Breed,Female
Adult,Bulldog Mix,Female
Puppy,Mixed Breed,Female
Adult,Labrador Retriever Mix,Female
Young,Mixed Breed,Male
Puppy,Bulldog Mix,Male
Adult,Pit Bull Terrier Mix,Female
Adult,Black Labrador Retriever Mix,Male
Puppy,Mixed Breed,Male
Adult,Mixed Breed,Female
Puppy,Mixed Breed,Male
Puppy,Mixed Breed,Male
Adult,French Bulldog,Female
Young,Belgian Shepherd / Malinois Mix,Female
Young,Mixed Breed,Female
Adult,Dachshund Mix,Female
Adult,American Bulldog Mix,Male
Adult,Hound Mix,Male
Young,Mixed Breed,Male
Adult,Mixed Breed,Female
Young,Mixed Breed,Male
Adult,Chihuahua Mix,Female
Puppy,Bulldog Mix,Male
Adult,Chihuahua Mix,Male
Adult,Black Labrador Retriever Mix,Male
Adult,Black Labrador Retriever & German Shorthaired Pointer Mix,Male
Young,Mixed Breed,Male
Adult,Chocolate Labrador Retriever,Male
Puppy,Mixed Breed,Female
Young,Great Pyrenees Mix,Male
Adult,Australian Shepherd,Female
Adult,Pit Bull Terrier Mix,Female
Adult,Rat Terrier,Male
Adult,Italian Greyhound,Female
Puppy,Mixed Breed,Male
Puppy,Husky & Rottweiler Mix,Female
Puppy,Husky & Rottweiler Mix,Female
Adult,Mixed Breed,Female
Puppy,Mixed Breed,Female
Young,Mixed Breed,Male
Adult,Chihuahua Mix,Male
Adult,Husky Mix,Male
Adult,Pit Bull Terrier,Male
Adult,Pit Bull Terrier & Labrador Retriever Mix,Male
Adult,Pomeranian Mix,Female
Young,Black Labrador Retriever Mix,Female
Puppy,German Shepherd Dog & Golden Retriever Mix,Female
Puppy,Mixed Breed,Male
Adult,Samoyed,Female
Puppy,Mixed Breed,Female
Young,Mixed Breed,Female
Adult,Great Dane,Male
Puppy,Mixed Breed,Female
Adult,Black Labrador Retriever,Male
Young,Mixed Breed,Female
Young,German Shepherd Dog,Female
Adult,Pit Bull Terrier,Male
Young,Mixed Breed,Male
Adult,Pit Bull Terrier,Female
Young,Australian Shepherd & Bluetick Coonhound Mix,Female
Adult,Mixed Breed,Male
Puppy,Mixed Breed,Female
Puppy,Mixed Breed,Male
Young,Black Labrador Retriever,Male
Adult,Dachshund (Long Haired),Male
Young,Black Labrador Retriever,Male
Young,Black Labrador Retriever,Male
Young,Cattle Dog & Yellow Labrador Retriever Mix,Female
Young,Black Labrador Retriever,Female
Puppy,Mixed Breed,Male
Puppy,Mixed Breed,Male
Adult,Terrier,Male
Adult,German Shepherd Dog,Male
Adult,Chihuahua,Male
Puppy,Yellow Labrador Retriever,Female
Puppy,Doberman Pinscher,Male
Young,Black Labrador Retriever & German Shepherd Dog Mix,Female
Young,Pit Bull Terrier,Male
Young,Terrier,Male
Young,Dachshund & Basset Hound Mix,Female
Senior,Pomeranian,Male
Puppy,German Shepherd Dog,Male
Young,Husky,Female
Senior,Chihuahua,Female
Senior,Pomeranian,Male
Young,Shepherd Mix,Female
Adult,Mastiff & Boxer Mix,Male
Young,Shepherd Mix,Male
Adult,Chihuahua & Jack Russell Terrier Mix,Male
Senior,Retriever & Shepherd Mix,Male
Adult,Beagle Mix,Male
Adult,Pit Bull Terrier & Labrador Retriever Mix,Male
Adult,German Shepherd Dog Mix,Male
Adult,Hound & Labrador Retriever Mix,Male
Young,Shepherd Mix,Female
Adult,Husky & Labrador Retriever Mix,Male
Adult,American Staffordshire Terrier Mix,Female
Senior,Husky Mix,Male
Adult,Dachshund,Male
Young,American Staffordshire Terrier Mix,Female
Adult,Pit Bull Terrier Mix,Female
Adult,English Pointer Mix,Male
Adult,German Shepherd Dog,Female
Young,Hound Mix,Male
Young,Pit Bull Terrier,Female
Adult,Spaniel,Male
Adult,Pit Bull Terrier,Male
Young,Shepherd Mix,Female
Young,Jack Russell Terrier Mix,Male
Young,Pit Bull Terrier & Labrador Retriever Mix,Male
Adult,Chow Chow,Male
Young,Pit Bull Terrier Mix,Female
Puppy,Terrier Mix,Male
67,away,miles
Puppy,Hound & Labrador Retriever Mix,Female
Puppy,Terrier Mix,Male
Puppy,Terrier Mix,Male
Adult,Border Collie & Australian Shepherd Mix,Male
Puppy,German Shepherd Dog & Cattle Dog Mix,Female
Puppy,Labrador Retriever Mix,Female
Puppy,Labrador Retriever Mix,Female
Adult,Chocolate Labrador Retriever Mix,Female
Puppy,Husky & Shepherd Mix,Male
Young,Great Pyrenees Mix,Male
Adult,German Shepherd Dog Mix,Male
Adult,Beagle & Australian Cattle Dog / Blue Heeler Mix,Female
Senior,Golden Retriever,Male
Young,Cocker Spaniel,Male
Young,Husky,Female
Adult,Chihuahua Mix,Female
Young,Husky Mix,Male
Adult,Yorkshire Terrier Mix,Male
Puppy,Beagle,Female
Puppy,Beagle,Female
Young,Jack Russell Terrier,Female
Senior,Pit Bull Terrier Mix,Female
Adult,Bloodhound,Female
Young,Shih Tzu Mix,Male
Adult,Coonhound,Male
Senior,Miniature Poodle,Male
70,away,miles
Senior,German Shepherd Dog Mix,Female
Senior,Pekingese,Female
Senior,Pit Bull Terrier Mix,Male
Senior,Neapolitan Mastiff,Male
Adult,Border Collie & Australian Shepherd Mix,Female
Senior,Pekingese Mix,Male
Senior,German Shepherd Dog Mix,Male
70,away,miles
Adult,Beagle Mix,Male
Senior,Hound & Labrador Retriever Mix,Female
Senior,Treeing Walker Coonhound,Male
Senior,English Bulldog,Male
Senior,Mixed Breed,Male
Senior,Shepherd Mix,Female
Senior,American Bulldog Mix,Female
Senior,Vizsla Mix,Female
70,away,miles
Puppy,German Shepherd Dog & Cattle Dog Mix,Female
Puppy,Labrador Retriever Mix,Female
Puppy,Labrador Retriever Mix,Female
Adult,Chocolate Labrador Retriever Mix,Female
Puppy,Husky & Shepherd Mix,Male
Young,Great Pyrenees Mix,Male
Adult,German Shepherd Dog Mix,Male
Adult,Beagle & Australian Cattle Dog / Blue Heeler Mix,Female
Senior,Golden Retriever,Male
Young,Cocker Spaniel,Male
Young,Husky,Female
Adult,Chihuahua Mix,Female
Young,Husky Mix,Male
Adult,Yorkshire Terrier Mix,Male
Puppy,Beagle,Female
Puppy,Beagle,Female
Young,Jack Russell Terrier,Female
Senior,Pit Bull Terrier Mix,Female
Adult,Bloodhound,Female
Young,Shih Tzu Mix,Male
Adult,Coonhound,Male
Senior,Miniature Poodle,Male
70,away,miles
Senior,German Shepherd Dog Mix,Female
Senior,Pekingese,Female
Senior,Pit Bull Terrier Mix,Male
Senior,Neapolitan Mastiff,Male
Adult,Border Collie & Australian Shepherd Mix,Female
Senior,Pekingese Mix,Male
Senior,German Shepherd Dog Mix,Male
70,away,miles
Adult,Beagle Mix,Male
Senior,Hound & Labrador Retriever Mix,Female
Senior,Treeing Walker Coonhound,Male
Senior,English Bulldog,Male
Senior,Mixed Breed,Male
Senior,Shepherd Mix,Female
Senior,American Bulldog Mix,Female
Senior,Vizsla Mix,Female
70,away,miles
Senior,Staffordshire Bull Terrier & Terrier Mix,Female
Adult,Shih Tzu Mix,Male
Adult,Shar-Pei,Female
Adult,Treeing Walker Coonhound Mix,Male
Adult,American Staffordshire Terrier & Pit Bull Terrier Mix,Female
Adult,Chinese Crested Dog Mix,Male
Adult,Saint Bernard & Bernese Mountain Dog Mix,Female
Young,Rottweiler & Catahoula Leopard Dog Mix,Male
Senior,Irish Setter Mix,Male
Adult,Shetland Sheepdog / Sheltie Mix,Male
Young,Retriever Mix,Male
Young,Chihuahua Mix,Male
Adult,Retriever & Labrador Retriever Mix,Male
Adult,Retriever & Labrador Retriever Mix,Male
Puppy,Coonhound Mix,Male
Young,Terrier & Staffordshire Bull Terrier Mix,Female
Adult,Retriever Mix,Male
Adult,Bullmastiff Mix,Female
Adult,Retriever Mix,Male
Adult,Chocolate Labrador Retriever Mix,Male
Young,Retriever & Labrador Retriever Mix,Male
Adult,Jack Russell Terrier & Chihuahua Mix,Male
Senior,English Bulldog & Terrier Mix,Male
Adult,Hound Mix,Male
Adult,Dachshund & Jack Russell Terrier Mix,Female
Adult,Labrador Retriever Mix,Male
Adult,Pug & Basset Hound Mix,Male
Adult,German Shepherd Dog & Retriever Mix,Female
Adult,Boxer,Male
Senior,Beagle Mix,Female
Young,Chihuahua & Pug Mix,Female
Senior,Siberian Husky & Shepherd Mix,Female
Young,Dachshund & Chihuahua Mix,Male
Young,Poodle Mix,Female
Adult,Yorkshire Terrier & Terrier Mix,Female
Adult,Plott Hound & German Shorthaired Pointer Mix,Female
Adult,Beagle & Basset Hound Mix,Male
Young,American Staffordshire Terrier & Terrier Mix,Male
Senior,Black Labrador Retriever Mix,Male
Adult,Yellow Labrador Retriever & Retriever Mix,Male
Senior,Poodle Mix,Male
Senior,German Shepherd Dog & Retriever Mix,Female
Senior,Beagle Mix,Female
Young,Boxer Mix,Female
Young,Retriever & Labrador Retriever Mix,Female
Senior,Shepherd & Rottweiler Mix,Male
Adult,Terrier & Pit Bull Terrier Mix,Male
Young,Siberian Husky & German Shepherd Dog Mix,Female
Senior,Beagle Mix,Female
Adult,Terrier & Pit Bull Terrier Mix,Male
Adult,Treeing Walker Coonhound & Foxhound Mix,Male
Adult,Pit Bull Terrier & Terrier Mix,Male
Senior,Beagle Mix,Female
Young,American Bulldog Mix,Female
Young,Plott Hound Mix,Male
Adult,Miniature Pinscher & Chihuahua Mix,Female
Adult,Miniature Pinscher & Chihuahua Mix,Female
Senior,American Staffordshire Terrier Mix,Male
Adult,Whippet Mix,Female
Senior,Retriever & Black Labrador Retriever Mix,Female
Adult,Australian Shepherd Mix,Female
Adult,Black Mouth Cur Mix,Male
Young,Treeing Walker Coonhound & Bluetick Coonhound Mix,Female
Adult,Hound & Bluetick Coonhound Mix,Male
Adult,American Staffordshire Terrier Mix,Male
Senior,Hound Mix,Female
Adult,Boxer & American Bulldog Mix,Female
Young,Jack Russell Terrier Mix,Female
Adult,Whippet Mix,Female
Young,Labrador Retriever & Collie Mix,Male
Adult,Husky & Siberian Husky Mix,Male
Young,Chihuahua & Cardigan Welsh Corgi Mix,Female
Adult,Terrier Mix,Female
Adult,Terrier Mix,Female
Adult,Labrador Retriever & Terrier Mix,Male
Young,American Staffordshire Terrier Mix,Female
Young,Flat-Coated Retriever Mix,Male
Adult,American Bulldog Mix,Female
Adult,Boxer Mix,Male
Adult,Pit Bull Terrier Mix,Female
Adult,Pit Bull Terrier Mix,Male
Adult,Pit Bull Terrier Mix,Male
Adult,Hound Mix,Female
Adult,German Shepherd Dog Mix,Male
Young,Yellow Labrador Retriever Mix,Female
Senior,Chihuahua Mix,Male
Adult,Hound Mix,Female
Puppy,Husky & Shepherd Mix,Female
Senior,German Shepherd Dog Mix,Female
Senior,Pit Bull Terrier Mix,Female
Senior,Hound,Male
Senior,Bluetick Coonhound,Male
Senior,American Staffordshire Terrier Mix,Male
Senior,Mastiff,Female
Senior,Labrador Retriever,Male
Senior,Husky,Female
Senior,Labrador Retriever Mix,Male
Senior,Beagle Mix,Male
Senior,Labrador Retriever Mix,Male
Senior,Parson Russell Terrier,Female
Senior,Hound Mix,Female
Senior,Chihuahua Mix,Female
Senior,Mixed Breed,Male
Senior,Shih Tzu Mix,Male
Senior,Dachshund Mix,Male
Puppy,Labrador Retriever & Collie Mix,Female
Adult,Golden Retriever & Yellow Labrador Retriever Mix,Female
Puppy,Labrador Retriever Mix,Female
Puppy,Labrador Retriever & Pointer Mix,Male
Adult,Labrador Retriever Mix,Male
Adult,Labrador Retriever Mix,Female
Young,Labrador Retriever & Shepherd Mix,Female
Young,Yorkshire Terrier Mix,Female
Young,Yorkshire Terrier Mix,Female
Adult,Boxer & Labrador Retriever Mix,Male
Puppy,Mixed Breed,Male
Young,Border Collie & Cattle Dog Mix,Female
Adult,Labrador Retriever & Hound Mix,Female
Adult,Australian Cattle Dog / Blue Heeler & Australian Shepherd Mix,Female
Adult,Feist & Terrier Mix,Female
Adult,Rat Terrier & Chihuahua Mix,Female
Adult,Boxer & Mountain Cur Mix,Female
Adult,Labrador Retriever & Terrier Mix,Male
Puppy,Black Labrador Retriever & German Shepherd Dog Mix,Male
Adult,Saint Bernard Mix,Male
Adult,Mixed Breed,Female
Adult,German Shepherd Dog,Male
77,away,miles
Adult,Mixed Breed,Male
Adult,Chihuahua,Male
Adult,Chihuahua,Male
Young,Mixed Breed,Male
Adult,Mixed Breed,Male
Young,Black Labrador Retriever & Australian Shepherd Mix,Female
Adult,Chihuahua,Female
Adult,Pit Bull Terrier,Female
Adult,Mixed Breed,Male
Adult,Pit Bull Terrier,Male
Adult,Mixed Breed,Male
Adult,Mixed Breed,Female
Adult,Mixed Breed,Male
Adult,Mixed Breed,Male
Adult,Mixed Breed,Female
Adult,Mixed Breed,Male
Adult,Mixed Breed,Male
Adult,Mixed Breed,Male
Young,Mixed Breed,Male
Young,Mixed Breed,Male
Adult,Mixed Breed,Female
Adult,French Bulldog & Pit Bull Terrier Mix,Female
Adult,Pit Bull Terrier,Female
Young,Mixed Breed,Male
Young,Rottweiler,Male
Adult,Mixed Breed,Male
Young,Mixed Breed,Female
Young,Rottweiler,Male
Adult,Mixed Breed,Female
Adult,Mixed Breed,Female
Senior,Pit Bull Terrier,Male
Young,Catahoula Leopard Dog,Male
Adult,Pit Bull Terrier,Female
Young,Mixed Breed,Male
Adult,Pit Bull Terrier,Male
Adult,Pit Bull Terrier,Female
Adult,Pit Bull Terrier,Male
Young,Dachshund,Male
Adult,American Staffordshire Terrier & Bull Terrier Mix,Male
Young,Great Pyrenees,Male
77,away,miles
Adult,American Staffordshire Terrier & Labrador Retriever Mix,Male
77,away,miles
Young,Black Mouth Cur Mix,Female
Puppy,Terrier Mix,Female
Young,Terrier Mix,Male
Adult,Border Collie & Australian Shepherd Mix,Male
Puppy,Hound,Male
Adult,German Shepherd Dog,Male
Adult,German Shepherd Dog,Male
Senior,German Shepherd Dog,Male
Senior,German Shepherd Dog,Female
Adult,German Shepherd Dog,Male
Adult,Siberian Husky,Male
Adult,German Shepherd Dog,Female
Young,German Shepherd Dog,Female
Young,Cocker Spaniel,Female
Senior,German Shepherd Dog,Female
Senior,German Shepherd Dog,Female
Adult,German Shepherd Dog,Female
Adult,German Shepherd Dog,Female
Senior,German Shepherd Dog,Female
Adult,German Shepherd Dog & Great Dane Mix,Male
Adult,German Shepherd Dog,Female
Adult,German Shepherd Dog,Female
Adult,German Shepherd Dog,Male
Adult,Siberian Husky,Male
Adult,German Shepherd Dog,Male
Young,German Shepherd Dog,Female
Young,Australian Kelpie & Siberian Husky Mix,Male
77,away,miles
Senior,German Shepherd Dog,Female
Adult,German Shepherd Dog,Female
Young,German Shepherd Dog,Male
Adult,German Shepherd Dog,Male
Adult,German Shepherd Dog,Female
Senior,German Shepherd Dog,Male
Senior,German Shepherd Dog,Female
Adult,German Shepherd Dog Mix,Male
Adult,German Shepherd Dog,Female
Adult,German Shepherd Dog,Female
Adult,German Shepherd Dog,Male
Adult,German Shepherd Dog & Siberian Husky Mix,Female
Adult,German Shepherd Dog,Male
Young,German Shepherd Dog,Female
Adult,German Shepherd Dog,Female
Adult,German Shepherd Dog,Female
Adult,German Shepherd Dog,Female
Adult,German Shepherd Dog,Female
Adult,German Shepherd Dog,Male
Adult,German Shepherd Dog & Siberian Husky Mix,Female
Adult,German Shepherd Dog & Dutch Shepherd Mix,Male
Adult,German Shepherd Dog,Male
Young,German Shepherd Dog,Male
Adult,German Shepherd Dog,Female
Adult,German Shepherd Dog,Female
Adult,German Shepherd Dog,Male
Adult,German Shepherd Dog Mix,Female
Adult,German Shepherd Dog,Female
Young,German Shepherd Dog,Male
Adult,German Shepherd Dog,Male
Adult,German Shepherd Dog,Male
Young,German Shepherd Dog,Female
Adult,French Bulldog,Female
Adult,German Shepherd Dog,Male
Puppy,Belgian Shepherd / Malinois,Female
Puppy,German Shepherd Dog,Female
Adult,German Shepherd Dog,Female
Young,German Shepherd Dog,Female
Adult,German Shepherd Dog,Male
Puppy,German Shepherd Dog,Female
Adult,German Shepherd Dog,Female
Adult,German Shepherd Dog,Female
Young,German Shepherd Dog,Female
Adult,German Shepherd Dog,Female
Adult,German Shepherd Dog,Male
Adult,German Shepherd Dog,Female
Young,German Shepherd Dog,Female
Senior,German Shepherd Dog,Male
Young,German Shepherd Dog,Female
Adult,German Shepherd Dog,Male
Adult,German Shepherd Dog,Female
Adult,German Shepherd Dog,Female
Young,German Shepherd Dog,Female
Young,German Shepherd Dog,Male
Young,German Shepherd Dog,Male
Adult,German Shepherd Dog,Male
Young,German Shepherd Dog,Male
Adult,German Shepherd Dog,Male
Young,German Shepherd Dog,Female
Adult,German Shepherd Dog,Male
Adult,Belgian Shepherd / Malinois,Female
Adult,German Shepherd Dog,Female
Puppy,German Shepherd Dog,Female
Adult,Briard Mix,Female
Adult,German Shepherd Dog,Female
Adult,German Shepherd Dog,Male
Senior,German Shepherd Dog,Male
Young,German Shepherd Dog,Male
Adult,German Shepherd Dog & Husky Mix,Male
Adult,German Shepherd Dog,Male
Adult,Pointer,Female
Adult,English Pointer,Female
Puppy,German Shepherd Dog Mix,Female
Puppy,Terrier Mix,Male
Puppy,Terrier Mix,Female
Puppy,Pointer,Male
Puppy,Pointer,Male
Puppy,Pointer,Male
Puppy,Pointer,Male
Puppy,Pointer & English Setter Mix,Female
Puppy,Pointer & English Setter Mix,Female
Puppy,Pointer & English Setter Mix,Female
Puppy,Pointer & English Setter Mix,Female
Puppy,Pointer & English Setter Mix,Male
Puppy,Pointer & English Setter Mix,Male
Puppy,Black Labrador Retriever,Female
Puppy,Australian Shepherd Mix,Male
Puppy,Australian Shepherd & Collie Mix,Female
Puppy,Pit Bull Terrier Mix,Male
Adult,English Pointer,Female
Adult,English Pointer,Male
Adult,English Pointer,Male
Young,English Pointer,Male
Adult,English Pointer,Female
Young,English Pointer,Female
Adult,English Pointer,Male
Adult,English Pointer,Male
Adult,English Pointer,Female
Adult,English Pointer,Female
Young,English Pointer,Male
Adult,English Pointer,Female
Adult,English Pointer,Female
Adult,English Pointer,Female
Young,English Pointer,Male
Young,Boxer,Male
Adult,English Pointer,Male
Adult,English Pointer,Female
Adult,English Pointer,Female
Adult,English Pointer,Female
Young,English Pointer,Male
Adult,English Pointer,Male
Young,English Pointer,Male
Young,English Pointer,Female
Adult,English Pointer,Male
Young,English Pointer,Female
Adult,English Pointer,Female
Young,English Pointer,Female
Adult,English Pointer,Male
Young,English Pointer,Male
Young,English Pointer,Male
Young,English Pointer,Female
Adult,English Pointer,Female
Adult,English Pointer,Female
Adult,English Pointer,Male
Adult,English Pointer,Male
Adult,English Pointer,Female
Young,English Pointer,Female
Young,English Pointer,Male
Young,English Pointer,Male
Adult,Shepherd & Terrier Mix,Female
Adult,Rat Terrier,Male
Adult,Black Labrador Retriever Mix,Female
Young,Cattle Dog & Hound Mix,Male
Adult,Terrier Mix,Female
Senior,Shepherd & Chow Chow Mix,Female
Adult,Black Labrador Retriever & Labrador Retriever Mix,Male
Young,Australian Cattle Dog / Blue Heeler Mix,Female
79,away,miles
Adult,Chocolate Labrador Retriever Mix,Male
Senior,Chihuahua,Female
Adult,Chihuahua Mix,Female
Adult,Pit Bull Terrier & Labrador Retriever Mix,Female
Adult,Hound,Male
Adult,Pit Bull Terrier & Labrador Retriever Mix,Male
Adult,Boxer & Retriever Mix,Female
Adult,Boxer & Retriever Mix,Female
Adult,Rottweiler & Retriever Mix,Female
Adult,Boxer & Retriever Mix,Female
Adult,Labrador Retriever & Retriever Mix,Male
Adult,Basset Hound Mix,Male
Adult,Labrador Retriever & Retriever Mix,Female
Adult,Anatolian Shepherd & Retriever Mix,Female
Adult,Pit Bull Terrier & Labrador Retriever Mix,Male
Adult,American Bulldog & Patterdale Terrier / Fell Terrier Mix,Female
Adult,Labrador Retriever & Retriever Mix,Male
Adult,Boxer & Retriever Mix,Female
Adult,Pit Bull Terrier & Labrador Retriever Mix,Female
Puppy,Pit Bull Terrier & Labrador Retriever Mix,Female
Adult,Pit Bull Terrier & Labrador Retriever Mix,Male
Puppy,Pit Bull Terrier & Labrador Retriever Mix,Female
Adult,Rottweiler & Retriever Mix,Female
Adult,Siberian Husky & Retriever Mix,Male
Adult,Doberman Pinscher & Retriever Mix,Male
Adult,Akita & Retriever Mix,Female
Adult,Golden Retriever & Poodle Mix,Male
Adult,Basset Hound & Retriever Mix,Male
Adult,Labrador Retriever & Great Dane Mix,Male
Adult,Boxer & Retriever Mix,Female
Adult,Bluetick Coonhound & Retriever Mix,Female
Adult,Boxer & Retriever Mix,Male
Adult,Labrador Retriever & Retriever Mix,Male
Adult,Rottweiler & Retriever Mix,Male
Adult,Pit Bull Terrier & Retriever Mix,Female
Adult,Basset Hound & Labrador Retriever Mix,Female
Adult,Siberian Husky & Retriever Mix,Male
Senior,Miniature Pinscher & Beagle Mix,Female
Young,Pit Bull Terrier Mix,Female
Adult,Australian Shepherd,Female
80,away,miles
Adult,Pit Bull Terrier & Shar-Pei Mix,Male
80,away,miles
Senior,Terrier,Female
Young,Border Collie & Pit Bull Terrier Mix,Male
Puppy,Beagle,Female
Adult,Saint Bernard,Male
Adult,Basset Hound & American Bulldog Mix,Male
Adult,Husky & Labrador Retriever Mix,Female
Adult,Labrador Retriever & Pit Bull Terrier Mix,Male
Adult,Chesapeake Bay Retriever & Labrador Retriever Mix,Male
Adult,American Staffordshire Terrier,Female
Adult,Black Labrador Retriever,Female
Young,Shepherd Mix,Female
Adult,Border Terrier & Black Labrador Retriever Mix,Male
Adult,American Staffordshire Terrier,Female
Senior,Labrador Retriever Mix,Male
Adult,Shepherd Mix,Female
Senior,Pit Bull Terrier Mix,Female
Senior,Chow Chow,Female
Adult,American Staffordshire Terrier,Female
Young,Boxer Mix,Male
Adult,Shar-Pei & Shepherd Mix,Female
Young,German Shepherd Dog,Male
Adult,Foxhound,Female
Adult,Boxer & Doberman Pinscher Mix,Female
Adult,Boxer,Female
Adult,Australian Cattle Dog / Blue Heeler,Female
Adult,Boxer,Male
Adult,Shepherd & Labrador Retriever Mix,Male
Adult,American Staffordshire Terrier,Male
Young,Boxer & Pug Mix,Male
Young,Boxer & Pug Mix,Male
Adult,Staffordshire Bull Terrier & Shepherd Mix,Female
Adult,Spitz & Labrador Retriever Mix,Female
Young,Boxer & Pug Mix,Female
Adult,Labrador Retriever & Mastiff Mix,Male
Adult,Shepherd & Retriever Mix,Male
Young,Staffordshire Bull Terrier & Shepherd Mix,Male
Adult,Labrador Retriever & Shepherd Mix,Female
Adult,German Shepherd Dog,Male
Young,American Staffordshire Terrier & American Bulldog Mix,Female
Senior,Beagle & Hound Mix,Female
Adult,Rottweiler & German Shepherd Dog Mix,Female
Adult,Shetland Sheepdog / Sheltie,Male
Young,Bluetick Coonhound & Hound Mix,Male
Adult,Staffordshire Bull Terrier & Boxer Mix,Male
Young,American Bulldog & American Staffordshire Terrier Mix,Male
Adult,Lhasa Apso & Shih Tzu Mix,Male
Adult,Shepherd & Retriever Mix,Male
Adult,Staffordshire Bull Terrier & Shepherd Mix,Female
Young,Whippet & Italian Greyhound Mix,Female
Adult,Australian Cattle Dog / Blue Heeler & Yellow Labrador Retriever Mix,Female
Adult,German Shepherd Dog & Labrador Retriever Mix,Male
Adult,Staffordshire Bull Terrier & American Bulldog Mix,Female
Adult,Labrador Retriever & Pointer Mix,Male
Adult,Shih Tzu & Lhasa Apso Mix,Male
Young,Labrador Retriever & Shepherd Mix,Female
Adult,Labrador Retriever & Staffordshire Bull Terrier Mix,Male
Young,Labrador Retriever & Border Collie Mix,Female
Young,Hound & Labrador Retriever Mix,Female
Adult,Rhodesian Ridgeback & Staffordshire Bull Terrier Mix,Female
Adult,Labrador Retriever & Border Collie Mix,Female
Young,Coonhound & Labrador Retriever Mix,Female
Adult,American Staffordshire Terrier & Labrador Retriever Mix,Female
Adult,Labrador Retriever & Staffordshire Bull Terrier Mix,Male
Adult,Husky & Shepherd Mix,Female
Adult,Husky & Shepherd Mix,Female
Adult,Rottweiler,Male
Young,Staffordshire Bull Terrier,Male
Young,Doberman Pinscher & Staffordshire Bull Terrier Mix,Male
Young,Staffordshire Bull Terrier,Male
Young,Mixed Breed,Female
Adult,Pointer & Labrador Retriever Mix,Male
Young,Feist & Labrador Retriever Mix,Female
Young,Staffordshire Bull Terrier,Female
Young,Labrador Retriever & Border Collie Mix,Male
Young,Dachshund & Beagle Mix,Male
Adult,Shepherd & Labrador Retriever Mix,Female
Adult,American Staffordshire Terrier,Male
Adult,Labrador Retriever & Staffordshire Bull Terrier Mix,Male
Young,Labrador Retriever,Male
Young,Shepherd Mix,Male
Young,Shepherd & Weimaraner Mix,Male
Adult,Staffordshire Bull Terrier,Male
Young,Corgi,Female
Young,Hound & Terrier Mix,Female
Young,Poodle & Terrier Mix,Male
Young,Husky & Labrador Retriever Mix,Female
Adult,Staffordshire Bull Terrier,Female
Adult,Chocolate Labrador Retriever,Female
Young,Staffordshire Bull Terrier & Shar-Pei Mix,Male
Young,Shepherd & Labrador Retriever Mix,Female
Young,Dachshund & Chihuahua Mix,Female
Young,Labrador Retriever,Male
Adult,Rottweiler & Boxer Mix,Male
Adult,Pit Bull Terrier,Male
Adult,Bull Terrier,Female
Young,Anatolian Shepherd Mix,Female
Young,Labrador Retriever & Pit Bull Terrier Mix,Male
Adult,Shepherd,Male
Young,Labrador Retriever & Beagle Mix,Male
Young,Terrier Mix,Female
Young,Coonhound & Labrador Retriever Mix,Female
Adult,American Staffordshire Terrier & Labrador Retriever Mix,Female
Adult,Labrador Retriever & Staffordshire Bull Terrier Mix,Male
Adult,Husky & Shepherd Mix,Female
Adult,Husky & Shepherd Mix,Female
Adult,Rottweiler,Male
Young,Staffordshire Bull Terrier,Male
Young,Doberman Pinscher & Staffordshire Bull Terrier Mix,Male
Young,Staffordshire Bull Terrier,Male
Young,Mixed Breed,Female
Adult,Pointer & Labrador Retriever Mix,Male
Young,Feist & Labrador Retriever Mix,Female
Young,Staffordshire Bull Terrier,Female
Young,Labrador Retriever & Border Collie Mix,Male
Young,Dachshund & Beagle Mix,Male
Adult,Shepherd & Labrador Retriever Mix,Female
Adult,American Staffordshire Terrier,Male
Adult,Labrador Retriever & Staffordshire Bull Terrier Mix,Male
Young,Labrador Retriever,Male
Young,Shepherd Mix,Male
Young,Shepherd & Weimaraner Mix,Male
Adult,Staffordshire Bull Terrier,Male
Young,Corgi,Female
Young,Hound & Terrier Mix,Female
Young,Poodle & Terrier Mix,Male
Young,Husky & Labrador Retriever Mix,Female
Adult,Staffordshire Bull Terrier,Female
Adult,Chocolate Labrador Retriever,Female
Young,Staffordshire Bull Terrier & Shar-Pei Mix,Male
Young,Shepherd & Labrador Retriever Mix,Female
Young,Dachshund & Chihuahua Mix,Female
Young,Labrador Retriever,Male
Adult,Rottweiler & Boxer Mix,Male
Adult,Pit Bull Terrier,Male
Adult,Bull Terrier,Female
Young,Anatolian Shepherd Mix,Female
Young,Labrador Retriever & Pit Bull Terrier Mix,Male
Adult,Shepherd,Male
Young,Labrador Retriever & Beagle Mix,Male
Young,Terrier Mix,Female
Adult,Pit Bull Terrier & Husky Mix,Female
Young,Pit Bull Terrier & Boxer Mix,Male
Adult,Pit Bull Terrier & Boston Terrier Mix,Female
Senior,Beagle,Female
Adult,Pit Bull Terrier & Labrador Retriever Mix,Female
Adult,Dogo Argentino,Male
Adult,Great Dane Mix,Male
Adult,Foxhound Mix,Male
Young,German Shepherd Dog Mix,Male
Adult,American Staffordshire Terrier,Female
Adult,Labrador Retriever & Pit Bull Terrier Mix,Male
Adult,Labrador Retriever & Golden Retriever Mix,Male
Adult,Akita & Shepherd Mix,Male
Senior,German Shepherd Dog,Female
Senior,Poodle,Male
Senior,Yorkshire Terrier & Dachshund Mix,Female
Young,Pit Bull Terrier & Beagle Mix,Male
Young,Boston Terrier,Female
Adult,Labrador Retriever,Female
Senior,Golden Retriever,Male
Young,Australian Shepherd Mix,Male
Adult,Labrador Retriever,Male
Young,Pit Bull Terrier Mix,Male
Adult,Terrier Mix,Female
Adult,Beagle Mix,Female
Young,Terrier Mix,Male
Senior,Pit Bull Terrier Mix,Female
Adult,Hound Mix,Male
Young,Rottweiler & Shepherd Mix,Male
Young,Hound Mix,Male
Adult,Husky Mix,Male
Adult,Pomeranian Mix,Male
Adult,Poodle Mix,Male
Adult,Hound Mix,Male
Adult,Husky Mix,Female
Adult,Husky & Shepherd Mix,Female
Young,Labrador Retriever Mix,Male
Young,Terrier & Husky Mix,Female
Adult,Bullmastiff Mix,Female
Young,Pointer & Hound Mix,Female
Adult,Boxer Mix,Male
Young,Hound Mix,Male
Senior,Labrador Retriever Mix,Female
Young,German Shepherd Dog Mix,Female
Young,Labrador Retriever & Border Collie Mix,Male
Young,Doberman Pinscher & Labrador Retriever Mix,Male
Adult,Labrador Retriever Mix,Male
Young,Terrier & Lhasa Apso Mix,Male
Adult,German Shepherd Dog & English Bulldog Mix,Male
Adult,Cocker Spaniel Mix,Male
Young,Chocolate Labrador Retriever Mix,Male
Adult,Shepherd Mix,Male
Young,Husky & Labrador Retriever Mix,Female
Young,Black Labrador Retriever Mix,Male
Young,Labrador Retriever & Golden Retriever Mix,Male
Young,Terrier Mix,Male
Adult,Chow Chow & Newfoundland Dog Mix,Female
Senior,Cairn Terrier Mix,Male
Young,Husky & Border Collie Mix,Female
Adult,Beagle Mix,Female
Young,Terrier & Labrador Retriever Mix,Male
Young,Shar-Pei & Labrador Retriever Mix,Male
Adult,Bluetick Coonhound Mix,Male
Young,Spaniel & Husky Mix,Male
Young,American Staffordshire Terrier Mix,Male
Young,Husky & German Shepherd Dog Mix,Male
Young,Husky & German Shepherd Dog Mix,Female
Young,Shepherd Mix,Female
Young,Terrier & Labrador Retriever Mix,Male
Adult,Labrador Retriever Mix,Male
Young,Shepherd & Basset Hound Mix,Male
Young,Rat Terrier & Miniature Pinscher Mix,Male
Adult,Labrador Retriever & Mastiff Mix,Male
Young,German Shepherd Dog & Labrador Retriever Mix,Female
Senior,Chihuahua Mix,Female
Senior,Chihuahua Mix,Male
Adult,Bullmastiff & English Bulldog Mix,Female
Adult,Plott Hound Mix,Female
Adult,Boxer Mix,Male
Adult,Husky & Golden Retriever Mix,Female
Adult,German Shepherd Dog Mix,Female
Adult,Labrador Retriever Mix,Female
Adult,Brittany Spaniel & Setter Mix,Male
Young,Labrador Retriever & Beagle Mix,Male
Young,Labrador Retriever & Hound Mix,Male
Adult,Labrador Retriever & Rottweiler Mix,Male
Young,Rottweiler Mix,Female
Senior,Labrador Retriever Mix,Male
Young,Pointer Mix,Female
Young,American Bulldog Mix,Male
Young,Australian Cattle Dog / Blue Heeler & Terrier Mix,Male
Young,American Staffordshire Terrier Mix,Female
Young,German Shepherd Dog,Male
Young,Pit Bull Terrier,Male
Adult,Beagle & Terrier Mix,Male
Adult,Pit Bull Terrier & Chihuahua Mix,Female
Young,Pit Bull Terrier,Female
Young,Boxer & American Staffordshire Terrier Mix,Male
Young,American Bulldog & Pit Bull Terrier Mix,Male
Young,American Bulldog & Pit Bull Terrier Mix,Male
Young,Pit Bull Terrier & American Bulldog Mix,Female
82,away,miles
Adult,Shar-Pei,Male
Adult,Chocolate Labrador Retriever,Female
Young,American Staffordshire Terrier & Pit Bull Terrier Mix,Male
Puppy,Jack Russell Terrier & Rat Terrier Mix,Male
Adult,Boxer & American Staffordshire Terrier Mix,Male
Senior,Jack Russell Terrier & Parson Russell Terrier Mix,Female
Young,Pit Bull Terrier,Female
82,away,miles
Young,American Staffordshire Terrier & Pit Bull Terrier Mix,Female
Adult,American Bulldog & Pit Bull Terrier Mix,Male
Adult,Beagle & Dalmatian Mix,Female
82,away,miles
Young,Australian Cattle Dog / Blue Heeler,Female
Young,Australian Cattle Dog / Blue Heeler,Male
Young,Australian Cattle Dog / Blue Heeler Mix,Female
Young,Australian Cattle Dog / Blue Heeler,Male
Young,Australian Cattle Dog / Blue Heeler Mix,Female
Young,Australian Cattle Dog / Blue Heeler & Australian Shepherd Mix,Male
Young,Australian Cattle Dog / Blue Heeler & Border Collie Mix,Male
Young,Australian Cattle Dog / Blue Heeler,Male
Young,Australian Cattle Dog / Blue Heeler Mix,Male
Adult,Greyhound,Male
Young,Greyhound,Female
Adult,Greyhound,Male
Adult,Greyhound,Male
Adult,Greyhound,Female
Adult,Greyhound,Female
Adult,Greyhound,Male
Adult,Greyhound,Female
Adult,Greyhound,Male
Adult,Greyhound,Male
Adult,Greyhound,Female
Adult,Greyhound,Female
Adult,Greyhound,Female
Adult,Greyhound,Male
Adult,Greyhound,Male
Adult,Greyhound,Male
Adult,Greyhound,Female
Adult,Greyhound,Male
Adult,Greyhound,Male
Young,Greyhound,Female
Young,Greyhound,Female
Young,Greyhound,Female
Young,Greyhound,Male
Adult,Greyhound,Male
Adult,Greyhound,Female
Adult,Greyhound,Female
Adult,Greyhound,Female
Adult,Greyhound,Male
Adult,Greyhound,Male
Adult,Greyhound,Male
Adult,Greyhound,Male
Young,Greyhound,Female
Adult,Greyhound,Female
Young,Greyhound,Female
Young,Greyhound,Male
Adult,Greyhound,Female
Young,Greyhound,Male
Young,Greyhound,Male
Adult,Greyhound,Male
Adult,Greyhound,Male
Young,Greyhound,Male
Senior,Greyhound,Female
Young,Greyhound,Male
Young,Greyhound,Male
Young,Greyhound,Male
Adult,Greyhound,Male
Young,Greyhound,Female
Adult,Greyhound,Male
Adult,Greyhound,Male
Young,Greyhound,Female
Adult,Greyhound,Female
Young,Greyhound,Female
Young,Greyhound,Male
Young,Greyhound,Female
Young,Greyhound,Male
Adult,Greyhound,Female
Young,Greyhound,Female
Adult,Greyhound,Male
Young,Greyhound,Male
Adult,Greyhound,Male
Adult,Greyhound,Male
Adult,Greyhound,Female
Young,Greyhound,Male
Young,Greyhound,Female
Adult,Greyhound,Male
Adult,Greyhound,Male
Young,Greyhound,Male
Adult,Greyhound,Male
Young,Greyhound,Female
Young,Greyhound,Male
Young,Greyhound,Male
Young,Greyhound,Male
Young,Greyhound,Female
Adult,Greyhound,Female
Young,Greyhound,Male
Adult,Greyhound,Male
Adult,Greyhound,Female
Adult,Greyhound,Female
Adult,Greyhound,Male
Young,Greyhound,Male
Adult,Greyhound,Female
Young,Greyhound,Female
Adult,Greyhound,Female
Young,Greyhound,Female
Adult,Greyhound,Male
Young,Greyhound,Male
Young,Greyhound,Female
Adult,Greyhound,Female
Young,Greyhound,Male
Adult,Greyhound,Male
Adult,Greyhound,Female
Adult,Greyhound,Female
Young,Greyhound,Female
Adult,Greyhound,Female
Young,Greyhound,Female
Adult,Greyhound,Female
Adult,Greyhound,Female
Young,Greyhound,Female
Adult,Greyhound,Female
Young,Greyhound,Female
Adult,Greyhound,Female
Young,Greyhound,Female
Young,Greyhound,Female
Young,Greyhound,Male
Adult,Greyhound,Female
Adult,Greyhound,Female
Adult,Greyhound,Female
Adult,Greyhound,Female
Young,Greyhound,Female
Adult,Greyhound,Female
Adult,Greyhound,Male
Young,Greyhound,Female
Senior,Greyhound,Female
Young,Greyhound,Female
Adult,Greyhound,Female
Young,Greyhound,Male
Senior,Greyhound,Female
Adult,Greyhound,Male
Senior,Greyhound,Female
Young,Greyhound,Male
Young,Greyhound,Female
Young,Greyhound,Male
Young,Greyhound,Female
Adult,Greyhound,Female
Young,Greyhound,Male
Young,Greyhound,Female
Adult,Greyhound,Male
Young,Greyhound,Male
Young,Greyhound,Female
Young,Greyhound,Female
Young,Greyhound,Male
Young,Greyhound,Male
Young,Greyhound,Female
Adult,Greyhound,Female
Young,Greyhound,Male
Adult,Greyhound,Male
Young,Greyhound,Male
Adult,Greyhound,Male
Young,Greyhound,Male
Young,Greyhound,Female
Adult,Greyhound,Female
Young,Greyhound,Male
Young,Greyhound,Female
Young,Greyhound,Male
Young,Greyhound,Female
Young,Greyhound,Female
Young,Greyhound,Female
Young,Greyhound,Male
Young,Greyhound,Male
Young,Greyhound,Female
Young,Greyhound,Female
Senior,Greyhound,Male
Young,Greyhound,Female
Adult,Greyhound,Male
Young,Greyhound,Female
Adult,Greyhound,Male
Young,Greyhound,Male
Adult,Greyhound,Male
Senior,Greyhound,Female
Young,Greyhound,Male
Young,Greyhound,Female
Young,Greyhound,Male
Young,Greyhound,Female
Adult,Greyhound,Female
Young,Greyhound,Male
Young,Greyhound,Female
Adult,Greyhound,Male
Young,Greyhound,Male
Young,Greyhound,Female
Young,Greyhound,Female
Young,Greyhound,Male
Young,Greyhound,Male
Young,Greyhound,Female
Adult,Greyhound,Female
Young,Greyhound,Male
Adult,Greyhound,Male
Young,Greyhound,Male
Adult,Greyhound,Male
Young,Greyhound,Male
Young,Greyhound,Female
Adult,Greyhound,Female
Young,Greyhound,Male
Young,Greyhound,Female
Young,Greyhound,Male
Young,Greyhound,Female
Young,Greyhound,Female
Young,Greyhound,Female
Young,Greyhound,Male
Young,Greyhound,Male
Young,Greyhound,Female
Young,Greyhound,Female
Senior,Greyhound,Male
Young,Greyhound,Female
Adult,Greyhound,Male
Young,Greyhound,Female
Adult,Greyhound,Male
Young,Greyhound,Male
Young,Greyhound,Female
Young,Greyhound,Female
Young,Greyhound,Male
Adult,Greyhound,Male
Senior,Greyhound,Female
Adult,Greyhound,Female
Young,Greyhound,Female
Senior,Greyhound,Female
Young,Greyhound,Female
Young,Greyhound,Female
Senior,Greyhound,Female
Young,Greyhound,Female
Young,Greyhound,Female
Young,Greyhound,Female
Young,Greyhound,Male
Adult,Greyhound,Female
Young,Greyhound,Male
Young,Greyhound,Female
Young,Greyhound,Female
Young,Greyhound,Female
Young,Greyhound,Male
Young,Greyhound,Female
Young,Greyhound,Male
Adult,Greyhound,Female
Young,Greyhound,Female
Young,Greyhound,Female
Senior,Greyhound,Female
Adult,Greyhound,Male
Young,Greyhound,Male
Young,Greyhound,Male
Young,Greyhound,Male
Young,Greyhound,Male
Adult,Greyhound,Female
Young,Greyhound,Male
Young,Greyhound,Male
Young,Greyhound,Female
Young,Greyhound,Male
Young,Greyhound,Male
Adult,Greyhound,Male
Senior,Greyhound,Male
Adult,Greyhound,Male
Young,Greyhound,Female
Young,Greyhound,Female
Young,Greyhound,Female
Young,Greyhound,Male
Adult,Greyhound,Female
Adult,Greyhound,Female
Young,Greyhound,Female
Young,Greyhound,Male
Adult,Greyhound,Female
Young,Greyhound,Female
Young,Greyhound,Male
Young,Greyhound,Male
Young,Greyhound,Male
Young,Greyhound,Female
Senior,Greyhound,Female
Young,Greyhound,Female
Young,Greyhound,Male
Adult,Greyhound,Male
Young,Greyhound,Male
Young,Greyhound,Male
Young,Greyhound,Male
Young,Greyhound,Female
Young,Greyhound,Male
Senior,Greyhound,Female
Young,Greyhound,Female
Adult,Greyhound,Female
Adult,Greyhound,Female
Adult,Greyhound,Male
Young,Greyhound,Female
Adult,Greyhound,Female
Adult,Greyhound,Male
Adult,Greyhound,Male
Young,Greyhound,Female
Young,Greyhound,Female
Young,Greyhound,Male
Young,Greyhound,Female
Adult,Greyhound,Male
Young,Greyhound,Female
Young,Greyhound,Male
Young,Greyhound,Female
Senior,Greyhound,Female
Young,Greyhound,Male
Young,Greyhound,Male
Young,Greyhound,Male
Senior,Greyhound,Female
Young,Greyhound,Female
Senior,Greyhound,Female
Young,Greyhound,Male
Young,Greyhound,Female
Young,Greyhound,Male
Adult,Greyhound,Female
Young,Greyhound,Female
Adult,Greyhound,Female
Young,Greyhound,Male
Young,Greyhound,Female
Young,Greyhound,Female
Young,Greyhound,Male
Young,Greyhound,Male
Adult,Greyhound,Male
Young,Greyhound,Male
Young,Greyhound,Male
Young,Greyhound,Female
Young,Greyhound,Female
Adult,Greyhound,Male
Adult,Greyhound,Female
Young,Greyhound,Male
Young,Greyhound,Female
Young,Greyhound,Female
Young,Greyhound,Female
Young,Greyhound,Female
Adult,Greyhound,Female
Young,Greyhound,Male
Young,Greyhound,Female
Adult,Greyhound,Female
Young,Greyhound,Female
Young,Greyhound,Female
Young,Greyhound,Male
Young,Greyhound,Male
Young,Greyhound,Female
Young,Greyhound,Female
Young,Greyhound,Female
Adult,Greyhound,Female
Young,Greyhound,Female
Young,Greyhound,Female
Young,Greyhound,Female
Adult,Greyhound,Female
Young,Greyhound,Male
Young,Greyhound,Female
Young,Greyhound,Male
Young,Greyhound,Male
Young,Greyhound,Female
Young,Greyhound,Male
Adult,Greyhound,Male
Young,Greyhound,Male
Adult,Greyhound,Male
Young,Greyhound,Female
Adult,Greyhound,Male
Young,Greyhound,Female
Young,Greyhound,Female
Young,Greyhound,Female
Young,Greyhound,Female
Young,Greyhound,Male
Young,Greyhound,Female
Young,Greyhound,Female
Young,Greyhound,Female
Young,Greyhound,Female
Adult,Greyhound,Male
Young,Greyhound,Male
Adult,Greyhound,Female
Young,Greyhound,Female
Adult,Greyhound,Male
Young,Greyhound,Male
Adult,Greyhound,Female
Young,Greyhound,Male
Adult,Greyhound,Female
Young,Greyhound,Male
Young,Greyhound,Female
Young,Greyhound,Female
Young,Greyhound,Male
Young,Greyhound,Male
Adult,Greyhound,Female
Senior,Greyhound,Female
Young,Greyhound,Female
Adult,Greyhound,Female
Young,Greyhound,Female
Young,Greyhound,Female
Young,Greyhound,Female
Adult,Greyhound,Female
Young,Greyhound,Female
Young,Greyhound,Male
Adult,Greyhound,Male
Young,Greyhound,Female
Young,Greyhound,Male
Senior,Greyhound,Male
Puppy,Greyhound,Female
Adult,Greyhound,Male
Young,Greyhound,Female
Young,Greyhound,Female
Adult,Greyhound,Female
Adult,Greyhound,Female
Young,Greyhound,Male
Young,Greyhound,Male
Young,Greyhound,Female
Young,Greyhound,Female
Adult,Greyhound,Female
Young,Greyhound,Male
Adult,Greyhound,Male
Young,Greyhound,Female
Young,Greyhound,Female
Young,Greyhound,Male
Adult,Greyhound,Female
Young,Greyhound,Female
Young,Greyhound,Female
Young,Greyhound,Female
Young,Greyhound,Female
Adult,Greyhound,Female
Young,Greyhound,Male
Young,Greyhound,Male
Adult,Greyhound,Female
Young,Greyhound,Male
Young,Greyhound,Female
Young,Greyhound,Female
Adult,Greyhound,Male
Young,Greyhound,Male
Young,Greyhound,Male
Young,Greyhound,Male
Adult,Greyhound,Female
Young,Greyhound,Male
Adult,Greyhound,Male
Young,Greyhound,Male
Adult,Greyhound,Female
Adult,Greyhound,Female
Young,Greyhound,Female
Young,Greyhound,Female
Young,Greyhound,Male
Adult,Greyhound,Male
Young,Greyhound,Male
Adult,Greyhound,Female
Young,Greyhound,Female
Young,Greyhound,Male
Young,Greyhound,Male
Young,Greyhound,Female
Young,Greyhound,Female
Young,Greyhound,Female
Young,Greyhound,Female
Adult,Greyhound,Male
Adult,Greyhound,Female
Young,Greyhound,Female
Young,Greyhound,Male
Young,Greyhound,Male
Young,Greyhound,Male
Young,Greyhound,Female
Young,Greyhound,Female
Young,Greyhound,Female
Adult,Greyhound,Male
Adult,Greyhound,Male
Young,Greyhound,Female
Young,Greyhound,Female
Young,Greyhound,Male
Young,Greyhound,Female
Young,Greyhound,Male
Young,Greyhound,Female
Young,Greyhound,Female
Young,Greyhound,Female
Young,Greyhound,Female
Young,Greyhound,Male
Young,Greyhound,Male
Young,Greyhound,Male
Young,Greyhound,Female
Adult,Greyhound,Male
Adult,Greyhound,Male
Adult,Greyhound,Female
Young,Greyhound,Female
Adult,Greyhound,Male
Young,Greyhound,Female
Young,Greyhound,Male
Young,Greyhound,Female
Young,Greyhound,Male
Adult,Greyhound,Male
Young,Greyhound,Female
Young,Greyhound,Female
Young,Greyhound,Male
Young,Greyhound,Male
Young,Greyhound,Female
Young,Greyhound,Male
Young,Greyhound,Female
Young,Greyhound,Female
Young,Greyhound,Female
Young,Greyhound,Female
Young,Greyhound,Male
Young,Greyhound,Male
Young,Greyhound,Male
Young,Greyhound,Female
Young,Greyhound,Female
Young,Greyhound,Female
Young,Greyhound,Male
Young,Greyhound,Male
Young,Greyhound,Male
Young,Greyhound,Female
Young,Greyhound,Male
Young,Greyhound,Male
Young,Greyhound,Male
Young,Greyhound,Female
Young,Greyhound,Female
Adult,Greyhound,Male
Adult,Greyhound,Female
Young,Greyhound,Male
Young,Greyhound,Male
Young,Greyhound,Male
Young,Greyhound,Male
Young,Greyhound,Female
Young,Greyhound,Female
Young,Greyhound,Female
Young,Greyhound,Female
Adult,Greyhound,Female
Adult,Greyhound,Male
Young,Greyhound,Male
Adult,Greyhound,Male
Young,Greyhound,Female
Young,Greyhound,Female
Young,Greyhound,Male
Young,Greyhound,Male
Young,Greyhound,Female
Young,Greyhound,Female
Adult,Greyhound,Male
Adult,Greyhound,Male
Young,Greyhound,Female
Adult,Greyhound,Male
Young,Greyhound,Female
Young,Greyhound,Male
Young,Greyhound,Female
Young,Greyhound,Male
Young,Greyhound,Female
Young,Greyhound,Male
Young,Greyhound,Female
Young,Greyhound,Female
Young,Greyhound,Female
Adult,Greyhound,Female
Young,Greyhound,Male
Young,Greyhound,Male
Young,Greyhound,Male
Young,Greyhound,Female
Young,Greyhound,Female
Young,Greyhound,Female
Young,Greyhound,Male
Adult,Greyhound,Male
Young,Greyhound,Female
Adult,Greyhound,Female
Adult,Greyhound,Female
Young,Greyhound,Female
Young,Greyhound,Female
Adult,Greyhound,Male
Adult,Greyhound,Male
Young,Greyhound,Male
Young,Greyhound,Female
Young,Greyhound,Female
Adult,Greyhound,Female
Adult,Greyhound,Female
Young,Greyhound,Female
Young,Greyhound,Female
Young,Greyhound,Male
Young,Greyhound,Female
Young,Greyhound,Female
Young,Greyhound,Female
Young,Greyhound,Female
Senior,Greyhound,Male
Young,Greyhound,Female
Young,Greyhound,Female
Young,Greyhound,Male
Young,Greyhound,Male
Adult,Greyhound,Female
Young,Greyhound,Female
Young,Greyhound,Female
Young,Greyhound,Male
Young,Greyhound,Male
Young,Greyhound,Male
Adult,Greyhound,Male
Adult,Greyhound,Male
Young,Greyhound,Male
Young,Greyhound,Female
Young,Greyhound,Female
Young,Greyhound,Female
Young,Greyhound,Male
Young,Greyhound,Male
Young,Greyhound,Male
Young,Greyhound,Male
Young,Greyhound,Male
Young,Greyhound,Female
Young,Greyhound,Male
Young,Greyhound,Female
Young,Greyhound,Male
Young,Greyhound,Female
Young,Greyhound,Male
Young,Greyhound,Female
Young,Greyhound,Male
Young,Greyhound,Female
Young,Greyhound,Male
Adult,Greyhound,Male
Young,Greyhound,Female
Young,Greyhound,Female
Young,Greyhound,Male
Young,Greyhound,Male
Young,Greyhound,Female
Adult,Greyhound,Female
Young,Greyhound,Male
Young,Greyhound,Female
Young,Greyhound,Female
Young,Greyhound,Male
Young,Greyhound,Female
Young,Greyhound,Female
Young,Greyhound,Male
Young,Greyhound,Female
Young,Greyhound,Female
Young,Greyhound,Female
Young,Greyhound,Male
Adult,Greyhound,Female
Young,Greyhound,Male
Young,Greyhound,Male
Adult,Greyhound,Female
Young,Greyhound,Female
Adult,Greyhound,Male
Young,Greyhound,Female
Young,Greyhound,Female
Young,Greyhound,Male
Young,Greyhound,Male
Young,Greyhound,Female
Young,Greyhound,Female
Young,Greyhound,Male
Young,Greyhound,Male
Adult,Greyhound,Male
Adult,Greyhound,Female
Young,Greyhound,Female
Young,Greyhound,Female
Young,Greyhound,Male
Young,Greyhound,Female
Young,Greyhound,Female
Young,Greyhound,Male
Young,Greyhound,Male
Adult,Greyhound,Male
Young,Greyhound,Male
Young,Greyhound,Male
Adult,Greyhound,Male
Young,Greyhound,Female
Young,Greyhound,Male
Young,Greyhound,Male
Adult,Greyhound,Female
Young,Greyhound,Female
Adult,Greyhound,Male
Adult,Greyhound,Male
Young,Greyhound,Male
Young,Greyhound,Female
Young,Greyhound,Female
Adult,Greyhound,Male
83,away,miles
Adult,Greyhound,Male
Adult,Greyhound,Female
Young,Greyhound,Male
Adult,Greyhound,Male
Young,Greyhound,Male
Young,Greyhound,Female
Young,Greyhound,Female
Young,Greyhound,Male
Young,Greyhound,Female
Young,Greyhound,Female
Young,Greyhound,Male
Young,Greyhound,Female
Adult,Greyhound,Male
Young,Greyhound,Female
Young,Greyhound,Female
Young,Greyhound,Male
Adult,Greyhound,Female
Young,Greyhound,Female
Young,Greyhound,Male
Adult,Greyhound,Male
Adult,Greyhound,Male
Young,Greyhound,Male
Young,Greyhound,Female
Puppy,Italian Greyhound,Male
Puppy,Italian Greyhound,Female
Young,Greyhound,Female
Young,Greyhound,Male
Young,Greyhound,Male
Adult,Greyhound,Male
Young,Greyhound,Male
Adult,Greyhound,Male
Adult,Greyhound,Male
Young,Greyhound,Female
Young,Greyhound,Male
Young,Greyhound,Male
Adult,Greyhound,Female
Young,Greyhound,Female
Young,Greyhound,Female
Young,Greyhound,Female
Young,Greyhound,Female
Young,Greyhound,Female
Adult,Greyhound,Male
Adult,Greyhound,Male
Young,Greyhound,Male
Young,Greyhound,Male
Young,Greyhound,Male
Young,Greyhound,Female
Adult,Greyhound,Male
Young,Greyhound,Female
Young,Greyhound,Male
Adult,Greyhound,Female
Adult,Greyhound,Female
Adult,Greyhound,Male
Young,Greyhound,Female
Young,Greyhound,Female
Young,Greyhound,Female
Young,Greyhound,Female
Adult,Greyhound,Male
Young,Greyhound,Male
Adult,Greyhound,Male
Young,Greyhound,Male
Young,Greyhound,Female
Young,Greyhound,Female
Adult,Greyhound,Male
Adult,Greyhound,Male
Young,Greyhound,Female
Young,Greyhound,Male
Young,Greyhound,Female
Young,Greyhound,Female
Adult,Greyhound,Female
Adult,Greyhound,Female
Adult,Greyhound,Male
Adult,Greyhound,Male
Young,Greyhound,Female
Young,Greyhound,Male
Young,Greyhound,Female
Young,Greyhound,Male
Adult,Greyhound,Male
Adult,Greyhound,Male
Young,Greyhound,Male
Young,Greyhound,Female
Young,Greyhound,Female
Young,Greyhound,Female
Young,Greyhound,Female
Adult,Greyhound,Female
Young,Greyhound,Male
Young,Greyhound,Male
Adult,Greyhound,Male
Adult,Greyhound,Female
Young,Greyhound,Female
Young,Greyhound,Female
Young,Greyhound,Male
Young,Greyhound,Female
Adult,Greyhound,Male
Adult,Greyhound,Male
83,away,miles
Adult,Greyhound,Male
Young,Greyhound,Female
Young,Greyhound,Male
Senior,Greyhound,Female
Adult,Greyhound,Male
Young,Greyhound,Female
Young,Greyhound,Female
Adult,Greyhound,Male
Senior,Greyhound,Male
Young,Greyhound,Female
Young,Greyhound,Female
Adult,Greyhound,Male
Young,Greyhound,Male
Young,Greyhound,Female
Young,Greyhound,Female
Adult,Greyhound,Male
Young,Greyhound,Male
Young,Greyhound,Male
Young,Greyhound,Female
Young,Greyhound,Male
Adult,Greyhound,Female
Young,Greyhound,Male
Adult,Greyhound,Female
Young,Greyhound,Female
Young,Greyhound,Female
Young,Greyhound,Female
Adult,Greyhound,Male
Young,Greyhound,Female
Senior,Greyhound,Female
Adult,Greyhound,Female
Adult,Greyhound,Female
Young,Greyhound,Male
Adult,Greyhound,Female
Young,Greyhound,Female
Young,Greyhound,Female
Young,Greyhound,Male
Senior,Greyhound,Female
Young,Greyhound,Male
Young,Greyhound,Female
Young,Greyhound,Female
Young,Greyhound,Female
Young,Greyhound,Male
Adult,Greyhound,Female
Adult,Greyhound,Female
Adult,Greyhound,Male
Adult,Greyhound,Male
Young,Greyhound,Male
Adult,Greyhound,Female
Young,Greyhound,Male
Adult,Greyhound,Female
Senior,Greyhound,Female
Young,Greyhound,Female
Young,Greyhound,Female
Young,Greyhound,Male
Young,Greyhound,Male
Adult,Greyhound,Female
Adult,Greyhound,Female
Adult,Greyhound,Male
Adult,Greyhound,Female
Young,Greyhound,Female
Adult,Greyhound,Male
Adult,Greyhound,Male
Adult,Greyhound,Male
Adult,Greyhound,Male
Young,Greyhound,Male
Adult,Greyhound,Male
Adult,Greyhound,Male
Young,Greyhound,Male
Adult,Greyhound,Female
Young,Greyhound,Female
Adult,Greyhound,Male
Young,Greyhound,Male
Adult,Greyhound,Male
Young,Greyhound,Male
Adult,Greyhound,Male
Puppy,Boxer & Italian Greyhound Mix,Female
Adult,Greyhound,Male
Adult,Greyhound,Female
Adult,Greyhound,Female
Young,Greyhound,Female
Senior,Greyhound,Male
Young,Greyhound,Female
Young,Greyhound,Male
Adult,Greyhound,Male
Adult,Greyhound,Male
Adult,Greyhound,Male
Young,Greyhound,Female
Adult,Greyhound,Female
Adult,Greyhound,Male
Adult,Greyhound,Male
Young,Greyhound,Male
Young,Whippet Mix,Female
Young,Greyhound,Male
Young,Greyhound,Male
Adult,Greyhound,Female
Young,Greyhound,Female
Adult,Greyhound,Female
Adult,Greyhound,Male
Adult,Greyhound,Male
Young,Greyhound,Male
Adult,Greyhound,Male
Adult,Greyhound,Female
Young,Greyhound,Female
Adult,Greyhound,Male
Young,Greyhound,Male
Adult,Greyhound,Male
Young,Greyhound,Female
Adult,Greyhound,Female
Adult,Greyhound,Female
Adult,Greyhound,Male
Young,Greyhound,Female
Young,Greyhound,Female
Young,Greyhound,Female
Young,Greyhound,Female
Young,Greyhound,Male
Young,Greyhound,Female
Young,Greyhound,Male
Adult,Greyhound,Male
Young,Greyhound,Male
Adult,Greyhound,Male
Young,Greyhound,Male
Adult,Greyhound,Male
Young,Greyhound,Female
Adult,Greyhound,Female
Adult,Greyhound,Male
Adult,Greyhound,Female
Adult,Greyhound,Male
Young,Greyhound,Female
Young,Greyhound,Female
Adult,Greyhound,Female
Adult,Greyhound,Female
Young,Greyhound,Male
Young,Greyhound,Male
Young,Greyhound,Female
Adult,Greyhound,Male
Adult,Greyhound,Female
Young,Greyhound,Female
Adult,Greyhound,Female
Adult,Greyhound,Female
Adult,Greyhound,Female
Adult,Greyhound,Female
Adult,Greyhound,Male
Adult,Greyhound,Male
Young,Greyhound,Female
Adult,Greyhound,Female
Adult,Greyhound,Male
Adult,Greyhound,Male
Adult,Greyhound,Male
Adult,Greyhound,Female
Adult,Greyhound,Male
Young,Greyhound,Male
Adult,Greyhound,Male
Senior,Greyhound,Female
Young,Greyhound,Female
Adult,Greyhound,Female
Young,Greyhound,Female
Adult,Greyhound,Female
Young,Greyhound,Male
Young,Greyhound,Male
Adult,Greyhound,Female
Adult,Greyhound,Male
Young,Greyhound,Female
Adult,Greyhound,Female
Adult,Greyhound,Male
Young,Greyhound,Female
Senior,Greyhound,Female
Adult,Greyhound,Female
Adult,Greyhound,Male
Adult,Greyhound,Male
Young,Greyhound,Male
Adult,Greyhound,Female
Adult,Greyhound,Male
Adult,Greyhound,Male
Young,Greyhound,Male
Adult,Greyhound,Female
Young,Greyhound,Male
Adult,Greyhound,Male
Adult,Greyhound,Male
Adult,Greyhound,Male
Adult,Greyhound,Male
Adult,Greyhound,Female
Young,Greyhound,Male
Adult,Greyhound,Male
Adult,Greyhound,Male
Young,Greyhound,Male
Adult,Greyhound,Female
Young,Greyhound,Female
Adult,Greyhound,Male
Young,Greyhound,Female
Adult,Greyhound,Male
Young,Greyhound,Male
Adult,Greyhound,Male
Senior,Greyhound,Female
Young,Greyhound,Female
Adult,Greyhound,Female
Young,Greyhound,Female
Adult,Greyhound,Female
Young,Greyhound,Male
Young,Greyhound,Male
Adult,Greyhound,Female
Adult,Greyhound,Male
Young,Greyhound,Female
Adult,Greyhound,Female
Adult,Greyhound,Male
Young,Greyhound,Female
Senior,Greyhound,Female
Adult,Greyhound,Female
Adult,Greyhound,Male
Adult,Greyhound,Male
Young,Greyhound,Male
Adult,Greyhound,Female
Adult,Greyhound,Male
Adult,Greyhound,Male
Young,Greyhound,Male
Adult,Greyhound,Female
Young,Greyhound,Male
Adult,Greyhound,Male
Adult,Greyhound,Male
Adult,Greyhound,Male
Adult,Greyhound,Male
Adult,Greyhound,Female
Young,Greyhound,Male
Adult,Greyhound,Male
Adult,Greyhound,Male
Young,Greyhound,Male
Adult,Greyhound,Female
Young,Greyhound,Female
Adult,Greyhound,Male
Young,Greyhound,Female
Senior,Pit Bull Terrier Mix,Female
Senior,Mixed Breed,Female
85,away,miles
Senior,Cockapoo,Male
Senior,Boxer & Hound Mix,Female
Senior,Terrier Mix,Male
Puppy,German Shepherd Dog Mix,Male
Puppy,Belgian Shepherd / Malinois & German Shepherd Dog Mix,Male
Young,Belgian Shepherd / Malinois,Female
Puppy,Belgian Shepherd / Malinois,Female
Young,German Shepherd Dog,Male
Puppy,Yorkshire Terrier,Female
Young,Dachshund & Catahoula Leopard Dog Mix,Female
85,away,miles
Adult,Australian Cattle Dog / Blue Heeler,Female
Young,Australian Cattle Dog / Blue Heeler,Female
Young,Australian Cattle Dog / Blue Heeler,Female
85,away,miles
85,away,miles
Senior,German Shepherd Dog Mix,Male
Senior,German Shepherd Dog Mix,Male
Senior,Pit Bull Terrier Mix,Male
Senior,Labrador Retriever Mix,Male
Senior,Rough Collie Mix,Male
Senior,Coonhound Mix,Female
Senior,Terrier Mix,Male
Senior,Boxer Mix,Male
Senior,Black Labrador Retriever Mix,Female
Senior,Pug & Pit Bull Terrier Mix,Female
Senior,Pit Bull Terrier,Male
Senior,Pit Bull Terrier Mix,Female
Senior,Pit Bull Terrier Mix,Female
Senior,Mixed Breed,Male
Senior,Boxer Mix,Male
Senior,Pomeranian,Male
Senior,Great Dane Mix,Female
Senior,Boxer Mix,Female
Senior,American Bulldog,Male
85,away,miles
Senior,Beagle,Male
Senior,Pit Bull Terrier Mix,Male
Senior,Pit Bull Terrier Mix,Female
Senior,Labrador Retriever,Male
Senior,Mixed Breed,Female
Senior,Mixed Breed,Male
Adult,Husky Mix,Female
Adult,German Shepherd Dog,Female
Senior,Hound Mix,Male
Adult,Puggle Mix,Male
Senior,Shih Tzu & Pug Mix,Male
Senior,Chihuahua Mix,Female
Senior,Chihuahua,Female
Senior,Labrador Retriever,Female
Senior,Plott Hound Mix,Male
Senior,Treeing Walker Coonhound Mix,Male
Senior,Peruvian Inca Orchid Mix,Female
Senior,Japanese Chin,Female
Senior,Labrador Retriever,Male
Senior,Pit Bull Terrier Mix,Male
Senior,American Bulldog Mix,Female
Senior,Lhasa Apso & Shih Tzu Mix,Male
Senior,Shar-Pei Mix,Female
Senior,German Shepherd Dog & Labrador Retriever Mix,Male
Senior,Pomeranian,Male
Senior,Dachshund,Female
Senior,Pit Bull Terrier Mix,Male
Senior,Pit Bull Terrier Mix,Female
Senior,Mixed Breed,Male
Senior,Mixed Breed,Female
Senior,Mixed Breed,Female
Senior,Mixed Breed,Female
Senior,Pit Bull Terrier Mix,Male
Senior,Pit Bull Terrier Mix,Female
Senior,Poodle Mix,Female
Senior,Poodle Mix,Female
Senior,Akita,Female
Senior,Labrador Retriever & Hound Mix,Female
Senior,Golden Retriever,Female
Senior,Beagle,Male
Senior,Mixed Breed,Female
Senior,Setter,Male
Senior,Beagle,Male
Adult,American Staffordshire Terrier & Boxer Mix,Female
Adult,Pit Bull Terrier & American Staffordshire Terrier Mix,Female
Adult,Dachshund,Male
Young,American Staffordshire Terrier & American Bulldog Mix,Female
Young,Hound & German Shepherd Dog Mix,Male
Puppy,German Shepherd Dog Mix,Male
Young,Yorkshire Terrier,Male
Young,Black Labrador Retriever & Flat-Coated Retriever Mix,Male
Puppy,Chihuahua & Manchester Terrier Mix,Female
Puppy,German Shepherd Dog Mix,Male
Young,Wheaten Terrier & Schnauzer Mix,Male
Puppy,Labrador Retriever & Shepherd Mix,Male
Puppy,Labrador Retriever & Shepherd Mix,Male
Puppy,American Staffordshire Terrier Mix,Female
Young,American Staffordshire Terrier & Boxer Mix,Male
Puppy,American Bulldog & Labrador Retriever Mix,Female
Puppy,German Shepherd Dog & Labrador Retriever Mix,Male
Puppy,Boxer & Vizsla Mix,Female
Adult,Shepherd & Saint Bernard Mix,Male
Young,Husky & Yellow Labrador Retriever Mix,Female
Young,Husky,Male
Puppy,Black Labrador Retriever & Greyhound Mix,Female
Adult,Black Labrador Retriever,Male
Puppy,Boxer & American Bulldog Mix,Male
Puppy,American Bulldog & American Staffordshire Terrier Mix,Female
Puppy,American Bulldog & American Staffordshire Terrier Mix,Male
Puppy,Jack Russell Terrier & Fox Terrier Mix,Male
Puppy,Boxer & Black Labrador Retriever Mix,Male
Adult,Basset Hound & Beagle Mix,Male
Young,Pointer & Black Labrador Retriever Mix,Female
85,away,miles
Young,Newfoundland Dog & Australian Shepherd Mix,Male
Puppy,Chihuahua & Dachshund Mix,Female
Puppy,Labrador Retriever & Beagle Mix,Female
Senior,Shih poo,Male
Puppy,Mixed Breed,Female
Puppy,Black Labrador Retriever,Male
Puppy,Chihuahua Mix,Male
Puppy,Mixed Breed,Female
Puppy,Mixed Breed,Male
Puppy,Labrador Retriever Mix,Male
Young,Mixed Breed,Male
Puppy,Labrador Retriever Mix,Female
Puppy,Pit Bull Terrier Mix,Female
86,away,miles
Puppy,Terrier Mix,Male
Puppy,Terrier Mix,Male
Puppy,Shepherd & Labrador Retriever Mix,Female
Puppy,Terrier Mix,Female
Puppy,Labrador Retriever Mix,Female
Puppy,Labrador Retriever Mix,Female
Adult,Standard Poodle Mix,Male
Adult,Shepherd Mix,Female
Adult,Labrador Retriever & Border Collie Mix,Male
Puppy,Bluetick Coonhound Mix,Female
Puppy,Hound Mix,Female
Puppy,Labrador Retriever Mix,Female
Puppy,Labrador Retriever Mix,Female
Young,Mixed Breed,Female
Puppy,Labrador Retriever Mix,Female
Puppy,Hound Mix,Female
Puppy,Labrador Retriever Mix,Female
Puppy,German Shepherd Dog Mix,Male
Young,Labrador Retriever,Female
Puppy,Labrador Retriever Mix,Male
Puppy,Terrier Mix,Female
Adult,Labrador Retriever Mix,Female
Puppy,Terrier Mix,Female
Puppy,Terrier Mix,Female
Puppy,Australian Cattle Dog / Blue Heeler Mix,Male
Puppy,Boxer Mix,Male
Puppy,Terrier Mix,Male
Senior,Labrador Retriever Mix,Male
Young,Hound & Rhodesian Ridgeback Mix,Male
Young,Hound & Terrier Mix,Male
Puppy,Chocolate Labrador Retriever Mix,Male
Young,German Shepherd Dog Mix,Male
Puppy,Hound Mix,Female
Puppy,Mixed Breed,Female
Puppy,Mixed Breed,Male
Puppy,Labrador Retriever Mix,Male
Young,Mixed Breed,Male
Puppy,Labrador Retriever Mix,Female
Puppy,Pit Bull Terrier Mix,Female
86,away,miles
Puppy,Terrier Mix,Male
Puppy,Terrier Mix,Male
Puppy,Shepherd & Labrador Retriever Mix,Female
Puppy,Terrier Mix,Female
Puppy,Labrador Retriever Mix,Female
Puppy,Labrador Retriever Mix,Female
Adult,Standard Poodle Mix,Male
Adult,Shepherd Mix,Female
Adult,Labrador Retriever & Border Collie Mix,Male
Puppy,Bluetick Coonhound Mix,Female
Puppy,Hound Mix,Female
Puppy,Labrador Retriever Mix,Female
Puppy,Labrador Retriever Mix,Female
Young,Mixed Breed,Female
Puppy,Labrador Retriever Mix,Female
Puppy,Hound Mix,Female
Puppy,Labrador Retriever Mix,Female
Puppy,German Shepherd Dog Mix,Male
Young,Labrador Retriever,Female
Puppy,Labrador Retriever Mix,Male
Puppy,Terrier Mix,Female
Adult,Labrador Retriever Mix,Female
Puppy,Terrier Mix,Female
Puppy,Terrier Mix,Female
Puppy,Australian Cattle Dog / Blue Heeler Mix,Male
Puppy,Boxer Mix,Male
Puppy,Terrier Mix,Male
Senior,Labrador Retriever Mix,Male
Young,Hound & Rhodesian Ridgeback Mix,Male
Young,Hound & Terrier Mix,Male
Puppy,Chocolate Labrador Retriever Mix,Male
Young,German Shepherd Dog Mix,Male
Puppy,Hound Mix,Female
Puppy,Poodle & Dachshund Mix,Female
Puppy,Dachshund & Poodle Mix,Male
Puppy,Shepherd Mix,Female
Adult,Chesapeake Bay Retriever & Chocolate Labrador Retriever Mix,Female
Adult,Border Collie & Spaniel Mix,Female
Adult,Hound & Beagle Mix,Female
Young,Labrador Retriever & German Shepherd Dog Mix,Female
Adult,Schnauzer Mix,Male
Adult,Schnauzer,Male
Young,Australian Shepherd Mix,Female
Young,Labrador Retriever Mix,Male
Young,Cattle Dog & Australian Shepherd Mix,Female
Young,Terrier & Jack Russell Terrier Mix,Male
Puppy,Shepherd Mix,Female
Puppy,Labrador Retriever & Shepherd Mix,Female
Puppy,Labrador Retriever Mix,Female
Puppy,Labrador Retriever Mix,Male
Adult,Pekingese & Pomeranian Mix,Male
Puppy,Golden Retriever & Australian Shepherd Mix,Male
Adult,Yorkshire Terrier & Poodle Mix,Male
Adult,German Shepherd Dog & Labrador Retriever Mix,Female
Puppy,Shepherd & Husky Mix,Female
Puppy,Collie & Shepherd Mix,Male
Puppy,Boxer & Hound Mix,Female
Puppy,German Shepherd Dog & Hound Mix,Female
Senior,German Shepherd Dog Mix,Male
Puppy,German Shepherd Dog & Labrador Retriever Mix,Female
Puppy,Labrador Retriever & Shepherd Mix,Male
Puppy,German Shepherd Dog & Shepherd Mix,Male
Young,Black Labrador Retriever & German Shepherd Dog Mix,Female
Puppy,Black Labrador Retriever & Border Collie Mix,Male
Puppy,Shepherd Mix,Female
Puppy,Australian Shepherd Mix,Female
Puppy,Great Pyrenees Mix,Male
Puppy,German Shepherd Dog & Labrador Retriever Mix,Female
Puppy,German Shepherd Dog & Shepherd Mix,Male
Adult,Terrier & Rat Terrier Mix,Male
Adult,American Bulldog & Terrier Mix,Female
Puppy,Hound & Weimaraner Mix,Female
Puppy,Labrador Retriever & Spaniel Mix,Female
Puppy,Labrador Retriever Mix,Male
Young,Shepherd Mix,Male
Adult,Poodle,Male
Adult,Shepherd & Rottweiler Mix,Male
Young,Chihuahua,Male
Young,German Shepherd Dog & Akita Mix,Male
Puppy,Black Mouth Cur & Terrier Mix,Female
Puppy,Black Labrador Retriever & Flat-Coated Retriever Mix,Male
Young,Australian Shepherd & Plott Hound Mix,Male
Senior,Havanese,Female
Adult,Chocolate Labrador Retriever Mix,Female
Young,Black Mouth Cur Mix,Male
Young,Black Mouth Cur Mix,Female
Puppy,Border Collie & Rat Terrier Mix,Male
Puppy,Black Labrador Retriever Mix,Male
Adult,Beagle Mix,Female
86,away,miles
Adult,Australian Cattle Dog / Blue Heeler & American Staffordshire Terrier Mix,Female
86,away,miles
Puppy,American Staffordshire Terrier Mix,Male
86,away,miles
Puppy,Shepherd & Labrador Retriever Mix,Male
86,away,miles
Puppy,American Bulldog & Labrador Retriever Mix,Female
Puppy,German Shepherd Dog Mix,Female
Puppy,Labrador Retriever & American Bulldog Mix,Female
86,away,miles
Young,Labrador Retriever & Shepherd Mix,Male
86,away,miles
Young,Chihuahua,Female
86,away,miles
Puppy,Hound & Labrador Retriever Mix,Female
86,away,miles
Puppy,Labrador Retriever & Shepherd Mix,Male
86,away,miles
86,away,miles
Puppy,Australian Cattle Dog / Blue Heeler & Australian Shepherd Mix,Male
Puppy,Australian Shepherd Mix,Female
86,away,miles
Puppy,Husky & Border Collie Mix,Female
Puppy,Dachshund Mix,Male
86,away,miles
Puppy,Hound & Terrier Mix,Female
Puppy,Great Pyrenees & Mastiff Mix,Male
86,away,miles
Puppy,Australian Shepherd Mix,Male
Young,Terrier,Female
86,away,miles
86,away,miles
Puppy,Australian Cattle Dog / Blue Heeler,Female
86,away,miles
86,away,miles
Puppy,Terrier & Chihuahua Mix,Female
Puppy,Terrier,Male
Puppy,Mastiff,Male
86,away,miles
86,away,miles
Puppy,Labrador Retriever,Male
Puppy,Labrador Retriever,Female
86,away,miles
Puppy,Labrador Retriever & Hound Mix,Male
86,away,miles
Puppy,Australian Cattle Dog / Blue Heeler,Male
86,away,miles
86,away,miles
86,away,miles
Puppy,Great Pyrenees,Female
Puppy,Labrador Retriever & Terrier Mix,Male
Young,Pekingese & Yorkshire Terrier Mix,Male
Puppy,Pekingese & Yorkshire Terrier Mix,Male
Young,Miniature Schnauzer,Female
Young,Chiweenie & Terrier Mix,Female
Puppy,Chihuahua,Male
Puppy,Chiweenie & Terrier Mix,Male
Puppy,Boykin Spaniel & Black Labrador Retriever Mix,Male
Puppy,Rottweiler Mix,Female
86,away,miles
Puppy,Chihuahua Mix,Female
Puppy,Labrador Retriever & American Bulldog Mix,Male
Puppy,Australian Cattle Dog / Blue Heeler,Male
86,away,miles
Puppy,Basset Hound & Labrador Retriever Mix,Female
86,away,miles
Puppy,Great Pyrenees,Female
86,away,miles
86,away,miles
86,away,miles
86,away,miles
86,away,miles
86,away,miles
86,away,miles
86,away,miles
86,away,miles
Puppy,Australian Cattle Dog / Blue Heeler & Boxer Mix,Female
Puppy,American Bulldog & Boxer Mix,Female
Puppy,Australian Cattle Dog / Blue Heeler & Boxer Mix,Male
Puppy,Australian Cattle Dog / Blue Heeler & Boxer Mix,Male
Puppy,Australian Cattle Dog / Blue Heeler,Female
86,away,miles
Puppy,Labrador Retriever Mix,Female
Adult,Goldendoodle,Male
Young,Labrador Retriever Mix,Female
Puppy,American Bulldog Mix,Female
Adult,Goldendoodle,Male
Adult,Black Labrador Retriever Mix,Male
86,away,miles
86,away,miles
86,away,miles
Puppy,Beagle & Treeing Walker Coonhound Mix,Male
Puppy,Chihuahua,Female
86,away,miles
Puppy,Husky Mix,Female
Puppy,German Shorthaired Pointer & Hound Mix,Male
Young,Chihuahua,Female
86,away,miles
Puppy,American Bulldog Mix,Male
86,away,miles
Puppy,Chihuahua & Terrier Mix,Male
86,away,miles
Puppy,Australian Shepherd & Husky Mix,Female
Puppy,Labrador Retriever & Border Collie Mix,Male
Adult,Pomeranian,Male
86,away,miles
Young,Black Labrador Retriever Mix,Male
86,away,miles
Puppy,Dachshund Mix,Male
Puppy,Labrador Retriever & Shepherd Mix,Female
Young,Chihuahua,Female
Puppy,Chihuahua & Dachshund Mix,Female
Puppy,Labrador Retriever & Hound Mix,Female
Puppy,Yellow Labrador Retriever & Shepherd Mix,Male
86,away,miles
86,away,miles
Puppy,Labrador Retriever & Hound Mix,Female
86,away,miles
86,away,miles
Puppy,Black Labrador Retriever & Chocolate Labrador Retriever Mix,Male
Young,Chocolate Labrador Retriever & Basset Hound Mix,Male
Puppy,Labrador Retriever Mix,Male
Puppy,Black Labrador Retriever Mix,Female
Puppy,Labrador Retriever & Shepherd Mix,Male
Puppy,Labrador Retriever & Hound Mix,Male
Puppy,American Bulldog Mix,Female
Young,German Shepherd Dog & Husky Mix,Male
Puppy,Terrier Mix,Female
Puppy,Labrador Retriever & Shepherd Mix,Male
Adult,Maltese & Yorkshire Terrier Mix,Male
86,away,miles
Puppy,Smooth Collie & Hound Mix,Female
Puppy,Redbone Coonhound Mix,Male
Puppy,Black Mouth Cur & Hound Mix,Female
86,away,miles
Puppy,Beagle & Hound Mix,Female
Puppy,Doberman Pinscher & Hound Mix,Female
86,away,miles
86,away,miles
Puppy,Labrador Retriever Mix,Female
Puppy,Terrier & Chihuahua Mix,Male
Puppy,Rat Terrier Mix,Male
Puppy,Border Collie Mix,Male
Adult,Terrier & American Bulldog Mix,Female
Puppy,Australian Cattle Dog / Blue Heeler & Labrador Retriever Mix,Male
Puppy,Dachshund & Jack Russell Terrier Mix,Female
86,away,miles
Puppy,Schnauzer & Miniature Dachshund Mix,Male
Puppy,Labrador Retriever Mix,Male
Puppy,American Bulldog Mix,Female
86,away,miles
Puppy,Miniature Schnauzer Mix,Male
86,away,miles
Puppy,German Shepherd Dog Mix,Male
86,away,miles
Puppy,Miniature Schnauzer & Yorkshire Terrier Mix,Female
86,away,miles
86,away,miles
Puppy,American Bulldog Mix,Male
Puppy,Chihuahua Mix,Female
Puppy,Labrador Retriever & Anatolian Shepherd Mix,Female
Puppy,German Shorthaired Pointer Mix,Male
Puppy,Hound & Labrador Retriever Mix,Female
86,away,miles
86,away,miles
Puppy,German Shepherd Dog Mix,Male
Puppy,American Bulldog Mix,Male
86,away,miles
Puppy,Labrador Retriever & American Bulldog Mix,Male
Adult,Terrier,Male
Puppy,German Shepherd Dog Mix,Male
86,away,miles
Puppy,Black Labrador Retriever Mix,Male
86,away,miles
86,away,miles
86,away,miles
Puppy,Labrador Retriever & Anatolian Shepherd Mix,Male
Young,Terrier,Male
Puppy,Labrador Retriever & Anatolian Shepherd Mix,Female
86,away,miles
86,away,miles
86,away,miles
86,away,miles
86,away,miles
86,away,miles
86,away,miles
86,away,miles
86,away,miles
Puppy,Yorkshire Terrier & Schnauzer Mix,Male
Puppy,Yorkshire Terrier & Schnauzer Mix,Male
Puppy,Labrador Retriever & Husky Mix,Male
Adult,Dachshund,Female
Puppy,Labradoodle & Terrier Mix,Male
Puppy,Labradoodle & Terrier Mix,Female
Puppy,Labradoodle & Terrier Mix,Male
Puppy,Labrador Retriever Mix,Male
Puppy,Labrador Retriever Mix,Female
Puppy,Labrador Retriever Mix,Male
86,away,miles
Puppy,Labrador Retriever & Hound Mix,Male
Puppy,Labrador Retriever & Hound Mix,Female
Puppy,Labrador Retriever & Hound Mix,Male
Puppy,Labrador Retriever & Hound Mix,Female
86,away,miles
Puppy,Hound Mix,Female
Puppy,Blue Lacy & Shepherd Mix,Female
Puppy,Akita Mix,Male
Puppy,Terrier & Labrador Retriever Mix,Male
86,away,miles
Puppy,Labrador Retriever Mix,Male
86,away,miles
Puppy,Labrador Retriever & Terrier Mix,Female
86,away,miles
Puppy,Shepherd Mix,Female
Puppy,Labrador Retriever & Terrier Mix,Female
86,away,miles
86,away,miles
Puppy,American Bulldog Mix,Male
Puppy,Brittany Spaniel,Female
86,away,miles
Puppy,Chocolate Labrador Retriever & Hound Mix,Male
86,away,miles
86,away,miles
Puppy,Shepherd Mix,Male
Puppy,American Bulldog Mix,Female
86,away,miles
Puppy,Terrier Mix,Female
86,away,miles
86,away,miles
86,away,miles
Puppy,Black Labrador Retriever Mix,Female
Puppy,American Bully Mix,Male
Puppy,Labrador Retriever Mix,Male
Puppy,Labrador Retriever Mix,Male
Puppy,Labrador Retriever Mix,Male
Puppy,Shepherd Mix,Female
Adult,Terrier,Female
Puppy,Hound Mix,Female
Puppy,Hound Mix,Female
Puppy,Boxer & American Bulldog Mix,Female
86,away,miles
86,away,miles
Puppy,Chihuahua & Terrier Mix,Female
Young,Terrier,Male
86,away,miles
Puppy,Chihuahua & Terrier Mix,Male
86,away,miles
86,away,miles
86,away,miles
Puppy,Australian Cattle Dog / Blue Heeler Mix,Female
Young,Schnauzer Mix,Male
86,away,miles
86,away,miles
86,away,miles
86,away,miles
86,away,miles
86,away,miles
Puppy,Labrador Retriever Mix,Female
Young,Terrier Mix,Male
Puppy,Labrador Retriever & Hound Mix,Male
86,away,miles
86,away,miles
Young,Mountain Cur Mix,Male
Puppy,Shepherd & Labrador Retriever Mix,Male
86,away,miles
86,away,miles
Puppy,Labrador Retriever Mix,Male
86,away,miles
86,away,miles
86,away,miles
Puppy,Black Labrador Retriever Mix,Male
Puppy,Hound & Labrador Retriever Mix,Female
Puppy,Black Mouth Cur & Labrador Retriever Mix,Male
86,away,miles
86,away,miles
Puppy,Black Labrador Retriever & Shepherd Mix,Male
Puppy,Chiweenie,Female
Puppy,Australian Shepherd & Labrador Retriever Mix,Female
86,away,miles
86,away,miles
86,away,miles
86,away,miles
86,away,miles
Puppy,American Bully Mix,Female
86,away,miles
Puppy,American Bully Mix,Male
Puppy,Chocolate Labrador Retriever Mix,Male
Puppy,American Bully Mix,Male
Puppy,Schnauzer Mix,Male
Adult,Terrier,Male
Adult,Chihuahua & Terrier Mix,Male
Puppy,Shepherd & Labrador Retriever Mix,Female
Puppy,Catahoula Leopard Dog & Terrier Mix,Male
Puppy,Labrador Retriever & Shepherd Mix,Male
86,away,miles
Young,Black Mouth Cur Mix,Male
Puppy,Hound & American Bulldog Mix,Female
Puppy,Hound & American Bulldog Mix,Male
86,away,miles
86,away,miles
Puppy,Terrier & Shepherd Mix,Male
Puppy,Shepherd & Terrier Mix,Male
86,away,miles
Puppy,Shepherd & Terrier Mix,Male
Puppy,Shepherd & Terrier Mix,Male
Puppy,Shepherd & Terrier Mix,Female
Puppy,Shepherd Mix,Female
Puppy,Chiweenie,Female
Puppy,Labrador Retriever Mix,Female
Puppy,Labrador Retriever Mix,Male
86,away,miles
Puppy,Chiweenie,Female
Puppy,Plott Hound,Male
Adult,Labrador Retriever Mix,Female
Puppy,Labrador Retriever & American Bulldog Mix,Male
Puppy,Australian Cattle Dog / Blue Heeler,Female
Puppy,Australian Cattle Dog / Blue Heeler,Male
Puppy,Labrador Retriever Mix,Female
Puppy,American Bulldog Mix,Female
Young,Pug Mix,Male
Adult,Rottweiler Mix,Female
Puppy,Labrador Retriever & Shepherd Mix,Male
Puppy,Catahoula Leopard Dog Mix,Female
Puppy,Hound & Labrador Retriever Mix,Female
Puppy,Chocolate Labrador Retriever & Setter Mix,Male
Puppy,Hound & Labrador Retriever Mix,Male
Puppy,Hound Mix,Female
Puppy,Flat-Coated Retriever Mix,Female
Puppy,Hound Mix,Female
86,away,miles
Puppy,Terrier,Male
Puppy,Labrador Retriever Mix,Female
Puppy,Shih Tzu & Yorkshire Terrier Mix,Male
Puppy,Labrador Retriever & American Bulldog Mix,Female
Young,Shepherd & Terrier Mix,Male
Puppy,Terrier & Chihuahua Mix,Female
Puppy,Terrier & Chihuahua Mix,Male
Puppy,Catahoula Leopard Dog,Female
Puppy,Australian Cattle Dog / Blue Heeler & Labrador Retriever Mix,Male
Puppy,Labrador Retriever Mix,Female
Puppy,Chiweenie,Male
Puppy,Shepherd & Australian Cattle Dog / Blue Heeler Mix,Male
86,away,miles
Puppy,Labrador Retriever Mix,Male
Puppy,Australian Cattle Dog / Blue Heeler & Labrador Retriever Mix,Male
Puppy,Catahoula Leopard Dog & Labrador Retriever Mix,Male
Puppy,Catahoula Leopard Dog & Labrador Retriever Mix,Male
Puppy,American Bulldog,Male
Puppy,Terrier Mix,Male
Puppy,Labrador Retriever Mix,Male
Puppy,Terrier Mix,Male
Adult,Labrador Retriever,Female
Adult,Terrier,Male
86,away,miles
Young,Dachshund & Beagle Mix,Female
Puppy,Labrador Retriever Mix,Female
Puppy,Labrador Retriever Mix,Female
Young,Chihuahua & Terrier Mix,Male
Young,Border Collie & Labrador Retriever Mix,Male
Puppy,Labrador Retriever Mix,Male
Puppy,Labrador Retriever Mix,Male
Young,Border Collie & Labrador Retriever Mix,Male
Puppy,Labrador Retriever & Shepherd Mix,Male
Puppy,Labrador Retriever & Catahoula Leopard Dog Mix,Male
Puppy,Labrador Retriever Mix,Female
Puppy,Labrador Retriever Mix,Male
Puppy,Labrador Retriever & Shepherd Mix,Male
Senior,Chiweenie & Pug Mix,Female
Young,Labrador Retriever,Male
86,away,miles
Young,American Bulldog Mix,Male
Puppy,Hound & Labrador Retriever Mix,Female
Puppy,Labrador Retriever & Shepherd Mix,Male
Puppy,Dachshund & Terrier Mix,Male
Puppy,Dachshund & Terrier Mix,Female
Puppy,Dachshund & Terrier Mix,Female
Puppy,Dachshund & Terrier Mix,Male
Young,Yorkshire Terrier & Schnauzer Mix,Male
86,away,miles
Puppy,Catahoula Leopard Dog & American Bulldog Mix,Male
Puppy,Terrier Mix,Male
Puppy,Labrador Retriever Mix,Female
Puppy,American Bulldog Mix,Male
Young,Cavalier King Charles Spaniel,Male
Puppy,Anatolian Shepherd,Female
Young,Mastiff Mix,Female
86,away,miles
Young,Husky & Shepherd Mix,Male
Young,Border Collie & German Shorthaired Pointer Mix,Female
Puppy,Labrador Retriever Mix,Female
Puppy,Labrador Retriever Mix,Female
Puppy,American Bulldog Mix,Female
Puppy,American Bulldog Mix,Male
Puppy,Terrier Mix,Male
Puppy,Terrier Mix,Male
Puppy,Labradoodle & Airedale Terrier Mix,Male
86,away,miles
Adult,American Bulldog Mix,Female
Young,American Bulldog Mix,Male
Young,Chocolate Labrador Retriever,Male
Puppy,Airedale Terrier & Labrador Retriever Mix,Male
Young,Greyhound & Anatolian Shepherd Mix,Male
Young,American Bulldog Mix,Male
Puppy,American Bulldog & Labrador Retriever Mix,Female
Puppy,Catahoula Leopard Dog Mix,Female
Young,Dachshund & Terrier Mix,Female
Young,Redbone Coonhound & Labrador Retriever Mix,Male
Young,Puggle & American Bulldog Mix,Female
Adult,Black Labrador Retriever,Female
Puppy,Labrador Retriever & Shepherd Mix,Female
Puppy,Husky & Shepherd Mix,Female
Puppy,American Bulldog Mix,Male
Young,Siberian Husky,Male
Young,Terrier Mix,Female
Young,Chihuahua & Schnauzer Mix,Male
Adult,Chihuahua,Male
Puppy,Husky Mix,Male
Puppy,Husky Mix,Female
Puppy,Husky Mix,Female
Puppy,Terrier & Labrador Retriever Mix,Male
Young,Hound,Female
Puppy,American Bulldog Mix,Female
Young,Australian Shepherd Mix,Female
Adult,Terrier & Cattle Dog Mix,Male
Adult,American Bulldog,Male
Puppy,Shepherd Mix,Male
Puppy,Shepherd Mix,Female
Puppy,Shih Tzu & Terrier Mix,Female
Puppy,Terrier Mix,Male
Young,Puggle & Dachshund Mix,Male
Young,Great Pyrenees Mix,Female
Puppy,American Bulldog Mix,Female
Young,Pointer & American Bulldog Mix,Male
Adult,Hound,Female
Young,American Bulldog Mix,Female
Puppy,Treeing Walker Coonhound,Male
Young,Chihuahua & Terrier Mix,Male
Young,American Bulldog Mix,Female
Young,Shar-Pei & Labrador Retriever Mix,Male
Young,Shar-Pei & Labrador Retriever Mix,Male
Young,Shepherd & Labrador Retriever Mix,Male
Puppy,Treeing Walker Coonhound,Male
Young,Terrier Mix,Male
Puppy,American Bulldog Mix,Female
Puppy,Black and Tan Coonhound,Male
Adult,Chiweenie,Female
Senior,Miniature Schnauzer,Male
Young,Rat Terrier,Female
Young,Labrador Retriever Mix,Male
Young,Hound,Female
Adult,Pug & Chihuahua Mix,Male
Young,Australian Cattle Dog / Blue Heeler & Shepherd Mix,Male
Young,Labrador Retriever & American Bulldog Mix,Male
Puppy,Chiweenie,Female
Senior,Australian Shepherd,Female
Young,Feist & Labrador Retriever Mix,Male
Young,Terrier,Male
Young,Yorkshire Terrier & Chihuahua Mix,Male
Young,Cocker Spaniel,Male
Adult,Boxer & American Bulldog Mix,Male
Puppy,American Bulldog Mix,Male
Young,Labrador Retriever & American Bulldog Mix,Male
Young,Dachshund & Chihuahua Mix,Male
Puppy,American Bulldog Mix,Female
Young,Chihuahua,Male
Young,Schnauzer Mix,Male
Young,Labrador Retriever Mix,Female
Puppy,Boxer Mix,Female
Puppy,Boxer Mix,Female
Puppy,Boxer Mix,Female
Puppy,Labrador Retriever Mix,Female
Puppy,Black Labrador Retriever Mix,Female
Young,Rat Terrier,Male
Puppy,Chihuahua Mix,Female
Puppy,Labrador Retriever Mix,Female
Puppy,Labrador Retriever & American Bulldog Mix,Female
Puppy,Chihuahua Mix,Female
Puppy,Black Labrador Retriever Mix,Female
Puppy,Shih Tzu & Terrier Mix,Female
Puppy,Chiweenie,Male
Young,Terrier Mix,Male
Puppy,Labrador Retriever & American Bulldog Mix,Female
Puppy,Boxer & American Bulldog Mix,Female
Adult,Labrador Retriever & Hound Mix,Female
Puppy,Pointer Mix,Male
Puppy,Border Collie,Male
Puppy,Labrador Retriever & American Bulldog Mix,Female
Puppy,American Bulldog & Labrador Retriever Mix,Female
Puppy,Shepherd & Labrador Retriever Mix,Male
Young,Catahoula Leopard Dog Mix,Female
Puppy,Shepherd & Labrador Retriever Mix,Male
Puppy,Labrador Retriever & Shepherd Mix,Female
Young,German Shepherd Dog,Female
Adult,American Bulldog Mix,Male
Puppy,Labrador Retriever & Shepherd Mix,Male
Puppy,Labrador Retriever & Shepherd Mix,Female
Puppy,Labrador Retriever & Hound Mix,Female
Puppy,Labrador Retriever & Hound Mix,Female
Young,Terrier Mix,Female
Young,Beagle & Treeing Walker Coonhound Mix,Female
Puppy,Border Collie & Shepherd Mix,Male
Puppy,Jack Russell Terrier & Chiweenie Mix,Female
Young,Terrier Mix,Female
Adult,English Bulldog,Male
Young,American Bulldog & Shar-Pei Mix,Female
Young,Labrador Retriever Mix,Female
Young,Husky & Labrador Retriever Mix,Female
Puppy,Hound & Rottweiler Mix,Male
Puppy,Dachshund & Jack Russell Terrier Mix,Male
Puppy,Dachshund & Jack Russell Terrier Mix,Female
Puppy,Miniature Schnauzer & Yorkshire Terrier Mix,Female
Puppy,Dachshund & Jack Russell Terrier Mix,Female
Young,Hound & Boxer Mix,Male
Puppy,Dachshund & Jack Russell Terrier Mix,Male
Adult,Chocolate Labrador Retriever & Shepherd Mix,Male
Young,Hound Mix,Male
Adult,Pomeranian & Chihuahua Mix,Female
Puppy,American Bulldog Mix,Male
Adult,Black Mouth Cur & Mastiff Mix,Female
Young,Labrador Retriever & American Bulldog Mix,Female
Adult,Dachshund & Terrier Mix,Female
Adult,Chihuahua,Female
Adult,Chihuahua,Male
Young,Australian Cattle Dog / Blue Heeler & American Bulldog Mix,Female
Adult,Boxer & Labrador Retriever Mix,Male
Adult,Boxer & Mastiff Mix,Female
Young,Brussels Griffon Mix,Male
Puppy,Labrador Retriever Mix,Female
Puppy,Terrier & Labrador Retriever Mix,Female
Young,Terrier Mix,Female
Young,Labrador Retriever Mix,Female
Adult,Labrador Retriever Mix,Male
Adult,Basset Hound & Labrador Retriever Mix,Female
Young,Chihuahua & Pug Mix,Female
Puppy,Hound Mix,Male
Puppy,Hound Mix,Male
Young,Shepherd Mix,Female
Puppy,Labrador Retriever Mix,Female
Young,Great Dane & American Bulldog Mix,Male
Young,Chihuahua & Pug Mix,Male
Young,American Bulldog Mix,Female
Puppy,Dachshund & Australian Cattle Dog / Blue Heeler Mix,Male
Young,Collie Mix,Male
Adult,Dachshund Mix,Female
Puppy,Hound,Female
Young,American Bulldog Mix,Female
Puppy,American Bulldog Mix,Male
Puppy,American Bulldog Mix,Female
Puppy,Labrador Retriever Mix,Female
Puppy,Labrador Retriever Mix,Female
Adult,Shepherd & Husky Mix,Male
Adult,Dachshund & Terrier Mix,Male
Young,Pekingese Mix,Female
Adult,Terrier Mix,Female
Senior,Jack Russell Terrier,Male
Adult,Dachshund & Terrier Mix,Female
Young,Catahoula Leopard Dog & Shepherd Mix,Female
Young,German Shorthaired Pointer & Chocolate Labrador Retriever Mix,Female
Adult,American Staffordshire Terrier,Female
Young,Mastiff & Black Mouth Cur Mix,Female
Puppy,Dachshund & Australian Cattle Dog / Blue Heeler Mix,Male
Young,Labrador Retriever & Great Dane Mix,Male
Adult,Labrador Retriever Mix,Male
Puppy,Border Collie & American Bulldog Mix,Female
Young,Labrador Retriever Mix,Female
Puppy,Redbone Coonhound Mix,Female
Adult,Terrier Mix,Female
Puppy,Redbone Coonhound Mix,Male
Puppy,Treeing Walker Coonhound,Male
Young,Black Labrador Retriever Mix,Male
Puppy,Shepherd & Husky Mix,Male
Puppy,Labrador Retriever & Border Collie Mix,Female
Young,American Bulldog & Catahoula Leopard Dog Mix,Female
Young,Chihuahua & Dachshund Mix,Male
Young,Labrador Retriever Mix,Female
Adult,Chihuahua,Male
Puppy,Hound,Female
Young,Terrier Mix,Female
Puppy,Hound,Female
Puppy,Spaniel & Golden Retriever Mix,Female
Puppy,American Bulldog Mix,Female
Puppy,Spaniel Mix,Male
Adult,American Staffordshire Terrier & American Bulldog Mix,Female
Puppy,Black Labrador Retriever Mix,Male
Puppy,Shepherd Mix,Female
Young,American Bulldog Mix,Female
Puppy,Boxer & Australian Cattle Dog / Blue Heeler Mix,Female
Puppy,Hound,Female
Puppy,Hound,Female
Young,Hound & Black Mouth Cur Mix,Female
Adult,Labrador Retriever & Husky Mix,Male
Young,Labrador Retriever & American Bulldog Mix,Male
Puppy,Boxer & Australian Cattle Dog / Blue Heeler Mix,Female
Adult,Scottish Terrier Mix,Male
Adult,Labrador Retriever & Hound Mix,Female
Adult,Labrador Retriever & Hound Mix,Female
Adult,German Shepherd Dog,Male
Puppy,American Bulldog Mix,Female
Puppy,Boxer & Australian Cattle Dog / Blue Heeler Mix,Male
Young,American Bulldog & Great Dane Mix,Female
Young,Hound Mix,Male
Puppy,Terrier Mix,Male
Senior,Labrador Retriever Mix,Female
Young,American Bulldog & Terrier Mix,Female
Puppy,Terrier Mix,Male
Young,Terrier Mix,Female
Young,Miniature Pinscher Mix,Female
Puppy,Shepherd & Husky Mix,Male
Puppy,Shepherd & Husky Mix,Female
Puppy,Great Pyrenees & Hound Mix,Female
Adult,Beagle & Pug Mix,Male
Adult,Basset Hound Mix,Male
Puppy,Shepherd & Husky Mix,Male
Puppy,Terrier & American Bulldog Mix,Male
Puppy,Shepherd & Husky Mix,Male
Young,Labrador Retriever Mix,Female
Adult,Terrier Mix,Male
Puppy,Shepherd & Black Mouth Cur Mix,Male
Adult,Labrador Retriever Mix,Male
Young,American Bulldog & Labrador Retriever Mix,Male
Puppy,Shepherd & Black Mouth Cur Mix,Male
Puppy,Great Pyrenees Mix,Male
Puppy,Great Pyrenees Mix,Male
Young,Labrador Retriever & Hound Mix,Male
Puppy,Great Pyrenees Mix,Male
Puppy,Great Pyrenees Mix,Female
Puppy,Great Pyrenees Mix,Female
Puppy,Shepherd & Black Mouth Cur Mix,Male
Puppy,Shepherd & Black Mouth Cur Mix,Male
Puppy,Labrador Retriever Mix,Male
Puppy,Labrador Retriever & Black Mouth Cur Mix,Male
Young,Labrador Retriever & Hound Mix,Female
Adult,Bluetick Coonhound,Male
Puppy,Great Pyrenees Mix,Male
Adult,Treeing Walker Coonhound,Female
Puppy,Hound Mix,Female
Puppy,Black Mouth Cur & Labrador Retriever Mix,Male
Puppy,Great Pyrenees & Hound Mix,Female
Puppy,Shepherd Mix,Female
Puppy,Labrador Retriever & Dachshund Mix,Female
Adult,Chihuahua Mix,Female
Puppy,Black Mouth Cur Mix,Female
Puppy,Terrier Mix,Female
Young,Australian Cattle Dog / Blue Heeler,Male
Puppy,Chocolate Labrador Retriever Mix,Female
Adult,Collie Mix,Male
Young,Chihuahua Mix,Male
Puppy,Hound Mix,Female
Puppy,Labrador Retriever & Border Collie Mix,Female
Adult,Labrador Retriever & Bloodhound Mix,Male
Puppy,Terrier Mix,Male
Adult,Golden Retriever Mix,Male
Puppy,Chihuahua & Terrier Mix,Male
Puppy,Catahoula Leopard Dog & Hound Mix,Female
Puppy,Chihuahua & Terrier Mix,Male
Puppy,Terrier Mix,Male
Puppy,Labrador Retriever Mix,Female
Adult,Boxer & American Bulldog Mix,Female
Puppy,Labrador Retriever & Black Mouth Cur Mix,Female
Adult,American Bulldog & Labrador Retriever Mix,Male
Puppy,Shepherd Mix,Female
Puppy,Jack Russell Terrier,Female
Puppy,Catahoula Leopard Dog & Hound Mix,Female
Puppy,Catahoula Leopard Dog & Hound Mix,Female
Senior,Black Labrador Retriever Mix,Male
Puppy,Hound Mix,Female
Young,Brittany Spaniel Mix,Male
Young,Brittany Spaniel,Male
Young,Scottish Terrier Mix,Male
Puppy,Husky & Australian Cattle Dog / Blue Heeler Mix,Male
Adult,Chihuahua & Dachshund Mix,Male
Puppy,Hound Mix,Male
Puppy,Husky & Labrador Retriever Mix,Female
Adult,Terrier Mix,Female
Young,Shepherd & Husky Mix,Female
Puppy,Hound Mix,Female
Puppy,Hound Mix,Female
Puppy,Black Labrador Retriever,Male
Puppy,Husky & Labrador Retriever Mix,Female
Puppy,Husky & Labrador Retriever Mix,Female
Adult,Italian Greyhound,Male
Young,Chihuahua & Dachshund Mix,Female
Puppy,Chihuahua & Dachshund Mix,Male
Young,Basenji Mix,Female
Adult,Labrador Retriever & Shepherd Mix,Male
Puppy,Collie Mix,Female
Puppy,Labrador Retriever & Hound Mix,Female
Puppy,Plott Hound Mix,Female
Adult,Labrador Retriever Mix,Female
Puppy,Chihuahua & Dachshund Mix,Male
Adult,Shepherd Mix,Female
Puppy,Spaniel Mix,Female
Puppy,Labrador Retriever & Hound Mix,Male
Adult,Labrador Retriever Mix,Male
Puppy,Black Labrador Retriever,Female
Puppy,Black Labrador Retriever,Female
Puppy,Black Labrador Retriever,Female
Puppy,Black Labrador Retriever,Male
Puppy,Black Labrador Retriever,Male
Adult,Black Labrador Retriever Mix,Female
Adult,Beagle & Pug Mix,Female
Puppy,Mastiff Mix,Female
Puppy,Australian Cattle Dog / Blue Heeler Mix,Male
Young,Black Labrador Retriever,Female
Puppy,Border Collie,Female
Puppy,Border Collie Mix,Male
Puppy,Border Collie,Male
Young,Hound Mix,Male
Adult,Chihuahua & Pug Mix,Male
Adult,German Shorthaired Pointer Mix,Female
Puppy,Chihuahua & Dachshund Mix,Male
Puppy,Australian Cattle Dog / Blue Heeler Mix,Male
Puppy,Chihuahua & Dachshund Mix,Female
Young,Labrador Retriever & American Bulldog Mix,Male
Adult,German Shorthaired Pointer Mix,Female
Puppy,Australian Cattle Dog / Blue Heeler Mix,Male
Adult,Labrador Retriever & Shepherd Mix,Female
Adult,Dachshund,Female
Young,Labrador Retriever & American Bulldog Mix,Female
Young,Catahoula Leopard Dog & American Bulldog Mix,Male
Adult,Catahoula Leopard Dog Mix,Female
Puppy,Great Pyrenees & American Bulldog Mix,Male
Adult,Brittany Spaniel,Male
Adult,Basset Hound Mix,Male
Young,Mastiff Mix,Male
Puppy,German Shepherd Dog Mix,Female
Puppy,German Shepherd Dog Mix,Female
Adult,Chocolate Labrador Retriever Mix,Male
Young,American Bulldog Mix,Female
Young,Rat Terrier Mix,Male
Young,Basset Hound & Labrador Retriever Mix,Male
Puppy,Rat Terrier & Chihuahua Mix,Male
Young,Rat Terrier,Female
Young,Feist Mix,Female
Young,Terrier & Dachshund Mix,Female
Young,Labrador Retriever Mix,Male
Adult,Havanese,Male
Young,Bichon Frise,Male
Young,Havanese,Male
Adult,Bichon Frise,Female
Adult,Chocolate Labrador Retriever & Labrador Retriever Mix,Male
89,away,miles
Senior,Chihuahua,Male
89,away,miles
89,away,miles
89,away,miles
Adult,Golden Retriever Mix,Female
89,away,miles
Senior,German Shepherd Dog,Female
Senior,Labrador Retriever & Chow Chow Mix,Male
Senior,Chihuahua & Dachshund Mix,Female
89,away,miles
Senior,Yorkshire Terrier,Female
Senior,Chihuahua & Terrier Mix,Female
Senior,Jack Russell Terrier,Male
Senior,Jack Russell Terrier Mix,Female
Senior,German Shepherd Dog & Labrador Retriever Mix,Male
Senior,Labrador Retriever Mix,Female
Senior,Mixed Breed,Male
Senior,Chow Chow Mix,Male
Senior,Hound,Male
Senior,Chihuahua Mix,Male
Senior,Shepherd Mix,Male
Senior,Boxer Mix,Male
Senior,Labrador Retriever,Female
Senior,American Bully Mix,Male
Senior,Beagle Mix,Male
Young,Shepherd Mix,Female
Senior,Labrador Retriever Mix,Male
Senior,Labrador Retriever & Shepherd Mix,Male
Senior,Labrador Retriever Mix,Male
89,away,miles
Senior,Labrador Retriever & Great Dane Mix,Male
Senior,Terrier Mix,Female
89,away,miles
89,away,miles
89,away,miles
Adult,Husky & Shepherd Mix,Female
Adult,Labrador Retriever & Greyhound Mix,Female
Adult,Great Pyrenees,Female
Young,Black Labrador Retriever & Terrier Mix,Female
Young,Chihuahua Mix,Female
Young,Terrier Mix,Female
89,away,miles
89,away,miles
89,away,miles
Adult,Golden Retriever Mix,Female
89,away,miles
Senior,German Shepherd Dog,Female
Senior,Labrador Retriever & Chow Chow Mix,Male
Senior,Chihuahua & Dachshund Mix,Female
89,away,miles
Senior,Yorkshire Terrier,Female
Senior,Chihuahua & Terrier Mix,Female
Senior,Jack Russell Terrier,Male
Senior,Jack Russell Terrier Mix,Female
Senior,German Shepherd Dog & Labrador Retriever Mix,Male
Senior,Labrador Retriever Mix,Female
Senior,Mixed Breed,Male
Senior,Chow Chow Mix,Male
Senior,Hound,Male
Senior,Chihuahua Mix,Male
Senior,Shepherd Mix,Male
Senior,Boxer Mix,Male
Senior,Labrador Retriever,Female
Senior,American Bully Mix,Male
Senior,Beagle Mix,Male
Young,Shepherd Mix,Female
Senior,Labrador Retriever Mix,Male
Senior,Labrador Retriever & Shepherd Mix,Male
Senior,Labrador Retriever Mix,Male
89,away,miles
Senior,Labrador Retriever & Great Dane Mix,Male
Senior,Terrier Mix,Female
89,away,miles
89,away,miles
89,away,miles
Adult,Husky & Shepherd Mix,Female
Adult,Labrador Retriever & Greyhound Mix,Female
Adult,Great Pyrenees,Female
Young,Black Labrador Retriever & Terrier Mix,Female
Young,Chihuahua Mix,Female
Young,Terrier Mix,Female
Young,Basset Hound & Terrier Mix,Female
Adult,Dalmatian Mix,Female
Adult,Poodle Mix,Male
Adult,Hound,Male
Adult,Pit Bull Terrier,Female
Adult,Terrier Mix,Male
Young,Hound Mix,Female
Adult,Shar-Pei & American Bulldog Mix,Female
Adult,Pointer Mix,Female
Young,Golden Retriever Mix,Male
Adult,Pit Bull Terrier,Male
Young,Labrador Retriever Mix,Male
Adult,American Bulldog,Male
Adult,Pit Bull Terrier Mix,Female
Adult,Rottweiler & Labrador Retriever Mix,Female
Adult,Beagle Mix,Male
Young,Dachshund,Male
Adult,Pug,Female
Young,Coonhound,Male
Adult,Pit Bull Terrier,Male
Adult,Hound Mix,Male
Young,Coonhound Mix,Female
Adult,Shepherd Mix,Female
Adult,Chocolate Labrador Retriever & Husky Mix,Male
Young,Black Labrador Retriever Mix,Male
Adult,Dalmatian Mix,Female
Adult,Chocolate Labrador Retriever & Husky Mix,Male
Puppy,Retriever Mix,Male
Adult,German Shepherd Dog & Beagle Mix,Male
Adult,Border Collie Mix,Female
Adult,Boxer,Female
Young,Labrador Retriever Mix,Male
Adult,Chocolate Labrador Retriever Mix,Male
Young,Pit Bull Terrier,Female
Young,Border Collie,Male
Adult,American Bulldog,Female
Senior,Lhasa Apso,Female
Adult,Greyhound Mix,Male
Adult,Labrador Retriever & Hound Mix,Female
Adult,Beagle & Corgi Mix,Male
Adult,Chocolate Labrador Retriever,Male
Adult,Hound Mix,Female
Young,Beagle,Female
Young,Shepherd Mix,Male
Adult,Pekingese & Pomeranian Mix,Female
Young,German Shepherd Dog & Labrador Retriever Mix,Female
Adult,Rottweiler & Labrador Retriever Mix,Male
Adult,Pug & Beagle Mix,Female
Adult,Hound Mix,Male
Young,Golden Retriever Mix,Female
Adult,Boxer Mix,Female
Young,Pit Bull Terrier Mix,Female
Adult,Golden Retriever Mix,Female
Adult,Poodle,Male
Young,Labrador Retriever Mix,Female
Young,Black Labrador Retriever Mix,Female
Adult,English Coonhound,Male
Young,Golden Retriever & Great Pyrenees Mix,Male
Young,Beagle,Female
Young,Pit Bull Terrier Mix,Female
Adult,Husky & Hound Mix,Male
Adult,Weimaraner,Male
Young,Labrador Retriever & Doberman Pinscher Mix,Female
Adult,Airedale Terrier,Female
Adult,Pit Bull Terrier,Male
Adult,Beagle,Male
Puppy,Beagle,Female
Adult,Treeing Walker Coonhound,Female
Adult,American Eskimo Dog,Female
Adult,Beagle,Female
Adult,Bluetick Coonhound,Female
Adult,Pomeranian,Male
Adult,German Shepherd Dog & Labrador Retriever Mix,Male
Adult,Terrier Mix,Male
Young,Dachshund & Terrier Mix,Male
Adult,Terrier Mix,Male
Young,Black Labrador Retriever Mix,Female
Senior,Pug,Male
Adult,American Eskimo Dog,Male
Young,German Shepherd Dog Mix,Female
Senior,Golden Retriever Mix,Male
Adult,Jack Russell Terrier,Male
Senior,Chihuahua,Female
Adult,Cockapoo,Female
Adult,Maltese & Cocker Spaniel Mix,Female
Young,Pointer Mix,Female
Adult,Rottweiler Mix,Female
Senior,Rottweiler,Female
Adult,Hound Mix,Female
Adult,Pit Bull Terrier Mix,Female
Young,Black Labrador Retriever & Golden Retriever Mix,Male
Adult,Collie & Labrador Retriever Mix,Female
Adult,Black Labrador Retriever Mix,Female
Young,Pit Bull Terrier Mix,Female
Adult,Chihuahua Mix,Female
Puppy,Beagle Mix,Male
Adult,Beagle Mix,Male
Young,Hound & Shepherd Mix,Male
Adult,Boxer Mix,Male
Adult,Husky Mix,Female
Adult,Black Labrador Retriever Mix,Male
Young,Border Collie & Labrador Retriever Mix,Female
Adult,Beagle & Bluetick Coonhound Mix,Female
Adult,American Staffordshire Terrier Mix,Female
Young,Australian Shepherd Mix,Female
Senior,Siberian Husky Mix,Male
Young,Shepherd & Labrador Retriever Mix,Male
Young,Great Pyrenees & Anatolian Shepherd Mix,Female
Adult,Mixed Breed,Male
Adult,Pit Bull Terrier Mix,Male
Adult,Hound Mix,Male
Senior,Hound,Female
Adult,Corgi & Chihuahua Mix,Male
Young,Chihuahua Mix,Male
Young,Chihuahua,Female
Young,Chihuahua Mix,Male
Young,Collie Mix,Male
Adult,American Bulldog Mix,Male
Adult,Terrier Mix,Male
Adult,Pit Bull Terrier,Male
Adult,Pomsky,Female
Adult,Shetland Sheepdog / Sheltie & Pomeranian Mix,Male
Adult,Shetland Sheepdog / Sheltie & Pomeranian Mix,Female
Adult,American Bulldog,Male
Puppy,Hound Mix,Female
Senior,German Shepherd Dog,Male
Young,Black Labrador Retriever Mix,Male
Young,Mixed Breed,Male
Adult,Pit Bull Terrier,Male
Young,Chihuahua,Male
Young,Black Mouth Cur,Female
Young,Pit Bull Terrier,Female
Adult,Standard Poodle,Female
Senior,Terrier & Shih Tzu Mix,Male
Senior,Chihuahua,Male
Young,Great Dane,Male
Young,Great Pyrenees & Australian Cattle Dog / Blue Heeler Mix,Female
Adult,Australian Cattle Dog / Blue Heeler,Female
Adult,Rottweiler,Female
Adult,Wheaten Terrier,Male
Senior,Labrador Retriever,Female
Senior,Shepherd,Male
Young,Chihuahua,Male
Young,Maltese,Male
Adult,Terrier,Male
Adult,Pug & Chihuahua Mix,Female
Adult,Shepherd & Husky Mix,Female
Senior,Beagle,Male
Senior,Shepherd,Male
Adult,Beagle,Male
Senior,Australian Shepherd,Male
Adult,Yorkshire Terrier Mix,Female
Senior,Chihuahua,Male
Adult,Redbone Coonhound & Hound Mix,Male
Adult,Dachshund,Male
Adult,Dachshund,Male
Adult,Pomeranian,Male
Adult,Old English Sheepdog,Male
Adult,Australian Shepherd,Male
Adult,Labrador Retriever Mix,Male
Adult,Australian Cattle Dog / Blue Heeler Mix,Female
Adult,Labrador Retriever & Boxer Mix,Female
Young,Border Collie Mix,Female
Adult,Cockapoo Mix,Male
Adult,Labrador Retriever Mix,Male
Young,Shepherd Mix,Male
Young,Shepherd Mix,Female
Young,Chinese Crested Dog,Male
Adult,Husky,Male
Adult,Chihuahua,Male
Senior,Chihuahua,Male
Adult,Pit Bull Terrier,Male
Adult,Pomeranian & Chihuahua Mix,Male
Adult,Labrador Retriever Mix,Female
Adult,Labrador Retriever Mix,Female
90,away,miles
90,away,miles
Adult,American Staffordshire Terrier,Male
Adult,Pomeranian,Female
Adult,Labrador Retriever Mix,Male
90,away,miles
Senior,Chihuahua,Male
Senior,Dachshund,Female
Young,Labrador Retriever & Corgi Mix,Female
Young,Labrador Retriever & Corgi Mix,Male
Senior,Jack Russell Terrier,Male
Adult,Labrador Retriever & Boxer Mix,Female
Adult,Labrador Retriever Mix,Female
Young,Labrador Retriever Mix,Female
Young,Labrador Retriever Mix,Male
Young,Labrador Retriever Mix,Female
Young,Labrador Retriever & Jack Russell Terrier Mix,Male
Adult,Yorkshire Terrier,Male
Adult,Brittany Spaniel Mix,Female
Puppy,Pug & Pit Bull Terrier Mix,Female
Young,German Shepherd Dog & Rottweiler Mix,Female
Young,Boston Terrier,Female
Senior,Chihuahua,Female
Senior,Dachshund,Female
Young,Boston Terrier & Chihuahua Mix,Male
Adult,Australian Cattle Dog / Blue Heeler Mix,Female
Adult,Labrador Retriever & Boxer Mix,Female
Young,Border Collie Mix,Female
Adult,Cockapoo Mix,Male
Adult,Labrador Retriever Mix,Male
Young,Shepherd Mix,Male
Young,Shepherd Mix,Female
Young,Chinese Crested Dog,Male
Adult,Husky,Male
Adult,Chihuahua,Male
Senior,Chihuahua,Male
Adult,Pit Bull Terrier,Male
Adult,Pomeranian & Chihuahua Mix,Male
Adult,Labrador Retriever Mix,Female
Adult,Labrador Retriever Mix,Female
90,away,miles
90,away,miles
Adult,American Staffordshire Terrier,Male
Adult,Pomeranian,Female
Adult,Labrador Retriever Mix,Male
90,away,miles
Senior,Chihuahua,Male
Senior,Dachshund,Female
Young,Labrador Retriever & Corgi Mix,Female
Young,Labrador Retriever & Corgi Mix,Male
Senior,Jack Russell Terrier,Male
Adult,Labrador Retriever & Boxer Mix,Female
Adult,Labrador Retriever Mix,Female
Young,Labrador Retriever Mix,Female
Young,Labrador Retriever Mix,Male
Young,Labrador Retriever Mix,Female
Young,Labrador Retriever & Jack Russell Terrier Mix,Male
Adult,Yorkshire Terrier,Male
Adult,Brittany Spaniel Mix,Female
Puppy,Pug & Pit Bull Terrier Mix,Female
Young,German Shepherd Dog & Rottweiler Mix,Female
Young,Boston Terrier,Female
Senior,Chihuahua,Female
Senior,Dachshund,Female
Young,Boston Terrier & Chihuahua Mix,Male
Adult,Australian Cattle Dog / Blue Heeler Mix,Female
Adult,Labrador Retriever & Boxer Mix,Female
Young,Border Collie Mix,Female
Adult,Cockapoo Mix,Male
Adult,Labrador Retriever Mix,Male
Young,Shepherd Mix,Male
Young,Shepherd Mix,Female
Young,Chinese Crested Dog,Male
Adult,Husky,Male
Adult,Chihuahua,Male
Senior,Chihuahua,Male
Adult,Pit Bull Terrier,Male
Adult,Pomeranian & Chihuahua Mix,Male
Adult,Labrador Retriever Mix,Female
Adult,Labrador Retriever Mix,Female
90,away,miles
90,away,miles
Adult,American Staffordshire Terrier,Male
Adult,Pomeranian,Female
Adult,Labrador Retriever Mix,Male
90,away,miles
Senior,Chihuahua,Male
Senior,Dachshund,Female
Young,Labrador Retriever & Corgi Mix,Female
Young,Labrador Retriever & Corgi Mix,Male
Senior,Jack Russell Terrier,Male
Adult,Labrador Retriever & Boxer Mix,Female
Adult,Labrador Retriever Mix,Female
Young,Labrador Retriever Mix,Female
Young,Labrador Retriever Mix,Male
Young,Labrador Retriever Mix,Female
Young,Labrador Retriever & Jack Russell Terrier Mix,Male
Adult,Yorkshire Terrier,Male
Adult,Brittany Spaniel Mix,Female
Puppy,Pug & Pit Bull Terrier Mix,Female
Young,German Shepherd Dog & Rottweiler Mix,Female
Young,Boston Terrier,Female
Senior,Chihuahua,Female
Senior,Dachshund,Female
Young,Boston Terrier & Chihuahua Mix,Male
Senior,Shepherd & Husky Mix,Male
Adult,Black Labrador Retriever Mix,Male
Senior,Labrador Retriever & Jack Russell Terrier Mix,Male
Adult,Yellow Labrador Retriever Mix,Female
Adult,Collie & Shetland Sheepdog / Sheltie Mix,Female
Young,Beagle & Terrier Mix,Female
Adult,Labrador Retriever & Greyhound Mix,Female
Young,Pit Bull Terrier,Female
Puppy,Labradoodle,Female
Senior,Cavalier King Charles Spaniel & Shih Tzu Mix,Male
Young,Poodle,Male
Senior,Catahoula Leopard Dog,Female
Senior,Yorkshire Terrier Mix,Female
Adult,Pomeranian & Chihuahua Mix,Female
Senior,Cavachon Mix,Female
Senior,Chocolate Labrador Retriever Mix,Female
Adult,Black Labrador Retriever Mix,Male
Adult,Chihuahua Mix,Male
Puppy,Shih Tzu & Boston Terrier Mix,Male
Puppy,Mixed Breed,Male
Adult,Australian Cattle Dog / Blue Heeler & Border Collie Mix,Male
Senior,Schnauzer & Jack Russell Terrier Mix,Male
Senior,Schnauzer Mix,Male
Puppy,Pit Bull Terrier & American Staffordshire Terrier Mix,Female
Young,Dachshund,Male
Young,Bloodhound & Boxer Mix,Male
Young,Beagle,Male
Puppy,Pit Bull Terrier & American Staffordshire Terrier Mix,Female
Senior,Black Labrador Retriever,Male
Senior,Yellow Labrador Retriever,Male
Senior,Golden Retriever & Yellow Labrador Retriever Mix,Female
Adult,Boxer & Labrador Retriever Mix,Male
Young,Pit Bull Terrier & Beagle Mix,Female
Adult,Black Labrador Retriever Mix,Female
Senior,Dachshund Mix,Female
Adult,Chihuahua,Male
Adult,Shetland Sheepdog / Sheltie,Male
Senior,Corgi,Male
Senior,Dachshund Mix,Female
Young,Miniature Pinscher & Pomeranian Mix,Male
Senior,Shih Tzu,Female
Young,Boxer & Staffordshire Bull Terrier Mix,Male
Adult,Yorkshire Terrier,Male
Senior,Chihuahua & Rat Terrier Mix,Male
Senior,Spaniel Mix,Female
Adult,Cairn Terrier,Male
Young,Hound Mix,Male
Young,French Bulldog & Boston Terrier Mix,Female
Senior,Shih Tzu & Maltese Mix,Male
Adult,Staffordshire Bull Terrier Mix,Male
Adult,Miniature Pinscher & Chihuahua Mix,Male
Adult,Chocolate Labrador Retriever Mix,Female
Adult,Mastiff,Male
Adult,Husky & German Shepherd Dog Mix,Female
Young,German Shepherd Dog,Female
Young,German Shepherd Dog,Female
Adult,Pit Bull Terrier Mix,Male
Adult,Great Dane,Male
Adult,Great Dane,Male
Young,English Bulldog,Male
Young,Treeing Walker Coonhound,Male
Puppy,Chiweenie Mix,Male
Young,Whippet & Boxer Mix,Female
Young,Beagle & Hound Mix,Female
Adult,Labrador Retriever,Male
Adult,Border Collie,Female
Young,Rat Terrier & Chihuahua Mix,Female
Senior,Boxer,Female
Young,Pomeranian & Chihuahua Mix,Male
Adult,Boxer & Labrador Retriever Mix,Male
Adult,Chihuahua & Pomeranian Mix,Female
Young,Yorkshire Terrier,Male
Young,Chow Chow & Spaniel Mix,Male
Young,Whippet & Dachshund Mix,Male
Young,Chihuahua Mix,Male
Puppy,Pointer,Female
Puppy,Great Pyrenees,Male
Puppy,Great Pyrenees Mix,Female
Puppy,Great Pyrenees Mix,Male
Puppy,Pit Bull Terrier Mix,Female
Puppy,Labrador Retriever & Terrier Mix,Male
Young,Pit Bull Terrier Mix,Female
Adult,Pit Bull Terrier Mix,Female
Puppy,Terrier & Corgi Mix,Male
Puppy,Pit Bull Terrier Mix,Female
Puppy,Labrador Retriever Mix,Female
Puppy,Pit Bull Terrier Mix,Female
Young,Pit Bull Terrier Mix,Female
Puppy,Pit Bull Terrier Mix,Female
Puppy,Pit Bull Terrier Mix,Male
Puppy,Pit Bull Terrier Mix,Female
Puppy,Labrador Retriever & Pit Bull Terrier Mix,Male
Puppy,Pit Bull Terrier Mix,Male
Puppy,Shepherd & Pit Bull Terrier Mix,Female
Adult,Pit Bull Terrier Mix,Female
Adult,American Staffordshire Terrier Mix,Female
Young,Pit Bull Terrier Mix,Female
Adult,Pit Bull Terrier Mix,Female
Adult,Beagle Mix,Female
Adult,Pit Bull Terrier Mix,Female
Adult,Pit Bull Terrier Mix,Female
Adult,Pit Bull Terrier,Female
Puppy,Pit Bull Terrier Mix,Female
Puppy,Pit Bull Terrier Mix,Male
Puppy,Pit Bull Terrier Mix,Female
Puppy,Pit Bull Terrier Mix,Female
Puppy,Pit Bull Terrier Mix,Female
Young,Pit Bull Terrier & Labrador Retriever Mix,Female
Puppy,Pit Bull Terrier Mix,Male
Puppy,Pit Bull Terrier Mix,Male
Puppy,Pit Bull Terrier Mix,Female
Puppy,Pit Bull Terrier Mix,Male
Puppy,Pit Bull Terrier Mix,Female
Young,Pit Bull Terrier Mix,Female
Puppy,Pit Bull Terrier Mix,Female
Puppy,Pit Bull Terrier Mix,Female
Puppy,Pit Bull Terrier Mix,Female
Puppy,Pit Bull Terrier Mix,Male
Puppy,Pit Bull Terrier Mix,Male
Puppy,Pit Bull Terrier Mix,Male
Puppy,Pit Bull Terrier Mix,Male
Young,Pit Bull Terrier Mix,Female
Adult,Pit Bull Terrier Mix,Female
Puppy,Pit Bull Terrier Mix,Female
Puppy,Pit Bull Terrier Mix,Female
Puppy,Pit Bull Terrier Mix,Female
Puppy,Pit Bull Terrier Mix,Male
Puppy,Pit Bull Terrier Mix,Male
Young,Pit Bull Terrier Mix,Female
Puppy,Pit Bull Terrier Mix,Male
Young,Pit Bull Terrier Mix,Female
Young,Labrador Retriever & Pit Bull Terrier Mix,Female
Puppy,Pit Bull Terrier,Male
Puppy,Pit Bull Terrier,Male
Puppy,Pit Bull Terrier,Male
Puppy,Pit Bull Terrier,Male
Puppy,Pit Bull Terrier,Male
Puppy,Pit Bull Terrier,Female
Puppy,Pit Bull Terrier,Female
Puppy,Pit Bull Terrier,Male
Puppy,Pit Bull Terrier,Male
Puppy,Pit Bull Terrier,Male
Adult,Cattle Dog Mix,Female
Puppy,Australian Shepherd & Labrador Retriever Mix,Female
Puppy,Schnauzer Mix,Male
Puppy,Labrador Retriever & German Shepherd Dog Mix,Female
Puppy,Schnauzer & Labrador Retriever Mix,Male
Adult,Great Pyrenees & Anatolian Shepherd Mix,Female
Adult,Siberian Husky,Female
91,away,miles
Young,Boxer & American Staffordshire Terrier Mix,Male
Young,Pit Bull Terrier & American Bully Mix,Male
Young,American Bully & American Staffordshire Terrier Mix,Female
Adult,American Bully Mix,Male
Young,Border Collie & Australian Cattle Dog / Blue Heeler Mix,Male
Puppy,Labrador Retriever & American Staffordshire Terrier Mix,Female
Puppy,Border Collie Mix,Female
Puppy,Border Collie Mix,Female
Puppy,Anatolian Shepherd Mix,Female
Young,Labrador Retriever & Rhodesian Ridgeback Mix,Male
Puppy,English Bulldog Mix,Male
Puppy,Labrador Retriever,Male
Puppy,Anatolian Shepherd Mix,Female
Young,Labrador Retriever & Dachshund Mix,Male
Young,Anatolian Shepherd Mix,Male
Young,Pit Bull Terrier & American Bully Mix,Female
Young,Border Collie Mix,Female
Young,German Shepherd Dog Mix,Male
Young,American Staffordshire Terrier & Boxer Mix,Female
Young,Labrador Retriever & Shepherd Mix,Female
Adult,Labrador Retriever & American Staffordshire Terrier Mix,Female
Puppy,English Bulldog & Husky Mix,Female
Young,German Shepherd Dog Mix,Female
Puppy,Labrador Retriever Mix,Female
Young,Weimaraner & Pointer Mix,Male
Young,Border Collie Mix,Female
Young,Labrador Retriever Mix,Female
Young,Labrador Retriever & Shepherd Mix,Female
Adult,Staffordshire Bull Terrier Mix,Female
Puppy,Great Pyrenees Mix,Male
Adult,Staffordshire Bull Terrier Mix,Female
Young,Boxer & American Staffordshire Terrier Mix,Male
Adult,Labrador Retriever Mix,Female
Young,German Shepherd Dog Mix,Male
Adult,English Bulldog & American Bully Mix,Female
Young,Pit Bull Terrier Mix,Female
Puppy,Beagle & Yellow Labrador Retriever Mix,Male
Puppy,German Shepherd Dog,Female
Young,Labrador Retriever & Beagle Mix,Female
Young,American Staffordshire Terrier Mix,Female
Adult,Labrador Retriever,Female
Young,Labrador Retriever Mix,Male
Adult,Blue Lacy Mix,Female
Young,Great Pyrenees Mix,Male
Adult,Labrador Retriever & Eskimo Dog Mix,Male
Young,Chihuahua & Miniature Pinscher Mix,Female
Senior,Border Collie Mix,Female
Puppy,Labrador Retriever Mix,Female
92,away,miles
Adult,Shepherd & Husky Mix,Male
Adult,Shepherd Mix,Female
Senior,Shepherd & Collie Mix,Female
Adult,Australian Shepherd & Labrador Retriever Mix,Male
Young,Black Labrador Retriever & Labrador Retriever Mix,Female
92,away,miles
Young,Black Labrador Retriever & Chow Chow Mix,Male
92,away,miles
Puppy,Dachshund,Male
Adult,French Bulldog & Pug Mix,Male
Young,Chihuahua Mix,Female
Young,Husky,Male
Adult,German Shepherd Dog,Male
Adult,Hound Mix,Male
Adult,Siberian Husky,Male
Young,Chiweenie,Female
Young,Siberian Husky,Female
Young,Terrier Mix,Male
Adult,Yellow Labrador Retriever Mix,Female
Puppy,Shepherd Mix,Female
Adult,Cockapoo,Male
Puppy,German Shepherd Dog Mix,Female
Puppy,Labrador Retriever Mix,Female
Adult,Labrador Retriever Mix,Female
Puppy,Labrador Retriever Mix,Female
Young,French Bulldog Mix,Male
Young,French Bulldog Mix,Female
Young,Chihuahua,Female
Puppy,Terrier & Chihuahua Mix,Female
Puppy,Terrier Mix,Female
Puppy,Terrier & Chihuahua Mix,Female
Puppy,Terrier Mix,Female
Puppy,Terrier Mix,Female
Puppy,Terrier,Male
Puppy,Terrier,Male
Puppy,Poodle & Chihuahua Mix,Male
Puppy,Poodle & Chihuahua Mix,Male
Adult,Poodle,Female
Young,Terrier & Chihuahua Mix,Female
Young,Terrier & Chihuahua Mix,Female
Senior,Terrier & Schnauzer Mix,Female
Young,Chiweenie Mix,Male
Young,Mixed Breed,Female
Puppy,Poodle & Chihuahua Mix,Male
Young,Cattle Dog Mix,Male
Senior,Shih Tzu,Male
Young,French Bulldog Mix,Male
Adult,Yorkshire Terrier,Male
Adult,Dutch Shepherd & Labrador Retriever Mix,Female
Puppy,Jack Russell Terrier Mix,Male
Puppy,Australian Shepherd & Border Collie Mix,Female
Adult,Schnauzer Mix,Male
Puppy,Jack Russell Terrier Mix,Male
Adult,Chiweenie,Male
Young,Cavalier King Charles Spaniel & Chihuahua Mix,Male
Young,Border Collie,Male
Adult,Chocolate Labrador Retriever & American Staffordshire Terrier Mix,Female
Puppy,Labrador Retriever Mix,Female
Adult,Terrier Mix,Female
Puppy,Australian Shepherd Mix,Male
Puppy,Australian Shepherd Mix,Male
Puppy,Border Collie & Australian Shepherd Mix,Female
Puppy,Australian Shepherd & Border Collie Mix,Female
Puppy,Dachshund & Chihuahua Mix,Female
Adult,Terrier & Labrador Retriever Mix,Female
Young,Jack Russell Terrier & Australian Cattle Dog / Blue Heeler Mix,Male
Young,Terrier & Chihuahua Mix,Male
Young,Shepherd Mix,Male
Puppy,Miniature Pinscher & Chihuahua Mix,Male
Young,Australian Shepherd & Australian Cattle Dog / Blue Heeler Mix,Male
Puppy,Terrier Mix,Male
Adult,Border Collie,Female
Senior,Greyhound,Male
Puppy,Weimaraner Mix,Male
Adult,Border Collie Mix,Female
Puppy,Black Labrador Retriever & Pit Bull Terrier Mix,Female
Adult,Husky & Corgi Mix,Male
Adult,Black Labrador Retriever,Female
Adult,Black Labrador Retriever Mix,Female
Young,Yorkshire Terrier Mix,Female
Young,Shih Tzu & Poodle Mix,Female
Adult,Husky & German Shepherd Dog Mix,Female
Puppy,Border Collie Mix,Female
Adult,Chihuahua & Dachshund Mix,Male
Young,Belgian Shepherd / Malinois,Female
Adult,Mountain Cur & Plott Hound Mix,Male
Puppy,Australian Cattle Dog / Blue Heeler,Male
Puppy,Hound,Female
Puppy,Terrier & Hound Mix,Female
Puppy,Hound,Female
Young,Shepherd Mix,Male
Puppy,Australian Cattle Dog / Blue Heeler & Catahoula Leopard Dog Mix,Female
Adult,Blue Lacy Mix,Female
Young,Catahoula Leopard Dog,Male
Young,Catahoula Leopard Dog & Plott Hound Mix,Female
Young,Catahoula Leopard Dog Mix,Female
Young,Catahoula Leopard Dog Mix,Female
Young,Catahoula Leopard Dog Mix,Female
Young,Catahoula Leopard Dog Mix,Male
Puppy,Staffordshire Bull Terrier & Labrador Retriever Mix,Female
Adult,Catahoula Leopard Dog,Male
Puppy,Catahoula Leopard Dog Mix,Female
Young,Catahoula Leopard Dog Mix,Male
Young,Catahoula Leopard Dog Mix,Male
Puppy,Australian Cattle Dog / Blue Heeler & Chihuahua Mix,Female
Young,Australian Cattle Dog / Blue Heeler,Male
Young,Catahoula Leopard Dog Mix,Male
Adult,Catahoula Leopard Dog Mix,Male
Senior,Catahoula Leopard Dog Mix,Female
Adult,Catahoula Leopard Dog Mix,Female
Senior,Catahoula Leopard Dog Mix,Male
Senior,Catahoula Leopard Dog,Female
Puppy,Catahoula Leopard Dog & German Shorthaired Pointer Mix,Male
Young,Catahoula Leopard Dog & Australian Cattle Dog / Blue Heeler Mix,Male
Adult,Catahoula Leopard Dog Mix,Female
Adult,Catahoula Leopard Dog & Bull Terrier Mix,Male
95,away,miles
Young,Catahoula Leopard Dog Mix,Male
Young,Catahoula Leopard Dog & Australian Kelpie Mix,Male
Adult,Catahoula Leopard Dog & Australian Shepherd Mix,Female
Adult,Catahoula Leopard Dog Mix,Male
Adult,Catahoula Leopard Dog,Female
95,away,miles
Young,Catahoula Leopard Dog & Pit Bull Terrier Mix,Female
Young,Catahoula Leopard Dog & Beagle Mix,Male
Adult,Australian Cattle Dog / Blue Heeler Mix,Male
Young,Catahoula Leopard Dog & Redbone Coonhound Mix,Male
Puppy,Catahoula Leopard Dog Mix,Male
Puppy,Catahoula Leopard Dog Mix,Female
Senior,Catahoula Leopard Dog,Female
Young,Catahoula Leopard Dog & Pit Bull Terrier Mix,Female
95,away,miles
Puppy,Australian Cattle Dog / Blue Heeler Mix,Male
Puppy,Catahoula Leopard Dog Mix,Female
Young,Catahoula Leopard Dog Mix,Male
Puppy,Catahoula Leopard Dog Mix,Female
Adult,Catahoula Leopard Dog,Female
Young,Catahoula Leopard Dog Mix,Male
Young,Australian Cattle Dog / Blue Heeler & Terrier Mix,Female
Young,Australian Cattle Dog / Blue Heeler Mix,Female
Puppy,Dalmatian & Dogo Argentino Mix,Male
95,away,miles
Young,Catahoula Leopard Dog Mix,Male
Adult,Australian Cattle Dog / Blue Heeler Mix,Male
Puppy,Australian Cattle Dog / Blue Heeler,Male
Young,Catahoula Leopard Dog Mix,Male
Young,Catahoula Leopard Dog Mix,Male
Young,Australian Cattle Dog / Blue Heeler,Female
Young,Australian Cattle Dog / Blue Heeler,Male
Young,Australian Cattle Dog / Blue Heeler,Male
Adult,Australian Cattle Dog / Blue Heeler Mix,Male
Young,Australian Cattle Dog / Blue Heeler Mix,Female
Young,Catahoula Leopard Dog Mix,Female
Young,Catahoula Leopard Dog Mix,Female
Adult,Catahoula Leopard Dog Mix,Male
Young,Australian Shepherd & Australian Cattle Dog / Blue Heeler Mix,Male
95,away,miles
Adult,Catahoula Leopard Dog Mix,Male
Young,Catahoula Leopard Dog Mix,Female
Young,Catahoula Leopard Dog Mix,Male
Puppy,Catahoula Leopard Dog Mix,Male
Puppy,Australian Cattle Dog / Blue Heeler Mix,Male
Puppy,Australian Cattle Dog / Blue Heeler Mix,Female
Puppy,Catahoula Leopard Dog & Affenpinscher Mix,Female
Puppy,Catahoula Leopard Dog Mix,Male
Puppy,Catahoula Leopard Dog Mix,Female
Young,Catahoula Leopard Dog Mix,Female
Young,Australian Cattle Dog / Blue Heeler & Beagle Mix,Male
95,away,miles
Adult,Catahoula Leopard Dog,Male
Puppy,Hound Mix,Male
Adult,Catahoula Leopard Dog Mix,Male
Young,Catahoula Leopard Dog Mix,Female
Young,Catahoula Leopard Dog & Affenpinscher Mix,Male
Young,Catahoula Leopard Dog & Terrier Mix,Female
Adult,Catahoula Leopard Dog,Male
Young,Catahoula Leopard Dog Mix,Male
Puppy,Catahoula Leopard Dog Mix,Female
Young,Catahoula Leopard Dog Mix,Female
Adult,Catahoula Leopard Dog & Black Mouth Cur Mix,Male
Puppy,Catahoula Leopard Dog,Female
95,away,miles
Adult,Catahoula Leopard Dog Mix,Female
Puppy,Catahoula Leopard Dog Mix,Female
95,away,miles
Young,Catahoula Leopard Dog,Female
Young,Catahoula Leopard Dog & Australian Shepherd Mix,Male
Adult,Catahoula Leopard Dog & Doberman Pinscher Mix,Male
Young,Catahoula Leopard Dog Mix,Male
Young,Catahoula Leopard Dog & Australian Shepherd Mix,Female
Young,Catahoula Leopard Dog,Female
95,away,miles
95,away,miles
Young,Catahoula Leopard Dog,Male
Young,Catahoula Leopard Dog,Male
Adult,Catahoula Leopard Dog,Male
Young,Catahoula Leopard Dog,Female
Young,Australian Cattle Dog / Blue Heeler Mix,Male
Puppy,Catahoula Leopard Dog,Female
95,away,miles
Adult,Catahoula Leopard Dog,Male
Puppy,Catahoula Leopard Dog,Male
Puppy,Catahoula Leopard Dog,Male
Adult,Catahoula Leopard Dog,Male
Adult,Catahoula Leopard Dog Mix,Female
Puppy,Catahoula Leopard Dog Mix,Female
Adult,Australian Cattle Dog / Blue Heeler Mix,Female
Puppy,Catahoula Leopard Dog Mix,Female
Adult,Australian Cattle Dog / Blue Heeler & Jack Russell Terrier Mix,Male
Young,Catahoula Leopard Dog Mix,Male
Puppy,Australian Cattle Dog / Blue Heeler Mix,Male
Adult,Catahoula Leopard Dog Mix,Female
Puppy,Catahoula Leopard Dog Mix,Male
95,away,miles
Adult,Catahoula Leopard Dog & Greyhound Mix,Female
Young,Catahoula Leopard Dog & Labrador Retriever Mix,Male
95,away,miles
95,away,miles
95,away,miles
95,away,miles
Puppy,Mountain Cur Mix,Male
Puppy,Catahoula Leopard Dog,Female
Young,Catahoula Leopard Dog Mix,Female
Young,Catahoula Leopard Dog & Australian Shepherd Mix,Male
Adult,Australian Cattle Dog / Blue Heeler,Female
Young,Catahoula Leopard Dog Mix,Male
Young,Catahoula Leopard Dog & Australian Shepherd Mix,Female
Young,Australian Shepherd & Pit Bull Terrier Mix,Female
Adult,Catahoula Leopard Dog,Female
Adult,Australian Cattle Dog / Blue Heeler Mix,Female
Young,German Shorthaired Pointer Mix,Male
Adult,Australian Cattle Dog / Blue Heeler,Male
95,away,miles
Young,Pit Bull Terrier,Male
95,away,miles
Adult,Catahoula Leopard Dog Mix,Male
Senior,Catahoula Leopard Dog & Beagle Mix,Female
Young,Catahoula Leopard Dog Mix,Male
Young,Australian Cattle Dog / Blue Heeler & Catahoula Leopard Dog Mix,Male
Young,Australian Cattle Dog / Blue Heeler & Catahoula Leopard Dog Mix,Female
95,away,miles
Young,Australian Cattle Dog / Blue Heeler Mix,Female
Puppy,Catahoula Leopard Dog,Male
95,away,miles
Young,Catahoula Leopard Dog & Great Dane Mix,Male
Adult,Redbone Coonhound & Catahoula Leopard Dog Mix,Female
Young,Catahoula Leopard Dog Mix,Male
Adult,Catahoula Leopard Dog,Female
Adult,Catahoula Leopard Dog,Female
Young,Catahoula Leopard Dog & Basset Hound Mix,Female
Puppy,Catahoula Leopard Dog,Male
Adult,Catahoula Leopard Dog & Labrador Retriever Mix,Male
95,away,miles
95,away,miles
Young,Catahoula Leopard Dog & American Bulldog Mix,Male
Young,Catahoula Leopard Dog,Male
Young,Catahoula Leopard Dog & Chinook Mix,Male
Young,Catahoula Leopard Dog & Shepherd Mix,Female
Adult,Catahoula Leopard Dog & Boxer Mix,Male
Adult,Catahoula Leopard Dog & Boxer Mix,Male
Adult,Catahoula Leopard Dog & Terrier Mix,Female
Puppy,Pit Bull Terrier,Female
Young,Catahoula Leopard Dog,Male
Adult,Catahoula Leopard Dog Mix,Male
Young,Catahoula Leopard Dog Mix,Male
Young,Catahoula Leopard Dog Mix,Female
Young,Australian Shepherd & Australian Cattle Dog / Blue Heeler Mix,Male
Adult,Golden Retriever & Labrador Retriever Mix,Female
Adult,Catahoula Leopard Dog Mix,Female
Young,Catahoula Leopard Dog Mix,Male
Young,Catahoula Leopard Dog Mix,Female
Adult,Catahoula Leopard Dog & Husky Mix,Male
Young,Catahoula Leopard Dog & Border Collie Mix,Male
Young,Catahoula Leopard Dog Mix,Female
Adult,Catahoula Leopard Dog & Beagle Mix,Female
Young,German Shepherd Dog & Catahoula Leopard Dog Mix,Male
Young,Shepherd Mix,Male
Young,Catahoula Leopard Dog Mix,Male
Young,Catahoula Leopard Dog Mix,Male
Young,Catahoula Leopard Dog & Australian Cattle Dog / Blue Heeler Mix,Male
Young,Catahoula Leopard Dog & Australian Shepherd Mix,Male
Young,Catahoula Leopard Dog & German Shepherd Dog Mix,Female
Puppy,Catahoula Leopard Dog Mix,Male
Young,Catahoula Leopard Dog Mix,Male
Adult,Catahoula Leopard Dog Mix,Female
Adult,Catahoula Leopard Dog Mix,Female
Adult,Catahoula Leopard Dog Mix,Female
Young,Catahoula Leopard Dog Mix,Female
Young,Hound & Beagle Mix,Male
Young,Catahoula Leopard Dog Mix,Female
Young,Catahoula Leopard Dog Mix,Male
Young,Catahoula Leopard Dog & Labrador Retriever Mix,Male
Puppy,Catahoula Leopard Dog & Australian Shepherd Mix,Female
Young,Catahoula Leopard Dog & Mastiff Mix,Male
Puppy,Catahoula Leopard Dog Mix,Female
Young,Catahoula Leopard Dog Mix,Male
Adult,Catahoula Leopard Dog Mix,Female
Puppy,Catahoula Leopard Dog & Hound Mix,Male
Young,Catahoula Leopard Dog Mix,Female
Young,Catahoula Leopard Dog Mix,Male
Puppy,Shepherd & Cattle Dog Mix,Male
Puppy,Mixed Breed,Female
Puppy,Cattle Dog & Labrador Retriever Mix,Female
Young,Chihuahua Mix,Male
Puppy,Great Pyrenees Mix,Male
Adult,Catahoula Leopard Dog Mix,Male
Young,Cane Corso Mix,Male
Adult,Great Pyrenees Mix,Female
Senior,Rat Terrier & Chihuahua Mix,Male
Adult,Great Pyrenees Mix,Male
Puppy,German Shepherd Dog & Golden Retriever Mix,Female
97,away,miles
97,away,miles
97,away,miles
Adult,Chocolate Labrador Retriever & Labrador Retriever Mix,Male
97,away,miles
Senior,Shepherd Mix,Male
Adult,Australian Cattle Dog / Blue Heeler,Male
Young,Australian Cattle Dog / Blue Heeler Mix,Female
Senior,Redbone Coonhound Mix,Male
Senior,Chihuahua,Male
Senior,Boxer Mix,Male
Senior,Pomeranian & Chihuahua Mix,Male
Senior,Chow Chow Mix,Male
Senior,Papillon,Male
Senior,Hound Mix,Male
Senior,Chihuahua Mix,Female
Puppy,Hound Mix,Female
Adult,Yorkshire Terrier,Male
Senior,Shepherd & Labrador Retriever Mix,Male
Puppy,Labrador Retriever & Hound Mix,Male
Senior,Irish Wolfhound Mix,Male
Adult,Chihuahua Mix,Male
Senior,Jack Russell Terrier,Female
Senior,German Shepherd Dog Mix,Male
Adult,Chihuahua,Female
Puppy,Wirehaired Terrier & Terrier Mix,Female
Young,Chihuahua Mix,Male
Senior,Beagle Mix,Female
Young,Terrier & Dachshund Mix,Female
Puppy,Labrador Retriever & Boxer Mix,Female
Senior,Treeing Walker Coonhound,Male
97,away,miles
Adult,Jack Russell Terrier Mix,Male
Puppy,Black Labrador Retriever Mix,Male
Senior,Pit Bull Terrier & Boxer Mix,Female
Senior,Labrador Retriever & Chow Chow Mix,Male
Senior,Maltese,Male
Senior,Maltese,Male
Young,Australian Cattle Dog / Blue Heeler Mix,Female
Young,Labrador Retriever Mix,Female
Young,Shepherd Mix,Female
Puppy,Australian Cattle Dog / Blue Heeler & Boxer Mix,Female
Puppy,Australian Cattle Dog / Blue Heeler Mix,Female
Puppy,Border Collie Mix,Female
Young,Labrador Retriever Mix,Female
Puppy,Pit Bull Terrier,Male
Young,Shepherd Mix,Female
Adult,Labrador Retriever & Pointer Mix,Male
Puppy,German Shepherd Dog Mix,Female
Adult,Shepherd & Labrador Retriever Mix,Female
Adult,Black and Tan Coonhound,Female
Adult,Plott Hound,Female
Adult,Redbone Coonhound & Treeing Walker Coonhound Mix,Female
Adult,Akita,Male
Adult,Pit Bull Terrier,Female
Adult,Feist,Male
Adult,Mixed Breed,Female
Adult,Mixed Breed,Female
Adult,Shepherd Mix,Female
Adult,Feist Mix,Male
Adult,Shepherd Mix,Male
Adult,Mixed Breed,Female
Adult,Terrier Mix,Female
Adult,Vizsla Mix,Male
Adult,Mastiff & Rottweiler Mix,Male
Adult,Pit Bull Terrier,Male
Adult,Mixed Breed,Female
Adult,Pit Bull Terrier,Male
Adult,Terrier & Pit Bull Terrier Mix,Male
Adult,Bloodhound,Female
Adult,Bloodhound,Female
Senior,Hound,Male
Adult,Mixed Breed,Female
Adult,Bloodhound,Female
Senior,Labrador Retriever & Pit Bull Terrier Mix,Female
Adult,Mixed Breed,Female
Senior,Terrier & Papillon Mix,Female
Adult,Black Mouth Cur Mix,Female
Adult,American Bulldog,Male
Young,Pit Bull Terrier,Female
Adult,Beagle,Male
Adult,Papillon Mix,Female
Adult,Chihuahua Mix,Female
Adult,Chihuahua Mix,Male
Senior,Mixed Breed,Female
Senior,Brussels Griffon,Male
Adult,Mixed Breed,Female
Puppy,American Bulldog,Male
Senior,Labrador Retriever & Shiba Inu Mix,Female
Adult,Mastiff & Rottweiler Mix,Male
Adult,Treeing Walker Coonhound,Female
Adult,Shepherd Mix,Female
Adult,Pit Bull Terrier & Mastiff Mix,Female
Adult,Cattle Dog,Female
Adult,Labrador Retriever Mix,Female
Adult,Beagle & Hound Mix,Male
Adult,Chow Chow Mix,Female
Young,Shepherd & Hound Mix,Male
Adult,Bullmastiff & Pit Bull Terrier Mix,Male
Adult,Mixed Breed,Female
Adult,Dachshund & Chihuahua Mix,Male
Adult,American Staffordshire Terrier Mix,Female
Adult,Terrier Mix,Female
Adult,Labrador Retriever Mix,Male
Adult,Labrador Retriever Mix,Male
Puppy,Hound Mix,Male
Adult,Pointer & Hound Mix,Male
Adult,Coonhound Mix,Female
Adult,Spaniel & American Staffordshire Terrier Mix,Female
Puppy,Mixed Breed,Female
Puppy,Hound Mix,Male
Adult,German Shepherd Dog & Labrador Retriever Mix,Male
Adult,Mixed Breed,Female
Adult,Spaniel Mix,Female
Adult,Miniature Pinscher,Male
Senior,Labrador Retriever & Shepherd Mix,Male
Adult,Boxer & Mastiff Mix,Male
Adult,Hound Mix,Male
Senior,Labrador Retriever & Pit Bull Terrier Mix,Male
Adult,American Staffordshire Terrier Mix,Female
Adult,Labrador Retriever & Rottweiler Mix,Male
Adult,Labrador Retriever Mix,Male
Adult,Bloodhound,Female
97,away,miles
Adult,Pit Bull Terrier Mix,Female
Adult,Boxer Mix,Female
Adult,Bloodhound,Female
Adult,Pug & Chihuahua Mix,Female
Young,Mixed Breed,Female
Adult,Australian Cattle Dog / Blue Heeler,Male
Adult,Treeing Walker Coonhound,Female
Adult,Shepherd Mix,Female
Adult,Pit Bull Terrier & Mastiff Mix,Female
Adult,Cattle Dog,Female
Adult,Labrador Retriever Mix,Female
Adult,Beagle & Hound Mix,Male
Adult,Chow Chow Mix,Female
Young,Shepherd & Hound Mix,Male
Adult,Bullmastiff & Pit Bull Terrier Mix,Male
Adult,Mixed Breed,Female
Adult,Dachshund & Chihuahua Mix,Male
Adult,American Staffordshire Terrier Mix,Female
Adult,Terrier Mix,Female
Adult,Labrador Retriever Mix,Male
Adult,Labrador Retriever Mix,Male
Puppy,Hound Mix,Male
Adult,Pointer & Hound Mix,Male
Adult,Coonhound Mix,Female
Adult,Spaniel & American Staffordshire Terrier Mix,Female
Puppy,Mixed Breed,Female
Puppy,Hound Mix,Male
Adult,German Shepherd Dog & Labrador Retriever Mix,Male
Adult,Mixed Breed,Female
Adult,Spaniel Mix,Female
Adult,Miniature Pinscher,Male
Senior,Labrador Retriever & Shepherd Mix,Male
Adult,Boxer & Mastiff Mix,Male
Adult,Hound Mix,Male
Senior,Labrador Retriever & Pit Bull Terrier Mix,Male
Adult,American Staffordshire Terrier Mix,Female
Adult,Labrador Retriever & Rottweiler Mix,Male
Adult,Labrador Retriever Mix,Male
Adult,Bloodhound,Female
97,away,miles
Adult,Pit Bull Terrier Mix,Female
Adult,Boxer Mix,Female
Adult,Bloodhound,Female
Adult,Pug & Chihuahua Mix,Female
Young,Mixed Breed,Female
Adult,Australian Cattle Dog / Blue Heeler,Male
97,away,miles
Puppy,Belgian Shepherd / Malinois Mix,Female
Young,Labrador Retriever Mix,Female
97,away,miles
Senior,Husky Mix,Female
97,away,miles
Adult,American Bulldog & Hound Mix,Male
Adult,Chihuahua,Male
97,away,miles
Adult,Rhodesian Ridgeback & Hound Mix,Male
Young,Pit Bull Terrier Mix,Female
Adult,Parson Russell Terrier & Chihuahua Mix,Male
Young,Basset Hound & English Bulldog Mix,Male
97,away,miles
Adult,Chihuahua Mix,Male
Adult,Chihuahua Mix,Male
Adult,Chihuahua Mix,Male
Senior,Parson Russell Terrier Mix,Female
Adult,Border Collie Mix,Male
Young,Beagle,Male
97,away,miles
Senior,Shepherd Mix,Male
Puppy,Labrador Retriever Mix,Male
Adult,Parson Russell Terrier Mix,Female
Young,Boxer Mix,Male
Young,Vizsla Mix,Female
Adult,Terrier Mix,Female
Adult,Terrier Mix,Male
Young,Dachshund Mix,Female
Adult,Hound & Beagle Mix,Female
97,away,miles
97,away,miles
Adult,Dachshund & Terrier Mix,Female
Adult,Hound,Male
Adult,Labrador Retriever & Pit Bull Terrier Mix,Male
Adult,Labrador Retriever Mix,Male
Adult,Shepherd Mix,Male
97,away,miles
Adult,Shepherd Mix,Female
Adult,Labrador Retriever & Shepherd Mix,Male
Puppy,Boxer & Shepherd Mix,Male
Young,Boxer & Shar-Pei Mix,Female
Adult,Hound Mix,Male
Young,Border Collie Mix,Female
Puppy,Collie & Australian Shepherd Mix,Male
Adult,Catahoula Leopard Dog & Labrador Retriever Mix,Female
Adult,Labrador Retriever Mix,Female
Young,Chihuahua,Male
Adult,Shepherd Mix,Female
Adult,Bichon Frise Mix,Male
Adult,Chihuahua Mix,Male
Young,Beagle Mix,Female
Senior,Beagle Mix,Female
Adult,Retriever Mix,Female
97,away,miles
97,away,miles
Adult,Chow Chow Mix,Male
Adult,Hound Mix,Female
97,away,miles
97,away,miles
Senior,Briard,Female
97,away,miles
Puppy,Hound Mix,Male
97,away,miles
Senior,Hound,Male
97,away,miles
97,away,miles
Adult,Chihuahua & Pomeranian Mix,Male
97,away,miles
Puppy,Pit Bull Terrier & Hound Mix,Male
97,away,miles
97,away,miles
97,away,miles
97,away,miles
97,away,miles
Young,Labrador Retriever & Chow Chow Mix,Female
97,away,miles
Young,Chihuahua,Male
Adult,Mountain Cur,Male
97,away,miles
Adult,Labrador Retriever & Husky Mix,Female
Puppy,German Shepherd Dog,Male
97,away,miles
Adult,Boxer Mix,Male
Young,Hound & Pit Bull Terrier Mix,Male
97,away,miles
97,away,miles
Adult,Siberian Husky,Male
Young,American Bulldog,Male
Young,Labrador Retriever & Chow Chow Mix,Male
Adult,Pit Bull Terrier Mix,Male
Adult,Golden Retriever & Border Collie Mix,Male
Young,Labrador Retriever,Female
Young,Coonhound,Male
Senior,Husky,Female
Adult,Shepherd & Black Labrador Retriever Mix,Female
Adult,Pit Bull Terrier Mix,Male
Adult,Beagle Mix,Male
Adult,Hound,Male
Adult,Maltese,Male
Adult,Terrier Mix,Male
Puppy,Beagle Mix,Female
Young,Hound Mix,Female
Young,Australian Shepherd & Border Collie Mix,Female
Young,Labrador Retriever & Bull Terrier Mix,Female
Young,Hound Mix,Male
Adult,Labrador Retriever,Female
Adult,Corgi,Male
Young,Feist & Terrier Mix,Female
Adult,Labrador Retriever & Catahoula Leopard Dog Mix,Female
Young,Chihuahua Mix,Female
Adult,American Bulldog,Female
Adult,Terrier Mix,Female
Young,Dachshund Mix,Male
Adult,Bluetick Coonhound & Hound Mix,Male
Adult,Hound,Female
Adult,Labrador Retriever & Chow Chow Mix,Female
Young,Miniature Pinscher Mix,Male
Young,Chow Chow & Labrador Retriever Mix,Male
Senior,Chihuahua,Male
Young,Boston Terrier & Chihuahua Mix,Female
Adult,Chow Chow & Retriever Mix,Female
Adult,Pit Bull Terrier & Beagle Mix,Male
Adult,American Bulldog,Female
Young,Hound,Female
97,away,miles
Young,Beagle Mix,Female
Adult,Shepherd & Husky Mix,Male
Adult,Terrier Mix,Female
Adult,Shar-Pei & Labrador Retriever Mix,Female
Young,American Bulldog,Male
Senior,Beagle & Dachshund Mix,Female
Young,Terrier,Male
Young,Wirehaired Terrier,Female
Adult,Husky Mix,Female
Adult,Labrador Retriever,Male
Senior,Bloodhound & Weimaraner Mix,Male
Senior,Shepherd Mix,Male
Senior,Parson Russell Terrier Mix,Male
Adult,Chow Chow & Golden Retriever Mix,Female
Adult,Jack Russell Terrier & Chihuahua Mix,Male
Senior,Beagle Mix,Female
Adult,Labrador Retriever,Male
Adult,Labrador Retriever & Affenpinscher Mix,Female
Adult,Husky,Female
Young,Hound & Beagle Mix,Male
Adult,Hound,Female
Senior,Chihuahua Mix,Male
Young,Chihuahua Mix,Male
Adult,Catahoula Leopard Dog,Female
Puppy,Labrador Retriever Mix,Female
Adult,Husky Mix,Female
Puppy,Beagle Mix,Female
Puppy,Beagle Mix,Female
Puppy,Beagle Mix,Female
Puppy,Beagle Mix,Female
Puppy,Chihuahua Mix,Male
Puppy,Chihuahua Mix,Male
Senior,Chow Chow,Female
Puppy,Pit Bull Terrier & Labrador Retriever Mix,Male
Young,Boston Terrier & Chihuahua Mix,Female
Adult,Chow Chow & Retriever Mix,Female
Adult,Pit Bull Terrier & Beagle Mix,Male
Adult,American Bulldog,Female
Young,Hound,Female
97,away,miles
Young,Beagle Mix,Female
Adult,Shepherd & Husky Mix,Male
Adult,Terrier Mix,Female
Adult,Shar-Pei & Labrador Retriever Mix,Female
Young,American Bulldog,Male
Senior,Beagle & Dachshund Mix,Female
Young,Terrier,Male
Young,Wirehaired Terrier,Female
Adult,Husky Mix,Female
Adult,Labrador Retriever,Male
Senior,Bloodhound & Weimaraner Mix,Male
Senior,Shepherd Mix,Male
Senior,Parson Russell Terrier Mix,Male
Adult,Chow Chow & Golden Retriever Mix,Female
Adult,Jack Russell Terrier & Chihuahua Mix,Male
Senior,Beagle Mix,Female
Adult,Labrador Retriever,Male
Adult,Labrador Retriever & Affenpinscher Mix,Female
Adult,Husky,Female
Young,Hound & Beagle Mix,Male
Adult,Hound,Female
Senior,Chihuahua Mix,Male
Young,Chihuahua Mix,Male
Adult,Catahoula Leopard Dog,Female
Puppy,Labrador Retriever Mix,Female
Adult,Husky Mix,Female
Puppy,Beagle Mix,Female
Puppy,Beagle Mix,Female
Puppy,Beagle Mix,Female
Puppy,Beagle Mix,Female
Puppy,Chihuahua Mix,Male
Puppy,Chihuahua Mix,Male
Senior,Chow Chow,Female
Puppy,Pit Bull Terrier & Labrador Retriever Mix,Male
Senior,Labrador Retriever & Hound Mix,Female
Adult,Border Collie Mix,Female
Young,Great Dane & German Shepherd Dog Mix,Male
Adult,Newfoundland Dog & Retriever Mix,Male
Adult,Husky Mix,Female
Young,Shepherd Mix,Female
Adult,Labrador Retriever & Beagle Mix,Female
Adult,Black and Tan Coonhound,Female
Young,Husky & Labrador Retriever Mix,Male
Young,Labrador Retriever & Husky Mix,Female
Adult,Pit Bull Terrier Mix,Female
Adult,Pomeranian Mix,Male
Young,Husky Mix,Male
Young,Husky Mix,Female
Senior,Pug Mix,Female
Adult,Hound Mix,Male
Young,Pit Bull Terrier & Greyhound Mix,Female
Adult,Hound & Boxer Mix,Female
Adult,Australian Cattle Dog / Blue Heeler Mix,Female
Adult,Black Labrador Retriever Mix,Female
Adult,Plott Hound,Female
Adult,Treeing Walker Coonhound Mix,Female
Adult,Pit Bull Terrier,Female
Adult,Terrier Mix,Female
Adult,Staffordshire Bull Terrier Mix,Female
Young,Yellow Labrador Retriever Mix,Male
Adult,Mastiff & Pit Bull Terrier Mix,Male
Adult,Pit Bull Terrier,Male
Adult,Husky Mix,Female
Adult,American Bulldog Mix,Female
Adult,Husky Mix,Female
Adult,Chow Chow Mix,Female
Senior,Flat-Coated Retriever & Labrador Retriever Mix,Male
Adult,Beagle Mix,Female
Young,Saint Bernard Mix,Female
Young,Labrador Retriever Mix,Male
Adult,Chihuahua,Male
97,away,miles
Adult,Poodle & Pekingese Mix,Male
Senior,Cocker Spaniel Mix,Male
Young,Spaniel & Shepherd Mix,Male
Adult,Rottweiler Mix,Female
Young,Labrador Retriever Mix,Female
Senior,Beagle Mix,Female
Young,Bluetick Coonhound,Male
Young,Pit Bull Terrier & Labrador Retriever Mix,Male
Adult,Hound Mix,Male
Senior,Golden Retriever,Female
Adult,Chihuahua,Male
Young,Jack Russell Terrier & Corgi Mix,Male
Adult,Chihuahua Mix,Male
Adult,Chihuahua Mix,Male
Adult,Chihuahua Mix,Male
Adult,Labrador Retriever,Male
Young,Chihuahua & Jack Russell Terrier Mix,Male
Young,Chihuahua Mix,Male
Young,Chihuahua Mix,Male
Young,Chihuahua Mix,Female
Adult,Mastiff & Pit Bull Terrier Mix,Male
Young,Pit Bull Terrier Mix,Female
Adult,Shepherd & Husky Mix,Male
Adult,Labrador Retriever Mix,Male
Adult,Labrador Retriever,Male
Adult,Treeing Walker Coonhound Mix,Female
Adult,Coonhound Mix,Female
Adult,Shar-Pei & Labrador Retriever Mix,Male
Adult,Dalmatian & Labrador Retriever Mix,Female
Adult,Labrador Retriever & Border Collie Mix,Female
Adult,Hound Mix,Female
Adult,Husky & Shepherd Mix,Male
Adult,Beagle,Female
Adult,Jack Russell Terrier,Male
Adult,Chihuahua Mix,Male
Adult,Chihuahua Mix,Male
Adult,Chihuahua Mix,Male
Adult,Chihuahua Mix,Male
98,away,miles
Adult,Australian Cattle Dog / Blue Heeler Mix,Female
98,away,miles
Senior,Dachshund Mix,Male
Adult,Jack Russell Terrier Mix,Female
Adult,Great Pyrenees & Husky Mix,Male
Young,Australian Cattle Dog / Blue Heeler Mix,Female
Puppy,Beagle & Labrador Retriever Mix,Female
Adult,Terrier Mix,Male
Young,Australian Cattle Dog / Blue Heeler Mix,Female
Young,Border Collie Mix,Female
Puppy,Retriever Mix,Male
Young,Terrier & Basset Hound Mix,Female
Adult,Poodle Mix,Male
Puppy,Shepherd Mix,Male
Puppy,Shepherd & Collie Mix,Female
Adult,Chihuahua Mix,Female
Adult,Treeing Walker Coonhound Mix,Male
Young,Black Labrador Retriever Mix,Male
Young,Bloodhound,Male
Young,Mixed Breed,Female
Young,Redbone Coonhound,Male
Adult,Hound,Male
Senior,Labrador Retriever & Hound Mix,Male
Puppy,Husky,Female
Senior,German Shepherd Dog & Siberian Husky Mix,Male
Puppy,Pit Bull Terrier,Female
Young,Corgi & Beagle Mix,Male
Young,Corgi & Beagle Mix,Male
Young,German Shepherd Dog Mix,Male
Puppy,Rottweiler Mix,Female
Senior,Husky Mix,Female
Senior,Beagle,Male
Young,Husky Mix,Female
Adult,Boxer & Labrador Retriever Mix,Male
Adult,Mastiff & Staffordshire Bull Terrier Mix,Male
Young,Australian Shepherd & German Shepherd Dog Mix,Male
Young,Lhasa Apso,Male
Puppy,Rottweiler & Labrador Retriever Mix,Male
Young,Chihuahua & Pug Mix,Female
Adult,American Bulldog,Male
Young,German Shepherd Dog Mix,Male
Senior,Corgi,Male
Young,Terrier,Female
Young,Chihuahua & Miniature Pinscher Mix,Male
Young,American Staffordshire Terrier,Female
Senior,Beagle,Male
Young,Chihuahua Mix,Female
Young,Chihuahua,Male
Young,Chihuahua,Male
Adult,Newfoundland Dog & Labrador Retriever Mix,Male
Puppy,German Shepherd Dog,Female
Senior,Alaskan Malamute & German Shepherd Dog Mix,Male
Young,Corgi & Labrador Retriever Mix,Female
Senior,Chihuahua,Male
Puppy,Labrador Retriever Mix,Male
Adult,Labrador Retriever & Mastiff Mix,Male
Adult,Labrador Retriever,Male
Young,Australian Cattle Dog / Blue Heeler Mix,Male
Puppy,Labrador Retriever & Husky Mix,Male
Adult,Terrier Mix,Male
Young,Mastiff Mix,Male
Young,Chow Chow & Labrador Retriever Mix,Female
Puppy,Pug,Male
Adult,Hound Mix,Female
Young,German Shepherd Dog & Australian Cattle Dog / Blue Heeler Mix,Male
Young,Mastiff Mix,Female
Young,German Shepherd Dog,Male
Puppy,Golden Retriever & Labrador Retriever Mix,Male
Young,Jack Russell Terrier Mix,Male
Adult,Rottweiler & Labrador Retriever Mix,Female
Young,Plott Hound,Male
Senior,Husky,Female
Young,Husky,Male
Young,Irish Wolfhound Mix,Female
Young,American Staffordshire Terrier & Boxer Mix,Male
Senior,Labrador Retriever & Pit Bull Terrier Mix,Female
Puppy,Terrier,Female
Adult,Chihuahua,Female
Young,Jack Russell Terrier & Basenji Mix,Male
Young,Hound Mix,Female
Senior,Shih Tzu Mix,Female
Adult,German Shepherd Dog & Husky Mix,Male
Adult,Pointer & Beagle Mix,Male
Young,Chihuahua & Miniature Pinscher Mix,Male
Young,American Staffordshire Terrier,Female
Senior,Beagle,Male
Young,Chihuahua Mix,Female
Young,Chihuahua,Male
Young,Chihuahua,Male
Adult,Newfoundland Dog & Labrador Retriever Mix,Male
Puppy,German Shepherd Dog,Female
Senior,Alaskan Malamute & German Shepherd Dog Mix,Male
Young,Corgi & Labrador Retriever Mix,Female
Senior,Chihuahua,Male
Puppy,Labrador Retriever Mix,Male
Adult,Labrador Retriever & Mastiff Mix,Male
Adult,Labrador Retriever,Male
Young,Australian Cattle Dog / Blue Heeler Mix,Male
Puppy,Labrador Retriever & Husky Mix,Male
Adult,Terrier Mix,Male
Young,Mastiff Mix,Male
Young,Chow Chow & Labrador Retriever Mix,Female
Puppy,Pug,Male
Adult,Hound Mix,Female
Young,German Shepherd Dog & Australian Cattle Dog / Blue Heeler Mix,Male
Young,Mastiff Mix,Female
Young,German Shepherd Dog,Male
Puppy,Golden Retriever & Labrador Retriever Mix,Male
Young,Jack Russell Terrier Mix,Male
Adult,Rottweiler & Labrador Retriever Mix,Female
Young,Plott Hound,Male
Senior,Husky,Female
Young,Husky,Male
Young,Irish Wolfhound Mix,Female
Young,American Staffordshire Terrier & Boxer Mix,Male
Senior,Labrador Retriever & Pit Bull Terrier Mix,Female
Puppy,Terrier,Female
Adult,Chihuahua,Female
Young,Jack Russell Terrier & Basenji Mix,Male
Young,Hound Mix,Female
Senior,Shih Tzu Mix,Female
Adult,German Shepherd Dog & Husky Mix,Male
Adult,Pointer & Beagle Mix,Male
98,away,miles
98,away,miles
Adult,Mixed Breed,Female
98,away,miles
Puppy,Mixed Breed,Female
Adult,West Highland White Terrier / Westie,Male
98,away,miles
Puppy,Border Collie,Male
Senior,Chihuahua,Male
Puppy,Border Collie,Female
Adult,Husky,Male
Adult,Husky,Female
98,away,miles
98,away,miles
98,away,miles
98,away,miles
98,away,miles
Senior,West Highland White Terrier / Westie,Female
98,away,miles
98,away,miles
98,away,miles
98,away,miles
98,away,miles
98,away,miles
98,away,miles
Puppy,Beagle,Female
98,away,miles
Senior,Chihuahua,Female
Adult,Border Collie,Female
Puppy,Mixed Breed,Female
Puppy,Mixed Breed,Male
Puppy,Mixed Breed,Female
98,away,miles
Puppy,Mixed Breed,Female
98,away,miles
98,away,miles
98,away,miles
Adult,Border Collie,Male
98,away,miles
98,away,miles
Adult,Australian Shepherd Mix,Female
98,away,miles
98,away,miles
Senior,Labrador Retriever,Male
98,away,miles
Adult,Boxer Mix,Male
Senior,Labrador Retriever Mix,Female
Puppy,Irish Wolfhound Mix,Male
98,away,miles
Puppy,Mixed Breed,Male
Puppy,Husky Mix,Female
Adult,Shih Tzu Mix,Male
Senior,Pug Mix,Female
Puppy,Mixed Breed,Male
98,away,miles
Puppy,Mixed Breed,Female
Puppy,Mixed Breed,Female
Puppy,Mixed Breed,Male
Senior,German Shepherd Dog Mix,Female
98,away,miles
Adult,Beagle & Bluetick Coonhound Mix,Male
98,away,miles
98,away,miles
Young,Mixed Breed,Male
Senior,Terrier Mix,Male
Adult,Siberian Husky,Male
98,away,miles
Young,Mixed Breed,Female
98,away,miles
98,away,miles
98,away,miles
98,away,miles
Senior,Mixed Breed,Female
Adult,Mixed Breed,Female
Adult,Hound Mix,Male
Adult,Border Collie & Australian Shepherd Mix,Male
98,away,miles
Adult,Mixed Breed,Male
Young,Boston Terrier,Male
Adult,Mixed Breed,Female
98,away,miles
Senior,Mixed Breed,Male
Senior,Greyhound & Beagle Mix,Male
Senior,Shih Tzu Mix,Male
98,away,miles
Adult,Cairn Terrier Mix,Male
Young,Pug Mix,Male
98,away,miles
Senior,Pug Mix,Female
Young,Terrier Mix,Female
Senior,Cocker Spaniel,Male
Senior,Shih Tzu Mix,Male
Adult,Shih Tzu & Boston Terrier Mix,Male
98,away,miles
Senior,Yorkshire Terrier Mix,Male
Adult,Portuguese Water Dog,Male
98,away,miles
98,away,miles
Adult,Terrier Mix,Female
Puppy,Mixed Breed,Male
Puppy,Mixed Breed,Male
Puppy,Mixed Breed,Male
Puppy,Mixed Breed,Male
Puppy,Mixed Breed,Male
Puppy,Mixed Breed,Male
Puppy,Mixed Breed,Male
Puppy,Mixed Breed,Female
Puppy,Mixed Breed,Male
Puppy,Mixed Breed,Female
Adult,Boxer,Female
Adult,Mixed Breed,Female
Adult,Mixed Breed,Female
Young,Pug Mix,Male
Adult,Boston Terrier,Female
98,away,miles
Young,Chihuahua,Male
98,away,miles
Adult,Mixed Breed,Male
Young,Labrador Retriever Mix,Male
Young,Mixed Breed,Male
Young,Mixed Breed,Female
Young,Poodle & Cocker Spaniel Mix,Female
Adult,Cocker Spaniel & Poodle Mix,Female
Young,Italian Greyhound & Beagle Mix,Male
Adult,Catahoula Leopard Dog Mix,Female
98,away,miles
Adult,Collie & Alaskan Malamute Mix,Male
98,away,miles
Senior,Mixed Breed,Female
98,away,miles
Adult,Mixed Breed,Male
Senior,Border Collie,Female
98,away,miles
98,away,miles
98,away,miles
Adult,Husky & Shepherd Mix,Female
Senior,Mixed Breed,Female
98,away,miles
Adult,Husky & Shepherd Mix,Female
Adult,Husky Mix,Female
Adult,Mixed Breed,Female
Adult,Terrier,Female
Senior,Shih poo Mix,Male
Young,Mixed Breed,Female
98,away,miles
Puppy,Mixed Breed,Female
Puppy,Mixed Breed,Male
Puppy,Mixed Breed,Male
Puppy,Dachshund & German Shepherd Dog Mix,Female
98,away,miles
Adult,Miniature Poodle Mix,Male
Adult,Terrier Mix,Male
Adult,Hound Mix,Male
98,away,miles
Senior,Husky Mix,Male
98,away,miles
98,away,miles
98,away,miles
Adult,Mixed Breed,Male
Adult,Mixed Breed,Female
Young,Mixed Breed,Female
Young,Poodle & Cocker Spaniel Mix,Female
Adult,Cocker Spaniel & Poodle Mix,Female
Young,Italian Greyhound & Beagle Mix,Male
Adult,Catahoula Leopard Dog Mix,Female
98,away,miles
Adult,Collie & Alaskan Malamute Mix,Male
98,away,miles
Senior,Mixed Breed,Female
98,away,miles
Adult,Mixed Breed,Male
Senior,Border Collie,Female
98,away,miles
98,away,miles
98,away,miles
Adult,Husky & Shepherd Mix,Female
Senior,Mixed Breed,Female
98,away,miles
Adult,Husky & Shepherd Mix,Female
Adult,Husky Mix,Female
Adult,Mixed Breed,Female
Adult,Terrier,Female
Senior,Shih poo Mix,Male
Young,Mixed Breed,Female
98,away,miles
Puppy,Mixed Breed,Female
Puppy,Mixed Breed,Male
Puppy,Mixed Breed,Male
Puppy,Dachshund & German Shepherd Dog Mix,Female
98,away,miles
Adult,Miniature Poodle Mix,Male
Adult,Terrier Mix,Male
Adult,Hound Mix,Male
98,away,miles
Senior,Husky Mix,Male
98,away,miles
98,away,miles
98,away,miles
Adult,Mixed Breed,Male
Adult,Mixed Breed,Female
Puppy,Labrador Retriever & Border Collie Mix,Male
Adult,Mixed Breed,Female
Adult,Labrador Retriever Mix,Female
Adult,Poodle & Shih Tzu Mix,Male
Senior,German Shorthaired Pointer,Female
Adult,Mixed Breed,Male
Puppy,Terrier Mix,Female
98,away,miles
Adult,English Bulldog Mix,Female
Senior,Boston Terrier Mix,Female
Senior,Poodle & Terrier Mix,Male
Senior,Labrador Retriever Mix,Male
Adult,Husky Mix,Male
Senior,Mixed Breed,Female
98,away,miles
Adult,Mixed Breed,Male
Young,Mixed Breed,Female
Adult,Mixed Breed,Female
98,away,miles
Adult,Labrador Retriever Mix,Female
Young,Mixed Breed,Male
Senior,Husky Mix,Male
Young,Labrador Retriever,Female
98,away,miles
98,away,miles
98,away,miles
Adult,Chinese Crested Dog,Female
Adult,Chesapeake Bay Retriever & Labrador Retriever Mix,Male
98,away,miles
Young,Jack Russell Terrier Mix,Female
Young,Shepherd & Husky Mix,Male
Young,Husky Mix,Male
Young,Saint Bernard & Boxer Mix,Male
Adult,Border Collie Mix,Male
Adult,Boxer & Labrador Retriever Mix,Male
Senior,Saint Bernard Mix,Male
Puppy,Rottweiler & Labrador Retriever Mix,Female
Adult,Dachshund & Yorkshire Terrier Mix,Male
Adult,Labrador Retriever & Afghan Hound Mix,Female
Young,Terrier Mix,Female
Puppy,Labrador Retriever & Border Collie Mix,Male
Adult,Mixed Breed,Female
Adult,Labrador Retriever Mix,Female
Adult,Poodle & Shih Tzu Mix,Male
Senior,German Shorthaired Pointer,Female
Adult,Mixed Breed,Male
Puppy,Terrier Mix,Female
98,away,miles
Adult,English Bulldog Mix,Female
Senior,Boston Terrier Mix,Female
Senior,Poodle & Terrier Mix,Male
Senior,Labrador Retriever Mix,Male
Adult,Husky Mix,Male
Senior,Mixed Breed,Female
98,away,miles
Adult,Mixed Breed,Male
Young,Mixed Breed,Female
Adult,Mixed Breed,Female
98,away,miles
Adult,Labrador Retriever Mix,Female
Young,Mixed Breed,Male
Senior,Husky Mix,Male
Young,Labrador Retriever,Female
98,away,miles
98,away,miles
98,away,miles
Adult,Chinese Crested Dog,Female
Adult,Chesapeake Bay Retriever & Labrador Retriever Mix,Male
98,away,miles
Young,Jack Russell Terrier Mix,Female
Young,Shepherd & Husky Mix,Male
Young,Husky Mix,Male
Young,Saint Bernard & Boxer Mix,Male
Adult,Border Collie Mix,Male
Adult,Boxer & Labrador Retriever Mix,Male
Senior,Saint Bernard Mix,Male
Puppy,Rottweiler & Labrador Retriever Mix,Female
Adult,Dachshund & Yorkshire Terrier Mix,Male
Adult,Labrador Retriever & Afghan Hound Mix,Female
Young,Terrier Mix,Female
Puppy,Labrador Retriever & Border Collie Mix,Male
Adult,Mixed Breed,Female
Adult,Labrador Retriever Mix,Female
Adult,Poodle & Shih Tzu Mix,Male
Senior,German Shorthaired Pointer,Female
Adult,Mixed Breed,Male
Puppy,Terrier Mix,Female
98,away,miles
Adult,English Bulldog Mix,Female
Senior,Boston Terrier Mix,Female
Senior,Poodle & Terrier Mix,Male
Senior,Labrador Retriever Mix,Male
Adult,Husky Mix,Male
Senior,Mixed Breed,Female
98,away,miles
Adult,Mixed Breed,Male
Young,Mixed Breed,Female
Adult,Mixed Breed,Female
98,away,miles
Adult,Labrador Retriever Mix,Female
Young,Mixed Breed,Male
Senior,Husky Mix,Male
Young,Labrador Retriever,Female
98,away,miles
98,away,miles
98,away,miles
Adult,Chinese Crested Dog,Female
Adult,Chesapeake Bay Retriever & Labrador Retriever Mix,Male
98,away,miles
Young,Jack Russell Terrier Mix,Female
Young,Shepherd & Husky Mix,Male
Young,Husky Mix,Male
Young,Saint Bernard & Boxer Mix,Male
Adult,Border Collie Mix,Male
Adult,Boxer & Labrador Retriever Mix,Male
Senior,Saint Bernard Mix,Male
Puppy,Rottweiler & Labrador Retriever Mix,Female
Adult,Dachshund & Yorkshire Terrier Mix,Male
Adult,Labrador Retriever & Afghan Hound Mix,Female
Young,Terrier Mix,Female
Puppy,Husky & Rottweiler Mix,Male
Puppy,Husky & Rottweiler Mix,Female
Adult,Boxer Mix,Female
Puppy,Rottweiler Mix,Female
Young,Boxer & Collie Mix,Female
Young,Labrador Retriever Mix,Male
Adult,Corgi Mix,Female
Adult,Rottweiler Mix,Male
Young,Labrador Retriever Mix,Male
98,away,miles
Young,Catahoula Leopard Dog & Border Collie Mix,Male
Young,Catahoula Leopard Dog & Australian Cattle Dog / Blue Heeler Mix,Female
Adult,Catahoula Leopard Dog & Australian Shepherd Mix,Female
98,away,miles
Young,Golden Retriever Mix,Male
Adult,Dachshund Mix,Male
Senior,Yorkshire Terrier Mix,Male
Adult,Labrador Retriever & Black Labrador Retriever Mix,Female
Adult,Great Pyrenees,Male
Puppy,Labrador Retriever & Basset Hound Mix,Female
Senior,Hound & Labrador Retriever Mix,Male
Puppy,Chow Chow Mix,Male
Puppy,Black Labrador Retriever Mix,Male
Puppy,American Bulldog & Labrador Retriever Mix,Male
Adult,Beagle Mix,Male
Young,Chihuahua Mix,Male
Young,Hound & Rhodesian Ridgeback Mix,Female
Young,Hound Mix,Male
